-- phpMyAdmin SQL Dump
-- version 5.2.1
-- https://www.phpmyadmin.net/
--
-- Máy chủ: 127.0.0.1
-- Thời gian đã tạo: Th6 26, 2026 lúc 04:04 PM
-- Phiên bản máy phục vụ: 10.4.32-MariaDB
-- Phiên bản PHP: 8.0.30

SET SQL_MODE = "NO_AUTO_VALUE_ON_ZERO";
START TRANSACTION;
SET time_zone = "+00:00";


/*!40101 SET @OLD_CHARACTER_SET_CLIENT=@@CHARACTER_SET_CLIENT */;
/*!40101 SET @OLD_CHARACTER_SET_RESULTS=@@CHARACTER_SET_RESULTS */;
/*!40101 SET @OLD_COLLATION_CONNECTION=@@COLLATION_CONNECTION */;
/*!40101 SET NAMES utf8mb4 */;

--
-- Cơ sở dữ liệu: `quanlynhansu`
--

DELIMITER $$
--
-- Thủ tục

CREATE DEFINER=`root`@`localhost` PROCEDURE `Tao50BaoHiem` ()   BEGIN
    DECLARE i INT DEFAULT 1;
    DECLARE v_tien_bh DECIMAL(15,2);
    
    WHILE i <= 50 DO

        SET v_tien_bh = 500000;

        INSERT IGNORE INTO `baohiem` 
        (`MaBH`, `MaNV`, `LoaiBaoHiem`, `MaSoBH`, `NgayThamGia`, `NoiCap`, `NhanVienDong`, `CongTyDong`, `TrangThai`) 
        VALUES 
        (i, i, 'Bảo hiểm xã hội', CONCAT('BH', 1000 + i), '2026-01-01', 'Hà Nội', v_tien_bh, v_tien_bh * 2, 'Đang đóng');
        
        SET i = i + 1;
    END WHILE;
END$$

CREATE DEFINER=`root`@`localhost` PROCEDURE `Tao50BaoHiemChuan` ()   BEGIN
    DECLARE i INT DEFAULT 1;
    DECLARE v_tien_bh DECIMAL(15,2);
    
    WHILE i <= 50 DO
        -- Giả định mỗi nhân viên đóng 500,000đ (Sẽ được trừ vào tổng lương trong PHP)
        SET v_tien_bh = 500000;

        INSERT IGNORE INTO `baohiem` 
        (`MaBH`, `MaNV`, `LoaiBaoHiem`, `NgayThamGia`, `NoiCap`, `NhanVienDong`, `CongTyDong`, `TrangThai`) 
        VALUES 
        (i, i, 'Bảo hiểm xã hội', '2026-01-01', 'Hà Nội', v_tien_bh, v_tien_bh * 2, 'Đang đóng');
        
        SET i = i + 1;
    END WHILE;
END$$

CREATE DEFINER=`root`@`localhost` PROCEDURE `Tao50HopDong` ()   BEGIN
    DECLARE i INT DEFAULT 1;
    DECLARE v_ma_bac INT;
    DECLARE v_loai_hd VARCHAR(50);
    

    WHILE i <= 50 DO
        
        SET v_ma_bac = FLOOR(1 + RAND() * 5);
        
       
        IF i % 3 = 0 THEN SET v_loai_hd = 'Hợp đồng thời hạn 1 năm';
        ELSEIF i % 5 = 0 THEN SET v_loai_hd = 'Hợp đồng thử việc';
        ELSE SET v_loai_hd = 'Hợp đồng vô thời hạn';
        END IF;

        INSERT IGNORE INTO `hopdong` 
        (`MaHopDong`, `MaNV`, `LoaiHopDong`, `NgayBatDau`, `NgayKetThuc`, `NoiDung`, `MaBac`, `TrangThai`) 
        VALUES 
        (i, i, v_loai_hd, '2026-01-01', '2029-01-01', 'Hợp đồng lao động tiêu chuẩn', v_ma_bac, 'Đang hiệu lực');
        
        SET i = i + 1;
    END WHILE;
END$$

CREATE DEFINER=`root`@`localhost` PROCEDURE `Tao50HopDongSuaLoi` ()   BEGIN
    DECLARE i INT DEFAULT 1;
    DECLARE v_ma_bac INT;
    DECLARE v_loai_hd VARCHAR(50);
    
    WHILE i <= 50 DO

        IF i % 3 = 0 THEN 
            SET v_loai_hd = 'Hợp đồng 1 năm';
        ELSEIF i % 5 = 0 THEN 
            SET v_loai_hd = 'Hợp đồng thử việc';
        ELSE 
            SET v_loai_hd = 'Hợp đồng vô thời hạn';
        END IF;

     
        INSERT IGNORE INTO `hopdong` 
        (`MaHopDong`, `MaNV`, `LoaiHopDong`, `NgayBatDau`, `NgayKetThuc`, `MaBac`, `TrangThai`) 
        VALUES 
        (i, i, v_loai_hd, '2026-01-01', '2029-01-01', v_ma_bac, 'Đang hiệu lực');
        
        SET i = i + 1;
    END WHILE;
END$$

CREATE DEFINER=`root`@`localhost` PROCEDURE `TaoChamCongThang3` (IN `pMaNV` INT)   BEGIN
    DECLARE d DATE;
    SET d = '2026-03-01';

    WHILE d <= '2026-03-30' DO

        INSERT INTO chamcong
        (
            MaNV,
            NgayLamViec,
            GioVao,
            GioRa,
            SoGioLam,
            TrangThai,
            DiMuon,
            VeSom,
            TangCa
        )
        VALUES
        (
            pMaNV,
            d,
            '08:30:00',
            '17:30:00',
            9.0,
            'Đi làm',
            30,
            0,
            0.5
        );

        SET d = DATE_ADD(d, INTERVAL 1 DAY);

    END WHILE;
END$$

CREATE DEFINER=`root`@`localhost` PROCEDURE `TaoDuLieuThuongPhat` ()   BEGIN
    DECLARE i INT DEFAULT 1;
    DECLARE v_ma_loai INT;
    DECLARE v_so_tien DECIMAL(15,2);
    DECLARE v_noidung TEXT;

    -- 1. Đảm bảo có ít nhất 2 loại trong bảng loaikhenthuongkyluat
    -- Giả sử MaLoai 1 là Khen thưởng, MaLoai 2 là Kỷ luật
    INSERT IGNORE INTO `loaikhenthuongkyluat` (`MaLoai`, `TenLoai`, `Loai`) VALUES 
    (1, 'Thưởng hiệu quả công việc', 'Khen thưởng'),
    (2, 'Vi phạm nội quy', 'Kỷ luật');

    -- 2. Vòng lặp gán cho 50 nhân viên trong tháng 03/2026
    WHILE i <= 50 DO
        -- Nhân viên số lẻ thì được thưởng, số chẵn thì bị phạt để test dữ liệu
        IF i % 2 != 0 THEN
            SET v_ma_loai = 1; -- Khen thưởng
            SET v_so_tien = 500000; -- Thưởng 500k
            SET v_noidung = 'Hoàn thành tốt công việc tháng 3';
        ELSE
            SET v_ma_loai = 2; -- Kỷ luật
            SET v_so_tien = 200000; -- Phạt 200k
            SET v_noidung = 'Đi muộn nhiều lần';
        END IF;

        -- Chèn vào bảng khenthuongkyluat
        -- Lưu ý: Cột ngày phải trong tháng 3/2026 để hàm PHP của bạn lọc được
        INSERT INTO `khenthuongkyluat` 
        (`MaKTKL`, `MaNV`, `MaLoai`, `NgayQuyetDinh`, `NoiDung`, `SoTien`) 
        VALUES 
        (i, i, v_ma_loai, '2026-03-25', v_noidung, v_so_tien);
        
        SET i = i + 1;
    END WHILE;
END$$

DELIMITER ;

-- --------------------------------------------------------

--
-- Cấu trúc bảng cho bảng `bacluong`
--

CREATE TABLE `bacluong` (
  `MaBac` int(11) NOT NULL,
  `MaNgach` int(11) NOT NULL,
  `TenBac` varchar(50) DEFAULT NULL,
  `HeSoLuong` decimal(4,2) NOT NULL,
  `LuongCoSo` decimal(15,2) NOT NULL
) ENGINE=InnoDB DEFAULT CHARSET=utf8mb4 COLLATE=utf8mb4_general_ci;

--
-- Đang đổ dữ liệu cho bảng `bacluong`
--

INSERT INTO `bacluong` (`MaBac`, `MaNgach`, `TenBac`, `HeSoLuong`, `LuongCoSo`) VALUES
(8, 1, 'Bậc 1', 8.00, 5310000.00),
(9, 1, 'Bậc 2', 9.50, 5310000.00),
(10, 1, 'Bậc 3', 11.00, 5310000.00),
(11, 2, 'Bậc 1', 5.50, 5310000.00),
(12, 2, 'Bậc 2', 6.20, 5310000.00),
(13, 2, 'Bậc 3', 7.00, 5310000.00),
(14, 3, 'Bậc 1', 3.80, 5310000.00),
(15, 3, 'Bậc 2', 4.20, 5310000.00),
(16, 3, 'Bậc 3', 4.50, 5310000.00),
(17, 4, 'Bậc 1', 3.00, 5310000.00),
(18, 4, 'Bậc 2', 3.40, 5310000.00),
(19, 4, 'Bậc 3', 3.70, 5310000.00),
(20, 5, 'Bậc 1', 2.40, 5310000.00),
(21, 5, 'Bậc 2', 2.50, 5310000.00),
(22, 5, 'Bậc 3', 2.90, 5310000.00),
(23, 6, 'Bậc 1', 1.80, 5310000.00),
(24, 6, 'Bậc 2', 2.10, 5310000.00),
(25, 6, 'Bậc 3', 2.30, 5310000.00),
(26, 7, 'Bậc 1', 1.60, 5310000.00);

-- --------------------------------------------------------

--
-- Cấu trúc bảng cho bảng `bangluong`
--

CREATE TABLE `bangluong` (
  `MaBL` int(11) NOT NULL,
  `MaNV` int(11) NOT NULL,
  `Thang` int(11) NOT NULL,
  `Nam` int(11) NOT NULL,
  `LuongCoSo` decimal(15,2) DEFAULT NULL,
  `HeSoLuong` decimal(4,2) DEFAULT NULL,
  `HeSoChucVu` decimal(3,2) DEFAULT NULL,
  `PhuCap` decimal(15,2) DEFAULT NULL,
  `Thuong` decimal(15,2) DEFAULT 0.00,
  `Phat` decimal(15,2) DEFAULT 0.00,
  `BaoHiem` decimal(15,2) DEFAULT 0.00,
  `TongLuong` decimal(15,2) DEFAULT NULL,
  `TrangThai` varchar(20) NOT NULL DEFAULT 'Chưa chốt',
  `NgayTinh` date DEFAULT NULL
) ENGINE=InnoDB DEFAULT CHARSET=utf8mb4 COLLATE=utf8mb4_general_ci;

--
-- Đang đổ dữ liệu cho bảng `bangluong`
--

INSERT INTO `bangluong` (`MaBL`, `MaNV`, `Thang`, `Nam`, `LuongCoSo`, `HeSoLuong`, `HeSoChucVu`, `PhuCap`, `Thuong`, `Phat`, `BaoHiem`, `TongLuong`, `TrangThai`, `NgayTinh`) VALUES
(1, 2, 3, 2026, 5310000.00, 4.50, 0.10, 300000.00, 0.00, 200000.00, 500000.00, 28778350.48, 'Chưa chốt', '2026-04-22'),
(2, 5, 3, 2026, 5310000.00, 4.50, 1.00, 5000000.00, 0.00, 500000.00, 500000.00, 34177578.73, 'Chưa chốt', '2026-04-22'),
(3, 13, 3, 2026, 5310000.00, 4.20, 1.00, 5000000.00, 0.00, 500000.00, 500000.00, 32139771.39, 'Chưa chốt', '2026-04-22'),
(4, 18, 3, 2026, 5310000.00, 3.00, 0.40, 1000000.00, 0.00, 200000.00, 500000.00, 19760881.73, 'Đã chốt', '2026-04-22'),
(5, 22, 3, 2026, 5310000.00, 3.40, 0.25, 700000.00, 0.00, 200000.00, 500000.00, 22070782.21, 'Chưa chốt', '2026-04-22'),
(6, 25, 3, 2026, 5310000.00, 3.70, 0.10, 250000.00, 0.00, 500000.00, 500000.00, 23065325.84, 'Chưa chốt', '2026-04-22'),
(7, 29, 3, 2026, 5310000.00, 2.40, 0.60, 1500000.00, 0.00, 500000.00, 500000.00, 16438627.88, 'Chưa chốt', '2026-04-22'),
(8, 32, 3, 2026, 5310000.00, 2.10, 1.00, 5000000.00, 0.00, 200000.00, 500000.00, 19076821.85, 'Chưa chốt', '2026-04-22'),
(9, 37, 3, 2026, 5310000.00, 2.30, 0.10, 300000.00, 0.00, 500000.00, 500000.00, 14165996.63, 'Chưa chốt', '2026-04-22'),
(10, 40, 3, 2026, 5310000.00, 4.20, 1.00, 5000000.00, 0.00, 200000.00, 500000.00, 32573656.20, 'Chưa chốt', '2026-04-22'),
(11, 44, 3, 2026, 5310000.00, 3.80, 0.10, 250000.00, 0.00, 200000.00, 500000.00, 24056182.50, 'Chưa chốt', '2026-04-22'),
(12, 47, 3, 2026, 5310000.00, 3.00, 0.60, 1500000.00, 0.00, 500000.00, 500000.00, 20229823.80, 'Chưa chốt', '2026-04-22'),
(37, 1, 3, 2026, 5310000.00, 1.00, 1.00, 0.00, 0.00, 500000.00, 500000.00, 5489432.69, 'Chưa chốt', '2026-04-22'),
(39, 4, 3, 2026, 5310000.00, 1.00, 1.00, 0.00, 0.00, 200000.00, 500000.00, 5766456.73, 'Chưa chốt', '2026-04-22'),
(41, 6, 3, 2026, 5310000.00, 1.00, 1.00, 0.00, 0.00, 200000.00, 500000.00, 5693699.52, 'Chưa chốt', '2026-04-22'),
(42, 7, 3, 2026, 5310000.00, 1.00, 1.00, 0.00, 0.00, 500000.00, 500000.00, 5520833.17, 'Chưa chốt', '2026-04-22'),
(43, 8, 3, 2026, 5310000.00, 1.00, 1.00, 0.00, 0.00, 200000.00, 500000.00, 5748458.89, 'Chưa chốt', '2026-04-22'),
(44, 10, 3, 2026, 5310000.00, 1.00, 1.00, 0.00, 0.00, 200000.00, 500000.00, 5794027.88, 'Chưa chốt', '2026-04-22'),
(45, 11, 3, 2026, 5310000.00, 1.00, 1.00, 0.00, 0.00, 500000.00, 500000.00, 5484454.57, 'Chưa chốt', '2026-04-22'),
(46, 12, 3, 2026, 5310000.00, 1.00, 1.00, 0.00, 0.00, 200000.00, 500000.00, 5723185.34, 'Chưa chốt', '2026-04-22'),
(48, 15, 3, 2026, 5310000.00, 1.00, 1.00, 0.00, 0.00, 500000.00, 500000.00, 5391784.86, 'Chưa chốt', '2026-04-22'),
(49, 16, 3, 2026, 5310000.00, 1.00, 1.00, 0.00, 0.00, 200000.00, 500000.00, 5744629.57, 'Chưa chốt', '2026-04-22'),
(50, 17, 3, 2026, 5310000.00, 1.00, 1.00, 0.00, 0.00, 500000.00, 500000.00, 5504750.00, 'Chưa chốt', '2026-04-22'),
(52, 19, 3, 2026, 5310000.00, 1.00, 1.00, 0.00, 0.00, 500000.00, 500000.00, 5449224.76, 'Chưa chốt', '2026-04-22'),
(53, 21, 3, 2026, 5310000.00, 1.00, 1.00, 0.00, 0.00, 500000.00, 500000.00, 5495942.55, 'Chưa chốt', '2026-04-22'),
(55, 23, 3, 2026, 5310000.00, 1.00, 1.00, 0.00, 0.00, 500000.00, 500000.00, 5507813.46, 'Chưa chốt', '2026-04-22'),
(56, 24, 3, 2026, 5310000.00, 1.00, 1.00, 0.00, 0.00, 200000.00, 500000.00, 5841128.61, 'Chưa chốt', '2026-04-22'),
(58, 26, 3, 2026, 5310000.00, 1.00, 1.00, 0.00, 0.00, 200000.00, 500000.00, 5757649.28, 'Chưa chốt', '2026-04-22'),
(59, 27, 3, 2026, 5310000.00, 1.00, 1.00, 0.00, 0.00, 500000.00, 500000.00, 5456883.41, 'Chưa chốt', '2026-04-22'),
(61, 30, 3, 2026, 5310000.00, 1.00, 1.00, 0.00, 0.00, 200000.00, 500000.00, 5745395.43, 'Chưa chốt', '2026-04-22'),
(62, 31, 3, 2026, 5310000.00, 1.00, 1.00, 0.00, 0.00, 500000.00, 500000.00, 5536533.41, 'Chưa chốt', '2026-04-22'),
(64, 33, 3, 2026, 5310000.00, 1.00, 1.00, 0.00, 0.00, 500000.00, 500000.00, 5495176.68, 'Chưa chốt', '2026-04-22'),
(65, 34, 3, 2026, 5310000.00, 1.00, 1.00, 0.00, 0.00, 200000.00, 500000.00, 5807430.53, 'Chưa chốt', '2026-04-22'),
(66, 36, 3, 2026, 5310000.00, 1.00, 1.00, 0.00, 0.00, 200000.00, 500000.00, 5788666.83, 'Chưa chốt', '2026-04-22'),
(68, 38, 3, 2026, 5310000.00, 1.00, 1.00, 0.00, 0.00, 200000.00, 500000.00, 5735056.25, 'Chưa chốt', '2026-04-22'),
(69, 39, 3, 2026, 5310000.00, 1.00, 1.00, 0.00, 0.00, 500000.00, 500000.00, 5454202.88, 'Chưa chốt', '2026-04-22'),
(71, 42, 3, 2026, 5310000.00, 1.00, 1.00, 0.00, 0.00, 200000.00, 500000.00, 5758032.21, 'Chưa chốt', '2026-04-22'),
(72, 43, 3, 2026, 5310000.00, 1.00, 1.00, 0.00, 0.00, 500000.00, 500000.00, 5474881.25, 'Chưa chốt', '2026-04-22'),
(74, 45, 3, 2026, 5310000.00, 1.00, 1.00, 0.00, 0.00, 500000.00, 500000.00, 5516237.98, 'Chưa chốt', '2026-04-22'),
(75, 46, 3, 2026, 5310000.00, 1.00, 1.00, 0.00, 0.00, 200000.00, 500000.00, 5781008.17, 'Chưa chốt', '2026-04-22'),
(77, 49, 3, 2026, 5310000.00, 1.00, 1.00, 5000000.00, 0.00, 500000.00, 500000.00, 9310000.00, 'Chưa chốt', '2026-05-06'),
(78, 50, 3, 2026, 5310000.00, 1.00, 1.00, 0.00, 0.00, 200000.00, 500000.00, 5744246.63, 'Chưa chốt', '2026-04-22'),
(121, 919134, 3, 2026, 5310000.00, 1.00, 1.00, 0.00, 0.00, 0.00, 0.00, 0.00, 'Chưa chốt', '2026-04-22'),
(165, 1, 4, 2026, 5310000.00, 1.00, 1.00, 0.00, 0.00, 0.00, 500000.00, -500000.00, 'Đã chốt', '2026-04-27'),
(166, 2, 4, 2026, 5310000.00, 4.50, 0.10, 300000.00, 0.00, 0.00, 500000.00, -500000.00, 'Chưa chốt', '2026-04-27'),
(167, 4, 4, 2026, 5310000.00, 1.00, 1.00, 0.00, 0.00, 0.00, 500000.00, -500000.00, 'Chưa chốt', '2026-04-27'),
(168, 5, 4, 2026, 5310000.00, 4.50, 1.00, 5000000.00, 0.00, 0.00, 500000.00, -500000.00, 'Chưa chốt', '2026-04-27'),
(169, 6, 4, 2026, 5310000.00, 1.00, 1.00, 0.00, 0.00, 0.00, 500000.00, 5805625.00, 'Chưa chốt', '2026-04-27'),
(170, 7, 4, 2026, 5310000.00, 1.00, 1.00, 0.00, 0.00, 0.00, 500000.00, -500000.00, 'Chưa chốt', '2026-04-27'),
(171, 8, 4, 2026, 5310000.00, 1.00, 1.00, 0.00, 0.00, 0.00, 500000.00, -500000.00, 'Chưa chốt', '2026-04-27'),
(172, 10, 4, 2026, 5310000.00, 1.00, 1.00, 0.00, 0.00, 0.00, 500000.00, -500000.00, 'Chưa chốt', '2026-04-27'),
(173, 11, 4, 2026, 5310000.00, 1.00, 1.00, 0.00, 0.00, 0.00, 500000.00, -500000.00, 'Chưa chốt', '2026-04-27'),
(174, 12, 4, 2026, 5310000.00, 1.00, 1.00, 0.00, 0.00, 0.00, 500000.00, -500000.00, 'Chưa chốt', '2026-04-27'),
(175, 13, 4, 2026, 5310000.00, 4.20, 1.00, 5000000.00, 0.00, 0.00, 500000.00, -500000.00, 'Chưa chốt', '2026-04-27'),
(176, 15, 4, 2026, 5310000.00, 1.00, 1.00, 0.00, 0.00, 0.00, 500000.00, -500000.00, 'Chưa chốt', '2026-04-27'),
(177, 16, 4, 2026, 5310000.00, 1.00, 1.00, 0.00, 0.00, 0.00, 500000.00, -500000.00, 'Chưa chốt', '2026-04-27'),
(178, 17, 4, 2026, 5310000.00, 1.00, 1.00, 0.00, 0.00, 0.00, 500000.00, -500000.00, 'Chưa chốt', '2026-04-27'),
(179, 18, 4, 2026, 5310000.00, 3.00, 0.40, 1000000.00, 0.00, 0.00, 500000.00, -500000.00, 'Chưa chốt', '2026-04-27'),
(180, 19, 4, 2026, 5310000.00, 1.00, 1.00, 0.00, 0.00, 0.00, 500000.00, -500000.00, 'Chưa chốt', '2026-04-27'),
(181, 21, 4, 2026, 5310000.00, 1.00, 1.00, 0.00, 0.00, 0.00, 500000.00, -500000.00, 'Chưa chốt', '2026-04-27'),
(182, 22, 4, 2026, 5310000.00, 3.40, 0.25, 700000.00, 0.00, 0.00, 500000.00, -500000.00, 'Chưa chốt', '2026-04-27'),
(183, 23, 4, 2026, 5310000.00, 1.00, 1.00, 0.00, 0.00, 0.00, 500000.00, -500000.00, 'Chưa chốt', '2026-04-27'),
(184, 24, 4, 2026, 5310000.00, 1.00, 1.00, 0.00, 0.00, 0.00, 500000.00, -500000.00, 'Chưa chốt', '2026-04-27'),
(185, 25, 4, 2026, 5310000.00, 3.70, 0.10, 250000.00, 0.00, 0.00, 500000.00, -500000.00, 'Chưa chốt', '2026-04-27'),
(186, 26, 4, 2026, 5310000.00, 1.00, 1.00, 0.00, 0.00, 0.00, 500000.00, -500000.00, 'Chưa chốt', '2026-04-27'),
(187, 27, 4, 2026, 5310000.00, 1.00, 1.00, 0.00, 0.00, 0.00, 500000.00, -500000.00, 'Chưa chốt', '2026-04-27'),
(188, 29, 4, 2026, 5310000.00, 2.40, 0.60, 1500000.00, 1000000.00, 0.00, 500000.00, 500000.00, 'Chưa chốt', '2026-04-27'),
(189, 30, 4, 2026, 5310000.00, 1.00, 1.00, 0.00, 0.00, 0.00, 500000.00, -500000.00, 'Chưa chốt', '2026-04-27'),
(190, 31, 4, 2026, 5310000.00, 1.00, 1.00, 0.00, 0.00, 0.00, 500000.00, -500000.00, 'Chưa chốt', '2026-04-27'),
(191, 32, 4, 2026, 5310000.00, 2.10, 1.00, 5000000.00, 0.00, 0.00, 500000.00, -500000.00, 'Chưa chốt', '2026-04-27'),
(192, 33, 4, 2026, 5310000.00, 1.00, 1.00, 0.00, 0.00, 0.00, 500000.00, -500000.00, 'Chưa chốt', '2026-04-27'),
(193, 34, 4, 2026, 5310000.00, 1.00, 1.00, 0.00, 0.00, 0.00, 500000.00, -500000.00, 'Chưa chốt', '2026-04-27'),
(194, 36, 4, 2026, 5310000.00, 1.00, 1.00, 0.00, 0.00, 0.00, 500000.00, -500000.00, 'Chưa chốt', '2026-04-27'),
(195, 37, 4, 2026, 5310000.00, 2.30, 0.10, 300000.00, 0.00, 0.00, 500000.00, -500000.00, 'Chưa chốt', '2026-04-27'),
(196, 38, 4, 2026, 5310000.00, 1.00, 1.00, 0.00, 0.00, 0.00, 500000.00, -500000.00, 'Chưa chốt', '2026-04-27'),
(197, 39, 4, 2026, 5310000.00, 1.00, 1.00, 0.00, 0.00, 0.00, 500000.00, -500000.00, 'Chưa chốt', '2026-04-27'),
(198, 40, 4, 2026, 5310000.00, 4.20, 1.00, 5000000.00, 0.00, 0.00, 500000.00, -500000.00, 'Chưa chốt', '2026-04-27'),
(199, 42, 4, 2026, 5310000.00, 1.00, 1.00, 0.00, 0.00, 0.00, 500000.00, -500000.00, 'Chưa chốt', '2026-04-27'),
(200, 43, 4, 2026, 5310000.00, 1.00, 1.00, 0.00, 0.00, 0.00, 500000.00, -500000.00, 'Chưa chốt', '2026-04-27'),
(201, 44, 4, 2026, 5310000.00, 3.80, 0.10, 250000.00, 0.00, 0.00, 500000.00, -500000.00, 'Chưa chốt', '2026-04-27'),
(202, 45, 4, 2026, 5310000.00, 1.00, 1.00, 0.00, 0.00, 0.00, 500000.00, -500000.00, 'Chưa chốt', '2026-04-27'),
(203, 46, 4, 2026, 5310000.00, 1.00, 1.00, 0.00, 0.00, 0.00, 500000.00, -500000.00, 'Chưa chốt', '2026-04-27'),
(204, 47, 4, 2026, 5310000.00, 3.00, 0.60, 1500000.00, 0.00, 0.00, 500000.00, -500000.00, 'Chưa chốt', '2026-04-27'),
(205, 49, 4, 2026, 5310000.00, 1.00, 1.00, 0.00, 0.00, 0.00, 500000.00, -500000.00, 'Chưa chốt', '2026-04-27'),
(206, 50, 4, 2026, 5310000.00, 1.00, 1.00, 0.00, 0.00, 0.00, 500000.00, -500000.00, 'Chưa chốt', '2026-04-27'),
(207, 919134, 4, 2026, 5310000.00, 1.00, 1.00, 0.00, 0.00, 0.00, 0.00, 0.00, 'Chưa chốt', '2026-04-27');

-- --------------------------------------------------------

--
-- Cấu trúc bảng cho bảng `baocao`
--

CREATE TABLE `baocao` (
  `MaBC` int(11) NOT NULL,
  `TenBaoCao` varchar(200) NOT NULL,
  `LoaiBaoCao` enum('Nhân sự','Chấm công','Nghỉ phép','Hợp đồng','Lương') NOT NULL,
  `TuNgay` date DEFAULT NULL,
  `DenNgay` date DEFAULT NULL,
  `ThoiDiemTao` datetime DEFAULT current_timestamp(),
  `NguoiTao` varchar(100) DEFAULT NULL,
  `GhiChu` text DEFAULT NULL
) ENGINE=InnoDB DEFAULT CHARSET=utf8mb4 COLLATE=utf8mb4_general_ci;

--
-- Đang đổ dữ liệu cho bảng `baocao`
--

INSERT INTO `baocao` (`MaBC`, `TenBaoCao`, `LoaiBaoCao`, `TuNgay`, `DenNgay`, `ThoiDiemTao`, `NguoiTao`, `GhiChu`) VALUES
(1, 'HHHH', 'Nhân sự', '2020-09-20', '2021-09-20', '2026-05-05 21:45:37', 'tiendat', NULL);

-- --------------------------------------------------------

--
-- Cấu trúc bảng cho bảng `baohiem`
--

CREATE TABLE `baohiem` (
  `MaBH` int(11) NOT NULL,
  `MaNV` int(11) NOT NULL,
  `SoBHXH` varchar(50) DEFAULT NULL,
  `LoaiBaoHiem` enum('BHXH','BHYT','BHTN') NOT NULL,
  `NgayThamGia` date DEFAULT NULL,
  `MucDong` decimal(12,2) DEFAULT 0.00,
  `CongTyDong` decimal(12,2) DEFAULT 0.00,
  `NhanVienDong` decimal(12,2) DEFAULT 0.00,
  `TrangThai` enum('Đang đóng','Đã dừng') DEFAULT 'Đang đóng',
  `created_at` timestamp NOT NULL DEFAULT current_timestamp()
) ENGINE=InnoDB DEFAULT CHARSET=utf8mb4 COLLATE=utf8mb4_general_ci;

--
-- Đang đổ dữ liệu cho bảng `baohiem`
--

INSERT INTO `baohiem` (`MaBH`, `MaNV`, `SoBHXH`, `LoaiBaoHiem`, `NgayThamGia`, `MucDong`, `CongTyDong`, `NhanVienDong`, `TrangThai`, `created_at`) VALUES
(1, 1, NULL, 'BHXH', '2026-01-01', 11000000.00, 1000000.00, 500000.00, 'Đang đóng', '2026-03-28 02:26:57'),
(2, 2, NULL, '', '2026-01-01', 0.00, 1000000.00, 500000.00, 'Đang đóng', '2026-03-28 02:26:57'),
(3, 3, NULL, '', '2026-01-01', 0.00, 1000000.00, 500000.00, 'Đang đóng', '2026-03-28 02:26:57'),
(4, 4, NULL, '', '2026-01-01', 0.00, 1000000.00, 500000.00, 'Đang đóng', '2026-03-28 02:26:57'),
(5, 5, NULL, '', '2026-01-01', 0.00, 1000000.00, 500000.00, 'Đang đóng', '2026-03-28 02:26:57'),
(6, 6, NULL, '', '2026-01-01', 0.00, 1000000.00, 500000.00, 'Đang đóng', '2026-03-28 02:26:57'),
(7, 7, NULL, '', '2026-01-01', 0.00, 1000000.00, 500000.00, 'Đang đóng', '2026-03-28 02:26:57'),
(8, 8, NULL, '', '2026-01-01', 0.00, 1000000.00, 500000.00, 'Đang đóng', '2026-03-28 02:26:57'),
(9, 9, NULL, '', '2026-01-01', 0.00, 1000000.00, 500000.00, 'Đang đóng', '2026-03-28 02:26:57'),
(10, 10, NULL, '', '2026-01-01', 0.00, 1000000.00, 500000.00, 'Đang đóng', '2026-03-28 02:26:57'),
(11, 11, NULL, '', '2026-01-01', 0.00, 1000000.00, 500000.00, 'Đang đóng', '2026-03-28 02:26:57'),
(12, 12, NULL, '', '2026-01-01', 0.00, 1000000.00, 500000.00, 'Đang đóng', '2026-03-28 02:26:57'),
(13, 13, NULL, '', '2026-01-01', 0.00, 1000000.00, 500000.00, 'Đang đóng', '2026-03-28 02:26:57'),
(14, 14, NULL, '', '2026-01-01', 0.00, 1000000.00, 500000.00, 'Đang đóng', '2026-03-28 02:26:57'),
(15, 15, NULL, '', '2026-01-01', 0.00, 1000000.00, 500000.00, 'Đang đóng', '2026-03-28 02:26:57'),
(16, 16, NULL, '', '2026-01-01', 0.00, 1000000.00, 500000.00, 'Đang đóng', '2026-03-28 02:26:57'),
(17, 17, NULL, '', '2026-01-01', 0.00, 1000000.00, 500000.00, 'Đang đóng', '2026-03-28 02:26:57'),
(18, 18, NULL, '', '2026-01-01', 0.00, 1000000.00, 500000.00, 'Đang đóng', '2026-03-28 02:26:57'),
(19, 19, NULL, '', '2026-01-01', 0.00, 1000000.00, 500000.00, 'Đang đóng', '2026-03-28 02:26:58'),
(20, 20, NULL, '', '2026-01-01', 0.00, 1000000.00, 500000.00, 'Đang đóng', '2026-03-28 02:26:58'),
(21, 21, NULL, '', '2026-01-01', 0.00, 1000000.00, 500000.00, 'Đang đóng', '2026-03-28 02:26:58'),
(22, 22, NULL, '', '2026-01-01', 0.00, 1000000.00, 500000.00, 'Đang đóng', '2026-03-28 02:26:58'),
(23, 23, NULL, '', '2026-01-01', 0.00, 1000000.00, 500000.00, 'Đang đóng', '2026-03-28 02:26:58'),
(24, 24, NULL, '', '2026-01-01', 0.00, 1000000.00, 500000.00, 'Đang đóng', '2026-03-28 02:26:58'),
(25, 25, NULL, '', '2026-01-01', 0.00, 1000000.00, 500000.00, 'Đang đóng', '2026-03-28 02:26:58'),
(26, 26, NULL, '', '2026-01-01', 0.00, 1000000.00, 500000.00, 'Đang đóng', '2026-03-28 02:26:58'),
(27, 27, NULL, '', '2026-01-01', 0.00, 1000000.00, 500000.00, 'Đang đóng', '2026-03-28 02:26:58'),
(28, 28, NULL, '', '2026-01-01', 0.00, 1000000.00, 500000.00, 'Đang đóng', '2026-03-28 02:26:58'),
(29, 29, NULL, '', '2026-01-01', 0.00, 1000000.00, 500000.00, 'Đang đóng', '2026-03-28 02:26:58'),
(30, 30, NULL, '', '2026-01-01', 0.00, 1000000.00, 500000.00, 'Đang đóng', '2026-03-28 02:26:58'),
(31, 31, NULL, '', '2026-01-01', 0.00, 1000000.00, 500000.00, 'Đang đóng', '2026-03-28 02:26:58'),
(32, 32, NULL, '', '2026-01-01', 0.00, 1000000.00, 500000.00, 'Đang đóng', '2026-03-28 02:26:58'),
(33, 33, NULL, '', '2026-01-01', 0.00, 1000000.00, 500000.00, 'Đang đóng', '2026-03-28 02:26:58'),
(34, 34, NULL, '', '2026-01-01', 0.00, 1000000.00, 500000.00, 'Đang đóng', '2026-03-28 02:26:58'),
(35, 35, NULL, '', '2026-01-01', 0.00, 1000000.00, 500000.00, 'Đang đóng', '2026-03-28 02:26:58'),
(36, 36, NULL, '', '2026-01-01', 0.00, 1000000.00, 500000.00, 'Đang đóng', '2026-03-28 02:26:58'),
(37, 37, NULL, '', '2026-01-01', 0.00, 1000000.00, 500000.00, 'Đang đóng', '2026-03-28 02:26:58'),
(38, 38, NULL, '', '2026-01-01', 0.00, 1000000.00, 500000.00, 'Đang đóng', '2026-03-28 02:26:58'),
(39, 39, NULL, '', '2026-01-01', 0.00, 1000000.00, 500000.00, 'Đang đóng', '2026-03-28 02:26:58'),
(40, 40, NULL, '', '2026-01-01', 0.00, 1000000.00, 500000.00, 'Đang đóng', '2026-03-28 02:26:58'),
(41, 41, NULL, '', '2026-01-01', 0.00, 1000000.00, 500000.00, 'Đang đóng', '2026-03-28 02:26:58'),
(42, 42, NULL, '', '2026-01-01', 0.00, 1000000.00, 500000.00, 'Đang đóng', '2026-03-28 02:26:58'),
(43, 43, NULL, '', '2026-01-01', 0.00, 1000000.00, 500000.00, 'Đang đóng', '2026-03-28 02:26:58'),
(44, 44, NULL, '', '2026-01-01', 0.00, 1000000.00, 500000.00, 'Đang đóng', '2026-03-28 02:26:58'),
(45, 45, NULL, '', '2026-01-01', 0.00, 1000000.00, 500000.00, 'Đang đóng', '2026-03-28 02:26:58'),
(46, 46, NULL, '', '2026-01-01', 0.00, 1000000.00, 500000.00, 'Đang đóng', '2026-03-28 02:26:58'),
(47, 47, NULL, '', '2026-01-01', 0.00, 1000000.00, 500000.00, 'Đang đóng', '2026-03-28 02:26:58'),
(48, 48, NULL, '', '2026-01-01', 0.00, 1000000.00, 500000.00, 'Đang đóng', '2026-03-28 02:26:58'),
(49, 49, NULL, '', '2026-01-01', 0.00, 1000000.00, 500000.00, 'Đang đóng', '2026-03-28 02:26:58'),
(50, 50, NULL, '', '2026-01-01', 0.00, 1000000.00, 500000.00, 'Đang đóng', '2026-03-28 02:26:58'),
(52, 48, 'laaa01', 'BHXH', '2026-05-06', 500000.00, 500000.00, 10000.00, 'Đang đóng', '2026-05-05 22:18:27'),
(61, 1, 'laaa011', 'BHXH', '2026-05-06', 500000.00, 500000.00, 500000.00, 'Đã dừng', '2026-05-06 00:16:21');

-- --------------------------------------------------------

--
-- Cấu trúc bảng cho bảng `cauhinh_chamcong`
--

CREATE TABLE `cauhinh_chamcong` (
  `ID` int(11) NOT NULL,
  `GioChuanVao` time NOT NULL DEFAULT '08:00:00',
  `MucTre1` int(11) DEFAULT 15,
  `CongTre1` decimal(3,2) DEFAULT 1.00,
  `MucTre2` int(11) DEFAULT 60,
  `CongTre2` decimal(3,2) DEFAULT 0.75,
  `MucTre3` int(11) DEFAULT 120,
  `CongTre3` decimal(3,2) DEFAULT 0.50,
  `CongQuaTre` decimal(3,2) DEFAULT 0.00
) ENGINE=InnoDB DEFAULT CHARSET=utf8mb4 COLLATE=utf8mb4_general_ci;

--
-- Đang đổ dữ liệu cho bảng `cauhinh_chamcong`
--

INSERT INTO `cauhinh_chamcong` (`ID`, `GioChuanVao`, `MucTre1`, `CongTre1`, `MucTre2`, `CongTre2`, `MucTre3`, `CongTre3`, `CongQuaTre`) VALUES
(2, '08:00:00', 15, 1.00, 30, 0.75, 60, 0.50, 0.00);

-- --------------------------------------------------------

--
-- Cấu trúc bảng cho bảng `chamcong`
--

CREATE TABLE `chamcong` (
  `MaCC` int(11) NOT NULL,
  `MaNV` int(11) NOT NULL,
  `Ngay` date NOT NULL,
  `GioVao` time DEFAULT NULL,
  `GioRa` time DEFAULT NULL,
  `TrangThai` enum('Di lam','Di muon','Nghi phep','Nghi khong luong','Cong tac','Le') NOT NULL DEFAULT 'Di lam',
  `GhiChu` varchar(255) DEFAULT NULL
) ENGINE=InnoDB DEFAULT CHARSET=utf8mb4 COLLATE=utf8mb4_general_ci;

--
-- Đang đổ dữ liệu cho bảng `chamcong`
--

INSERT INTO `chamcong` (`MaCC`, `MaNV`, `Ngay`, `GioVao`, `GioRa`, `TrangThai`, `GhiChu`) VALUES
(254, 1, '2026-03-26', '07:55:00', '17:05:00', 'Di lam', 'Đúng giờ'),
(255, 2, '2026-03-26', '07:55:00', '17:05:00', 'Di lam', 'Đúng giờ'),
(256, 4, '2026-03-26', '07:55:00', '17:05:00', 'Di lam', 'Đúng giờ'),
(257, 5, '2026-03-26', '07:55:00', '17:05:00', 'Di lam', 'Đúng giờ'),
(258, 6, '2026-03-26', '07:55:00', '17:05:00', 'Di lam', 'Đúng giờ'),
(259, 7, '2026-03-26', '07:55:00', '17:05:00', 'Di lam', 'Đúng giờ'),
(260, 8, '2026-03-26', '07:55:00', '17:05:00', 'Di lam', 'Đúng giờ'),
(261, 10, '2026-03-26', '07:55:00', '17:05:00', 'Di lam', 'Đúng giờ'),
(262, 11, '2026-03-26', '07:55:00', '17:05:00', 'Di lam', 'Đúng giờ'),
(263, 12, '2026-03-26', '07:55:00', '17:05:00', 'Di lam', 'Đúng giờ'),
(264, 13, '2026-03-26', '07:55:00', '17:05:00', 'Di lam', 'Đúng giờ'),
(265, 15, '2026-03-26', '07:55:00', '17:05:00', 'Di lam', 'Đúng giờ'),
(266, 16, '2026-03-26', '07:55:00', '17:05:00', 'Di lam', 'Đúng giờ'),
(267, 17, '2026-03-26', '07:55:00', '17:05:00', 'Di lam', 'Đúng giờ'),
(268, 18, '2026-03-26', '07:55:00', '17:05:00', 'Di lam', 'Đúng giờ'),
(269, 19, '2026-03-26', '07:55:00', '17:05:00', 'Di lam', 'Đúng giờ'),
(270, 21, '2026-03-26', '07:55:00', '17:05:00', 'Di lam', 'Đúng giờ'),
(271, 22, '2026-03-26', '07:55:00', '17:05:00', 'Di lam', 'Đúng giờ'),
(272, 23, '2026-03-26', '07:55:00', '17:05:00', 'Di lam', 'Đúng giờ'),
(273, 24, '2026-03-26', '07:55:00', '17:05:00', 'Di lam', 'Đúng giờ'),
(274, 25, '2026-03-26', '07:55:00', '17:05:00', 'Di lam', 'Đúng giờ'),
(275, 26, '2026-03-26', '07:55:00', '17:05:00', 'Di lam', 'Đúng giờ'),
(276, 27, '2026-03-26', '07:55:00', '17:05:00', 'Di lam', 'Đúng giờ'),
(277, 29, '2026-03-26', '07:55:00', '17:05:00', 'Di lam', 'Đúng giờ'),
(278, 30, '2026-03-26', '07:55:00', '17:05:00', 'Di lam', 'Đúng giờ'),
(279, 31, '2026-03-26', '07:55:00', '17:05:00', 'Di lam', 'Đúng giờ'),
(280, 32, '2026-03-26', '07:55:00', '17:05:00', 'Di lam', 'Đúng giờ'),
(281, 33, '2026-03-26', '07:55:00', '17:05:00', 'Di lam', 'Đúng giờ'),
(282, 34, '2026-03-26', '07:55:00', '17:05:00', 'Di lam', 'Đúng giờ'),
(283, 36, '2026-03-26', '07:55:00', '17:05:00', 'Di lam', 'Đúng giờ'),
(284, 37, '2026-03-26', '07:55:00', '17:05:00', 'Di lam', 'Đúng giờ'),
(285, 38, '2026-03-26', '07:55:00', '17:05:00', 'Di lam', 'Đúng giờ'),
(286, 39, '2026-03-26', '07:55:00', '17:05:00', 'Di lam', 'Đúng giờ'),
(287, 40, '2026-03-26', '07:55:00', '17:05:00', 'Di lam', 'Đúng giờ'),
(288, 42, '2026-03-26', '07:55:00', '17:05:00', 'Di lam', 'Đúng giờ'),
(289, 43, '2026-03-26', '07:55:00', '17:05:00', 'Di lam', 'Đúng giờ'),
(290, 44, '2026-03-26', '07:55:00', '17:05:00', 'Di lam', 'Đúng giờ'),
(291, 45, '2026-03-26', '07:55:00', '17:05:00', 'Di lam', 'Đúng giờ'),
(292, 46, '2026-03-26', '07:55:00', '17:05:00', 'Di lam', 'Đúng giờ'),
(293, 47, '2026-03-26', '07:55:00', '17:05:00', 'Di lam', 'Đúng giờ'),
(294, 49, '2026-03-26', '07:55:00', '17:05:00', 'Di lam', 'Đúng giờ'),
(295, 50, '2026-03-26', '07:55:00', '17:05:00', 'Di lam', 'Đúng giờ'),
(296, 5, '2026-03-27', '08:05:00', '17:15:00', 'Di lam', 'Đi muộn 5p'),
(297, 10, '2026-03-27', '08:05:00', '17:15:00', 'Di lam', 'Đi muộn 5p'),
(298, 15, '2026-03-27', '08:05:00', '17:15:00', 'Di lam', 'Đi muộn 5p'),
(299, 25, '2026-03-27', '08:05:00', '17:15:00', 'Di lam', 'Đi muộn 5p'),
(300, 30, '2026-03-27', '08:05:00', '17:15:00', 'Di lam', 'Đi muộn 5p'),
(301, 40, '2026-03-27', '08:05:00', '17:15:00', 'Di lam', 'Đi muộn 5p'),
(302, 45, '2026-03-27', '08:05:00', '17:15:00', 'Di lam', 'Đi muộn 5p'),
(303, 50, '2026-03-27', '08:05:00', '17:15:00', 'Di lam', 'Đi muộn 5p'),
(317, 1, '2026-04-25', NULL, NULL, 'Le', 'Giỗ tổ Hùng Vương'),
(318, 2, '2026-04-25', NULL, NULL, 'Le', 'Giỗ tổ Hùng Vương'),
(319, 4, '2026-04-25', NULL, NULL, 'Le', 'Giỗ tổ Hùng Vương'),
(320, 5, '2026-04-25', NULL, NULL, 'Le', 'Giỗ tổ Hùng Vương'),
(321, 6, '2026-04-25', '08:00:00', '17:00:00', 'Di lam', 'Giỗ tổ Hùng Vương'),
(322, 7, '2026-04-25', NULL, NULL, 'Le', 'Giỗ tổ Hùng Vương'),
(323, 8, '2026-04-25', NULL, NULL, 'Le', 'Giỗ tổ Hùng Vương'),
(324, 10, '2026-04-25', NULL, NULL, 'Le', 'Giỗ tổ Hùng Vương'),
(325, 11, '2026-04-25', NULL, NULL, 'Le', 'Giỗ tổ Hùng Vương'),
(326, 12, '2026-04-25', NULL, NULL, 'Le', 'Giỗ tổ Hùng Vương'),
(327, 13, '2026-04-25', NULL, NULL, 'Le', 'Giỗ tổ Hùng Vương'),
(328, 15, '2026-04-25', NULL, NULL, 'Le', 'Giỗ tổ Hùng Vương'),
(329, 16, '2026-04-25', NULL, NULL, 'Le', 'Giỗ tổ Hùng Vương'),
(330, 17, '2026-04-25', NULL, NULL, 'Le', 'Giỗ tổ Hùng Vương'),
(331, 18, '2026-04-25', NULL, NULL, 'Le', 'Giỗ tổ Hùng Vương'),
(332, 19, '2026-04-25', NULL, NULL, 'Le', 'Giỗ tổ Hùng Vương'),
(333, 21, '2026-04-25', NULL, NULL, 'Le', 'Giỗ tổ Hùng Vương'),
(334, 22, '2026-04-25', NULL, NULL, 'Le', 'Giỗ tổ Hùng Vương'),
(335, 23, '2026-04-25', NULL, NULL, 'Le', 'Giỗ tổ Hùng Vương'),
(336, 24, '2026-04-25', NULL, NULL, 'Le', 'Giỗ tổ Hùng Vương'),
(337, 25, '2026-04-25', NULL, NULL, 'Le', 'Giỗ tổ Hùng Vương'),
(338, 26, '2026-04-25', NULL, NULL, 'Le', 'Giỗ tổ Hùng Vương'),
(339, 27, '2026-04-25', NULL, NULL, 'Le', 'Giỗ tổ Hùng Vương'),
(340, 29, '2026-04-25', NULL, NULL, 'Le', 'Giỗ tổ Hùng Vương'),
(341, 30, '2026-04-25', NULL, NULL, 'Le', 'Giỗ tổ Hùng Vương'),
(342, 31, '2026-04-25', NULL, NULL, 'Le', 'Giỗ tổ Hùng Vương'),
(343, 32, '2026-04-25', NULL, NULL, 'Le', 'Giỗ tổ Hùng Vương'),
(344, 33, '2026-04-25', NULL, NULL, 'Le', 'Giỗ tổ Hùng Vương'),
(345, 34, '2026-04-25', NULL, NULL, 'Le', 'Giỗ tổ Hùng Vương'),
(346, 36, '2026-04-25', NULL, NULL, 'Le', 'Giỗ tổ Hùng Vương'),
(347, 37, '2026-04-25', NULL, NULL, 'Le', 'Giỗ tổ Hùng Vương'),
(348, 38, '2026-04-25', NULL, NULL, 'Le', 'Giỗ tổ Hùng Vương'),
(349, 39, '2026-04-25', NULL, NULL, 'Le', 'Giỗ tổ Hùng Vương'),
(350, 40, '2026-04-25', NULL, NULL, 'Le', 'Giỗ tổ Hùng Vương'),
(351, 42, '2026-04-25', NULL, NULL, 'Le', 'Giỗ tổ Hùng Vương'),
(352, 43, '2026-04-25', NULL, NULL, 'Le', 'Giỗ tổ Hùng Vương'),
(353, 44, '2026-04-25', NULL, NULL, 'Le', 'Giỗ tổ Hùng Vương'),
(354, 45, '2026-04-25', NULL, NULL, 'Le', 'Giỗ tổ Hùng Vương'),
(355, 46, '2026-04-25', NULL, NULL, 'Le', 'Giỗ tổ Hùng Vương'),
(356, 47, '2026-04-25', NULL, NULL, 'Le', 'Giỗ tổ Hùng Vương'),
(357, 49, '2026-04-25', NULL, NULL, 'Le', 'Giỗ tổ Hùng Vương'),
(358, 50, '2026-04-25', NULL, NULL, 'Le', 'Giỗ tổ Hùng Vương'),
(380, 1, '2026-04-30', NULL, NULL, 'Le', 'Giải phóng miền Nam'),
(381, 2, '2026-04-30', NULL, NULL, 'Le', 'Giải phóng miền Nam'),
(382, 4, '2026-04-30', NULL, NULL, 'Le', 'Giải phóng miền Nam'),
(383, 5, '2026-04-30', NULL, NULL, 'Le', 'Giải phóng miền Nam'),
(384, 6, '2026-04-30', '08:00:00', '17:00:00', 'Di lam', 'Giải phóng miền Nam'),
(385, 7, '2026-04-30', NULL, NULL, 'Le', 'Giải phóng miền Nam'),
(386, 8, '2026-04-30', NULL, NULL, 'Le', 'Giải phóng miền Nam'),
(387, 10, '2026-04-30', NULL, NULL, 'Le', 'Giải phóng miền Nam'),
(388, 11, '2026-04-30', NULL, NULL, 'Le', 'Giải phóng miền Nam'),
(389, 12, '2026-04-30', NULL, NULL, 'Le', 'Giải phóng miền Nam'),
(390, 13, '2026-04-30', NULL, NULL, 'Le', 'Giải phóng miền Nam'),
(391, 15, '2026-04-30', NULL, NULL, 'Le', 'Giải phóng miền Nam'),
(392, 16, '2026-04-30', NULL, NULL, 'Le', 'Giải phóng miền Nam'),
(393, 17, '2026-04-30', NULL, NULL, 'Le', 'Giải phóng miền Nam'),
(394, 18, '2026-04-30', NULL, NULL, 'Le', 'Giải phóng miền Nam'),
(395, 19, '2026-04-30', NULL, NULL, 'Le', 'Giải phóng miền Nam'),
(396, 21, '2026-04-30', NULL, NULL, 'Le', 'Giải phóng miền Nam'),
(397, 22, '2026-04-30', NULL, NULL, 'Le', 'Giải phóng miền Nam'),
(398, 23, '2026-04-30', NULL, NULL, 'Le', 'Giải phóng miền Nam'),
(399, 24, '2026-04-30', NULL, NULL, 'Le', 'Giải phóng miền Nam'),
(400, 25, '2026-04-30', NULL, NULL, 'Le', 'Giải phóng miền Nam'),
(401, 26, '2026-04-30', NULL, NULL, 'Le', 'Giải phóng miền Nam'),
(402, 27, '2026-04-30', NULL, NULL, 'Le', 'Giải phóng miền Nam'),
(403, 29, '2026-04-30', NULL, NULL, 'Le', 'Giải phóng miền Nam'),
(404, 30, '2026-04-30', NULL, NULL, 'Le', 'Giải phóng miền Nam'),
(405, 31, '2026-04-30', NULL, NULL, 'Le', 'Giải phóng miền Nam'),
(406, 32, '2026-04-30', NULL, NULL, 'Le', 'Giải phóng miền Nam'),
(407, 33, '2026-04-30', NULL, NULL, 'Le', 'Giải phóng miền Nam'),
(408, 34, '2026-04-30', NULL, NULL, 'Le', 'Giải phóng miền Nam'),
(409, 36, '2026-04-30', NULL, NULL, 'Le', 'Giải phóng miền Nam'),
(410, 37, '2026-04-30', NULL, NULL, 'Le', 'Giải phóng miền Nam'),
(411, 38, '2026-04-30', NULL, NULL, 'Le', 'Giải phóng miền Nam'),
(412, 39, '2026-04-30', NULL, NULL, 'Le', 'Giải phóng miền Nam'),
(413, 40, '2026-04-30', NULL, NULL, 'Le', 'Giải phóng miền Nam'),
(414, 42, '2026-04-30', NULL, NULL, 'Le', 'Giải phóng miền Nam'),
(415, 43, '2026-04-30', NULL, NULL, 'Le', 'Giải phóng miền Nam'),
(416, 44, '2026-04-30', NULL, NULL, 'Le', 'Giải phóng miền Nam'),
(417, 45, '2026-04-30', NULL, NULL, 'Le', 'Giải phóng miền Nam'),
(418, 46, '2026-04-30', NULL, NULL, 'Le', 'Giải phóng miền Nam'),
(419, 47, '2026-04-30', NULL, NULL, 'Le', 'Giải phóng miền Nam'),
(420, 49, '2026-04-30', NULL, NULL, 'Le', 'Giải phóng miền Nam'),
(421, 50, '2026-04-30', NULL, NULL, 'Le', 'Giải phóng miền Nam'),
(443, 1, '2026-05-01', NULL, NULL, 'Le', 'Quốc tế lao động'),
(444, 2, '2026-05-01', NULL, NULL, 'Le', 'Quốc tế lao động'),
(445, 4, '2026-05-01', NULL, NULL, 'Le', 'Quốc tế lao động'),
(446, 5, '2026-05-01', NULL, NULL, 'Le', 'Quốc tế lao động'),
(447, 6, '2026-05-01', NULL, NULL, 'Le', 'Quốc tế lao động'),
(448, 7, '2026-05-01', NULL, NULL, 'Le', 'Quốc tế lao động'),
(449, 8, '2026-05-01', NULL, NULL, 'Le', 'Quốc tế lao động'),
(450, 10, '2026-05-01', NULL, NULL, 'Le', 'Quốc tế lao động'),
(451, 11, '2026-05-01', NULL, NULL, 'Le', 'Quốc tế lao động'),
(452, 12, '2026-05-01', NULL, NULL, 'Le', 'Quốc tế lao động'),
(453, 13, '2026-05-01', NULL, NULL, 'Le', 'Quốc tế lao động'),
(454, 15, '2026-05-01', NULL, NULL, 'Le', 'Quốc tế lao động'),
(455, 16, '2026-05-01', NULL, NULL, 'Le', 'Quốc tế lao động'),
(456, 17, '2026-05-01', NULL, NULL, 'Le', 'Quốc tế lao động'),
(457, 18, '2026-05-01', NULL, NULL, 'Le', 'Quốc tế lao động'),
(458, 19, '2026-05-01', NULL, NULL, 'Le', 'Quốc tế lao động'),
(459, 21, '2026-05-01', NULL, NULL, 'Le', 'Quốc tế lao động'),
(460, 22, '2026-05-01', NULL, NULL, 'Le', 'Quốc tế lao động'),
(461, 23, '2026-05-01', NULL, NULL, 'Le', 'Quốc tế lao động'),
(462, 24, '2026-05-01', NULL, NULL, 'Le', 'Quốc tế lao động'),
(463, 25, '2026-05-01', NULL, NULL, 'Le', 'Quốc tế lao động'),
(464, 26, '2026-05-01', NULL, NULL, 'Le', 'Quốc tế lao động'),
(465, 27, '2026-05-01', NULL, NULL, 'Le', 'Quốc tế lao động'),
(466, 29, '2026-05-01', NULL, NULL, 'Le', 'Quốc tế lao động'),
(467, 30, '2026-05-01', NULL, NULL, 'Le', 'Quốc tế lao động'),
(468, 31, '2026-05-01', NULL, NULL, 'Le', 'Quốc tế lao động'),
(469, 32, '2026-05-01', NULL, NULL, 'Le', 'Quốc tế lao động'),
(470, 33, '2026-05-01', NULL, NULL, 'Le', 'Quốc tế lao động'),
(471, 34, '2026-05-01', NULL, NULL, 'Le', 'Quốc tế lao động'),
(472, 36, '2026-05-01', NULL, NULL, 'Le', 'Quốc tế lao động'),
(473, 37, '2026-05-01', NULL, NULL, 'Le', 'Quốc tế lao động'),
(474, 38, '2026-05-01', NULL, NULL, 'Le', 'Quốc tế lao động'),
(475, 39, '2026-05-01', NULL, NULL, 'Le', 'Quốc tế lao động'),
(476, 40, '2026-05-01', NULL, NULL, 'Le', 'Quốc tế lao động'),
(477, 42, '2026-05-01', NULL, NULL, 'Le', 'Quốc tế lao động'),
(478, 43, '2026-05-01', NULL, NULL, 'Le', 'Quốc tế lao động'),
(479, 44, '2026-05-01', NULL, NULL, 'Le', 'Quốc tế lao động'),
(480, 45, '2026-05-01', NULL, NULL, 'Le', 'Quốc tế lao động'),
(481, 46, '2026-05-01', NULL, NULL, 'Le', 'Quốc tế lao động'),
(482, 47, '2026-05-01', NULL, NULL, 'Le', 'Quốc tế lao động'),
(483, 49, '2026-05-01', NULL, NULL, 'Le', 'Quốc tế lao động'),
(484, 50, '2026-05-01', NULL, NULL, 'Le', 'Quốc tế lao động'),
(506, 1, '2026-05-04', '07:50:20', '17:00:45', 'Di lam', NULL),
(507, 2, '2026-05-04', '07:50:20', '17:00:45', 'Di lam', NULL),
(508, 4, '2026-05-04', '07:50:20', '17:00:45', 'Di lam', NULL),
(509, 5, '2026-05-04', '07:50:20', '17:00:45', 'Di lam', NULL),
(510, 6, '2026-05-04', '07:50:20', '17:00:45', 'Di lam', NULL),
(511, 7, '2026-05-04', '07:50:20', '17:00:45', 'Di lam', NULL),
(512, 8, '2026-05-04', '07:50:20', '17:00:45', 'Di lam', NULL),
(513, 10, '2026-05-04', '07:50:20', '17:00:45', 'Di lam', NULL),
(514, 11, '2026-05-04', '07:50:20', '17:00:45', 'Di lam', NULL),
(515, 12, '2026-05-04', '07:50:20', '17:00:45', 'Di lam', NULL),
(516, 13, '2026-05-04', '07:50:20', '17:00:45', 'Di lam', NULL),
(517, 15, '2026-05-04', '07:50:20', '17:00:45', 'Di lam', NULL),
(518, 16, '2026-05-04', '07:50:20', '17:00:45', 'Di lam', NULL),
(519, 17, '2026-05-04', '07:50:20', '17:00:45', 'Di lam', NULL),
(520, 18, '2026-05-04', '07:50:20', '17:00:45', 'Di lam', NULL),
(521, 19, '2026-05-04', '07:50:20', '17:00:45', 'Di lam', NULL),
(522, 21, '2026-05-04', '07:50:20', '17:00:45', 'Di lam', NULL),
(523, 22, '2026-05-04', '07:50:20', '17:00:45', 'Di lam', NULL),
(524, 23, '2026-05-04', '07:50:20', '17:00:45', 'Di lam', NULL),
(525, 24, '2026-05-04', '07:50:20', '17:00:45', 'Di lam', NULL),
(526, 25, '2026-05-04', '07:50:20', '17:00:45', 'Di lam', NULL),
(527, 26, '2026-05-04', '07:50:20', '17:00:45', 'Di lam', NULL),
(528, 27, '2026-05-04', '07:50:20', '17:00:45', 'Di lam', NULL),
(529, 29, '2026-05-04', '07:50:20', '17:00:45', 'Di lam', NULL),
(530, 30, '2026-05-04', '07:50:20', '17:00:45', 'Di lam', NULL),
(531, 31, '2026-05-04', '07:50:20', '17:00:45', 'Di lam', NULL),
(532, 32, '2026-05-04', '07:50:20', '17:00:45', 'Di lam', NULL),
(533, 33, '2026-05-04', '07:50:20', '17:00:45', 'Di lam', NULL),
(534, 34, '2026-05-04', '07:50:20', '17:00:45', 'Di lam', NULL),
(535, 36, '2026-05-04', '07:50:20', '17:00:45', 'Di lam', NULL),
(536, 37, '2026-05-04', '07:50:20', '17:00:45', 'Di lam', NULL),
(537, 38, '2026-05-04', '07:50:20', '17:00:45', 'Di lam', NULL),
(538, 39, '2026-05-04', '07:50:20', '17:00:45', 'Di lam', NULL),
(539, 40, '2026-05-04', '07:50:20', '17:00:45', 'Di lam', NULL),
(540, 42, '2026-05-04', '07:50:20', '17:00:45', 'Di lam', NULL),
(541, 43, '2026-05-04', '07:50:20', '17:00:45', 'Di lam', NULL),
(542, 44, '2026-05-04', '07:50:20', '17:00:45', 'Di lam', NULL),
(543, 45, '2026-05-04', '07:50:20', '17:00:45', 'Di lam', NULL),
(544, 46, '2026-05-04', '07:50:20', '17:00:45', 'Di lam', NULL),
(545, 47, '2026-05-04', '07:50:20', '17:00:45', 'Di lam', NULL),
(546, 49, '2026-05-04', '07:50:20', '17:00:45', 'Di lam', NULL),
(547, 50, '2026-05-04', '07:50:20', '17:00:45', 'Di lam', NULL),
(569, 6, '2026-04-01', '08:00:00', '17:00:00', 'Di lam', NULL),
(570, 6, '2026-04-02', '08:00:00', '17:00:00', 'Di lam', NULL),
(571, 6, '2026-04-03', '08:00:00', '17:00:00', 'Di lam', NULL),
(572, 6, '2026-04-06', '08:00:00', '17:00:00', 'Di lam', NULL),
(573, 6, '2026-04-07', '08:00:00', '17:00:00', 'Di lam', NULL),
(574, 6, '2026-04-08', '08:00:00', '17:00:00', 'Di lam', NULL),
(575, 6, '2026-04-09', '08:00:00', '17:00:00', 'Di lam', NULL),
(576, 6, '2026-04-10', '08:00:00', '17:00:00', 'Di lam', NULL),
(577, 6, '2026-04-13', '08:00:00', '17:00:00', 'Di lam', NULL),
(578, 6, '2026-04-15', '08:00:00', '17:00:00', 'Di lam', NULL),
(579, 6, '2026-04-14', '08:00:00', '17:00:00', 'Di lam', NULL),
(580, 6, '2026-04-16', '08:00:00', '17:00:00', 'Di lam', NULL),
(581, 6, '2026-04-17', '08:00:00', '17:00:00', 'Di lam', NULL),
(582, 6, '2026-04-20', '08:00:00', '17:00:00', 'Di lam', NULL),
(583, 6, '2026-04-21', '08:00:00', '17:00:00', 'Di lam', NULL),
(584, 6, '2026-04-22', '08:00:00', '17:00:00', 'Di lam', NULL),
(585, 6, '2026-04-23', '08:00:00', '17:00:00', 'Di lam', NULL),
(586, 6, '2026-04-24', '08:00:00', '17:00:00', 'Di lam', NULL),
(587, 6, '2026-04-27', '08:00:00', '17:00:00', 'Di lam', NULL),
(588, 6, '2026-04-28', '08:00:00', '17:00:00', 'Di lam', NULL),
(589, 6, '2026-04-29', '08:00:00', '17:00:00', 'Di lam', NULL),
(590, 6, '2026-04-11', '08:00:00', '17:00:00', 'Di lam', NULL),
(591, 6, '2026-04-04', '08:00:00', '17:00:00', 'Di lam', NULL),
(592, 6, '2026-04-18', '08:00:00', '17:00:00', 'Di lam', NULL),
(593, 8, '2026-04-05', NULL, NULL, 'Nghi phep', NULL),
(594, 8, '2026-04-06', NULL, NULL, 'Nghi phep', NULL),
(595, 8, '2026-04-07', NULL, NULL, 'Nghi phep', NULL),
(596, 6, '2026-03-02', '08:00:00', '17:00:00', 'Di lam', NULL),
(597, 6, '2026-03-03', '08:00:00', '17:00:00', 'Di lam', NULL),
(598, 6, '2026-03-04', '08:00:00', '17:00:00', 'Di lam', NULL),
(599, 6, '2026-03-05', '08:00:00', '17:00:00', 'Di lam', NULL),
(600, 6, '2026-03-06', '08:00:00', '17:00:00', 'Di lam', NULL),
(601, 6, '2026-03-07', '08:00:00', '17:00:00', 'Di lam', NULL),
(602, 6, '2026-03-09', '08:00:00', '17:00:00', 'Di lam', NULL),
(603, 6, '2026-03-10', '08:00:00', '17:00:00', 'Di lam', NULL),
(604, 6, '2026-03-11', '08:00:00', '17:00:00', 'Di lam', NULL),
(605, 6, '2026-03-12', '08:00:00', '17:00:00', 'Di lam', NULL),
(606, 6, '2026-03-13', '08:00:00', '17:00:00', 'Di lam', NULL),
(607, 6, '2026-03-14', '08:00:00', '17:00:00', 'Di lam', NULL),
(608, 1, '2026-03-02', '07:57:11', '17:16:49', 'Di lam', 'Chấm công tự động tháng 3'),
(609, 2, '2026-03-02', '07:52:31', '17:02:11', 'Di lam', 'Chấm công tự động tháng 3'),
(610, 4, '2026-03-02', '07:53:19', '17:10:04', 'Di lam', 'Chấm công tự động tháng 3'),
(611, 5, '2026-03-02', '07:50:25', '17:11:54', 'Di lam', 'Chấm công tự động tháng 3'),
(612, 7, '2026-03-02', '07:53:20', '17:09:49', 'Di lam', 'Chấm công tự động tháng 3'),
(613, 8, '2026-03-02', '08:09:04', '17:05:54', 'Di lam', 'Chấm công tự động tháng 3'),
(614, 10, '2026-03-02', '08:02:20', '17:03:57', 'Di lam', 'Chấm công tự động tháng 3'),
(615, 11, '2026-03-02', '07:52:46', '17:01:59', 'Di lam', 'Chấm công tự động tháng 3'),
(616, 12, '2026-03-02', '07:51:36', '17:02:03', 'Di lam', 'Chấm công tự động tháng 3'),
(617, 13, '2026-03-02', '07:55:30', '17:01:21', 'Di lam', 'Chấm công tự động tháng 3'),
(618, 15, '2026-03-02', '08:00:17', '17:07:22', 'Di lam', 'Chấm công tự động tháng 3'),
(619, 16, '2026-03-02', '07:56:01', '17:07:56', 'Di lam', 'Chấm công tự động tháng 3'),
(620, 17, '2026-03-02', '07:51:41', '17:04:34', 'Di lam', 'Chấm công tự động tháng 3'),
(621, 18, '2026-03-02', '08:07:49', '17:15:23', 'Di lam', 'Chấm công tự động tháng 3'),
(622, 19, '2026-03-02', '07:53:28', '17:11:11', 'Di lam', 'Chấm công tự động tháng 3'),
(623, 21, '2026-03-02', '07:55:34', '17:14:18', 'Di lam', 'Chấm công tự động tháng 3'),
(624, 22, '2026-03-02', '08:04:46', '17:10:55', 'Di lam', 'Chấm công tự động tháng 3'),
(625, 23, '2026-03-02', '08:00:21', '17:19:00', 'Di lam', 'Chấm công tự động tháng 3'),
(626, 24, '2026-03-02', '07:53:58', '17:02:49', 'Di lam', 'Chấm công tự động tháng 3'),
(627, 25, '2026-03-02', '07:52:11', '17:02:31', 'Di lam', 'Chấm công tự động tháng 3'),
(628, 26, '2026-03-02', '07:56:01', '17:02:33', 'Di lam', 'Chấm công tự động tháng 3'),
(629, 27, '2026-03-02', '08:04:41', '17:05:49', 'Di lam', 'Chấm công tự động tháng 3'),
(630, 29, '2026-03-02', '07:55:03', '17:07:48', 'Di lam', 'Chấm công tự động tháng 3'),
(631, 30, '2026-03-02', '07:53:52', '17:15:54', 'Di lam', 'Chấm công tự động tháng 3'),
(632, 31, '2026-03-02', '07:57:56', '17:11:59', 'Di lam', 'Chấm công tự động tháng 3'),
(633, 32, '2026-03-02', '08:06:06', '17:04:34', 'Di lam', 'Chấm công tự động tháng 3'),
(634, 33, '2026-03-02', '08:04:31', '17:18:55', 'Di lam', 'Chấm công tự động tháng 3'),
(635, 34, '2026-03-02', '08:01:01', '17:18:21', 'Di lam', 'Chấm công tự động tháng 3'),
(636, 36, '2026-03-02', '08:08:41', '17:18:24', 'Di lam', 'Chấm công tự động tháng 3'),
(637, 37, '2026-03-02', '08:05:56', '17:04:30', 'Di lam', 'Chấm công tự động tháng 3'),
(638, 38, '2026-03-02', '08:04:42', '17:00:00', 'Di lam', 'Chấm công tự động tháng 3'),
(639, 39, '2026-03-02', '08:05:55', '17:19:37', 'Di lam', 'Chấm công tự động tháng 3'),
(640, 40, '2026-03-02', '08:00:21', '17:12:55', 'Di lam', 'Chấm công tự động tháng 3'),
(641, 42, '2026-03-02', '08:03:32', '17:08:54', 'Di lam', 'Chấm công tự động tháng 3'),
(642, 43, '2026-03-02', '07:53:56', '17:12:59', 'Di lam', 'Chấm công tự động tháng 3'),
(643, 44, '2026-03-02', '08:03:08', '17:06:42', 'Di lam', 'Chấm công tự động tháng 3'),
(644, 45, '2026-03-02', '08:04:07', '17:10:30', 'Di lam', 'Chấm công tự động tháng 3'),
(645, 46, '2026-03-02', '08:00:11', '17:19:23', 'Di lam', 'Chấm công tự động tháng 3'),
(646, 47, '2026-03-02', '07:56:23', '17:13:48', 'Di lam', 'Chấm công tự động tháng 3'),
(647, 49, '2026-03-02', '07:59:49', '17:07:41', 'Di lam', 'Chấm công tự động tháng 3'),
(648, 50, '2026-03-02', '07:59:00', '17:01:59', 'Di lam', 'Chấm công tự động tháng 3'),
(671, 1, '2026-03-03', '07:52:54', '17:08:32', 'Di lam', 'Chấm công tự động tháng 3'),
(672, 2, '2026-03-03', '08:04:01', '17:04:27', 'Di lam', 'Chấm công tự động tháng 3'),
(673, 4, '2026-03-03', '07:50:13', '17:07:44', 'Di lam', 'Chấm công tự động tháng 3'),
(674, 5, '2026-03-03', '08:08:04', '17:07:06', 'Di lam', 'Chấm công tự động tháng 3'),
(675, 7, '2026-03-03', '07:52:51', '17:18:08', 'Di lam', 'Chấm công tự động tháng 3'),
(676, 8, '2026-03-03', '07:52:07', '17:16:11', 'Di lam', 'Chấm công tự động tháng 3'),
(677, 10, '2026-03-03', '08:04:36', '17:04:27', 'Di lam', 'Chấm công tự động tháng 3'),
(678, 11, '2026-03-03', '08:08:29', '17:19:04', 'Di lam', 'Chấm công tự động tháng 3'),
(679, 12, '2026-03-03', '08:09:53', '17:02:15', 'Di lam', 'Chấm công tự động tháng 3'),
(680, 13, '2026-03-03', '08:01:34', '17:11:07', 'Di lam', 'Chấm công tự động tháng 3'),
(681, 15, '2026-03-03', '07:50:52', '17:11:02', 'Di lam', 'Chấm công tự động tháng 3'),
(682, 16, '2026-03-03', '08:02:34', '17:09:43', 'Di lam', 'Chấm công tự động tháng 3'),
(683, 17, '2026-03-03', '08:00:54', '17:05:22', 'Di lam', 'Chấm công tự động tháng 3'),
(684, 18, '2026-03-03', '08:04:06', '17:14:28', 'Di lam', 'Chấm công tự động tháng 3'),
(685, 19, '2026-03-03', '07:59:59', '17:06:35', 'Di lam', 'Chấm công tự động tháng 3'),
(686, 21, '2026-03-03', '07:52:58', '17:15:03', 'Di lam', 'Chấm công tự động tháng 3'),
(687, 22, '2026-03-03', '07:56:23', '17:06:48', 'Di lam', 'Chấm công tự động tháng 3'),
(688, 23, '2026-03-03', '08:04:49', '17:13:43', 'Di lam', 'Chấm công tự động tháng 3'),
(689, 24, '2026-03-03', '07:54:06', '17:19:24', 'Di lam', 'Chấm công tự động tháng 3'),
(690, 25, '2026-03-03', '07:54:44', '17:05:25', 'Di lam', 'Chấm công tự động tháng 3'),
(691, 26, '2026-03-03', '08:02:54', '17:08:18', 'Di lam', 'Chấm công tự động tháng 3'),
(692, 27, '2026-03-03', '07:52:46', '17:08:57', 'Di lam', 'Chấm công tự động tháng 3'),
(693, 29, '2026-03-03', '08:06:27', '17:15:25', 'Di lam', 'Chấm công tự động tháng 3'),
(694, 30, '2026-03-03', '07:57:43', '17:12:22', 'Di lam', 'Chấm công tự động tháng 3'),
(695, 31, '2026-03-03', '08:08:41', '17:16:21', 'Di lam', 'Chấm công tự động tháng 3'),
(696, 32, '2026-03-03', '07:55:42', '17:19:27', 'Di lam', 'Chấm công tự động tháng 3'),
(697, 33, '2026-03-03', '07:50:09', '17:02:26', 'Di lam', 'Chấm công tự động tháng 3'),
(698, 34, '2026-03-03', '08:01:45', '17:11:25', 'Di lam', 'Chấm công tự động tháng 3'),
(699, 36, '2026-03-03', '07:51:53', '17:15:10', 'Di lam', 'Chấm công tự động tháng 3'),
(700, 37, '2026-03-03', '08:00:09', '17:05:18', 'Di lam', 'Chấm công tự động tháng 3'),
(701, 38, '2026-03-03', '08:06:03', '17:04:23', 'Di lam', 'Chấm công tự động tháng 3'),
(702, 39, '2026-03-03', '08:03:45', '17:15:38', 'Di lam', 'Chấm công tự động tháng 3'),
(703, 40, '2026-03-03', '08:06:57', '17:17:48', 'Di lam', 'Chấm công tự động tháng 3'),
(704, 42, '2026-03-03', '08:08:11', '17:17:33', 'Di lam', 'Chấm công tự động tháng 3'),
(705, 43, '2026-03-03', '08:03:13', '17:13:24', 'Di lam', 'Chấm công tự động tháng 3'),
(706, 44, '2026-03-03', '07:57:21', '17:16:35', 'Di lam', 'Chấm công tự động tháng 3'),
(707, 45, '2026-03-03', '07:50:50', '17:14:28', 'Di lam', 'Chấm công tự động tháng 3'),
(708, 46, '2026-03-03', '07:59:52', '17:05:54', 'Di lam', 'Chấm công tự động tháng 3'),
(709, 47, '2026-03-03', '08:09:55', '17:01:53', 'Di lam', 'Chấm công tự động tháng 3'),
(710, 49, '2026-03-03', '07:59:39', '17:02:40', 'Di lam', 'Chấm công tự động tháng 3'),
(711, 50, '2026-03-03', '07:54:22', '17:13:49', 'Di lam', 'Chấm công tự động tháng 3'),
(734, 1, '2026-03-04', '08:06:00', '17:18:36', 'Di lam', 'Chấm công tự động tháng 3'),
(735, 2, '2026-03-04', '07:54:57', '17:08:59', 'Di lam', 'Chấm công tự động tháng 3'),
(736, 4, '2026-03-04', '08:00:03', '17:03:19', 'Di lam', 'Chấm công tự động tháng 3'),
(737, 5, '2026-03-04', '07:56:29', '17:02:26', 'Di lam', 'Chấm công tự động tháng 3'),
(738, 7, '2026-03-04', '07:54:12', '17:11:33', 'Di lam', 'Chấm công tự động tháng 3'),
(739, 8, '2026-03-04', '07:55:09', '17:11:07', 'Di lam', 'Chấm công tự động tháng 3'),
(740, 10, '2026-03-04', '07:50:08', '17:07:21', 'Di lam', 'Chấm công tự động tháng 3'),
(741, 11, '2026-03-04', '08:06:20', '17:19:38', 'Di lam', 'Chấm công tự động tháng 3'),
(742, 12, '2026-03-04', '07:59:11', '17:07:00', 'Di lam', 'Chấm công tự động tháng 3'),
(743, 13, '2026-03-04', '07:57:29', '17:16:26', 'Di lam', 'Chấm công tự động tháng 3'),
(744, 15, '2026-03-04', '08:09:41', '17:09:08', 'Di lam', 'Chấm công tự động tháng 3'),
(745, 16, '2026-03-04', '07:56:37', '17:05:42', 'Di lam', 'Chấm công tự động tháng 3'),
(746, 17, '2026-03-04', '07:58:40', '17:06:13', 'Di lam', 'Chấm công tự động tháng 3'),
(747, 18, '2026-03-04', '07:55:05', '17:06:47', 'Di lam', 'Chấm công tự động tháng 3'),
(748, 19, '2026-03-04', '08:08:39', '17:12:55', 'Di lam', 'Chấm công tự động tháng 3'),
(749, 21, '2026-03-04', '07:58:40', '17:04:33', 'Di lam', 'Chấm công tự động tháng 3'),
(750, 22, '2026-03-04', '08:06:46', '17:10:13', 'Di lam', 'Chấm công tự động tháng 3'),
(751, 23, '2026-03-04', '07:50:45', '17:13:09', 'Di lam', 'Chấm công tự động tháng 3'),
(752, 24, '2026-03-04', '07:53:30', '17:18:03', 'Di lam', 'Chấm công tự động tháng 3'),
(753, 25, '2026-03-04', '08:09:46', '17:04:40', 'Di lam', 'Chấm công tự động tháng 3'),
(754, 26, '2026-03-04', '07:54:03', '17:06:15', 'Di lam', 'Chấm công tự động tháng 3'),
(755, 27, '2026-03-04', '08:09:07', '17:16:50', 'Di lam', 'Chấm công tự động tháng 3'),
(756, 29, '2026-03-04', '07:56:49', '17:03:35', 'Di lam', 'Chấm công tự động tháng 3'),
(757, 30, '2026-03-04', '08:07:30', '17:16:47', 'Di lam', 'Chấm công tự động tháng 3'),
(758, 31, '2026-03-04', '08:01:24', '17:06:42', 'Di lam', 'Chấm công tự động tháng 3'),
(759, 32, '2026-03-04', '08:09:15', '17:16:13', 'Di lam', 'Chấm công tự động tháng 3'),
(760, 33, '2026-03-04', '07:53:17', '17:07:48', 'Di lam', 'Chấm công tự động tháng 3'),
(761, 34, '2026-03-04', '07:59:08', '17:02:17', 'Di lam', 'Chấm công tự động tháng 3'),
(762, 36, '2026-03-04', '07:54:03', '17:13:24', 'Di lam', 'Chấm công tự động tháng 3'),
(763, 37, '2026-03-04', '08:04:53', '17:14:12', 'Di lam', 'Chấm công tự động tháng 3'),
(764, 38, '2026-03-04', '07:56:24', '17:09:22', 'Di lam', 'Chấm công tự động tháng 3'),
(765, 39, '2026-03-04', '07:57:39', '17:10:08', 'Di lam', 'Chấm công tự động tháng 3'),
(766, 40, '2026-03-04', '07:57:44', '17:08:15', 'Di lam', 'Chấm công tự động tháng 3'),
(767, 42, '2026-03-04', '08:08:05', '17:05:39', 'Di lam', 'Chấm công tự động tháng 3'),
(768, 43, '2026-03-04', '08:04:01', '17:13:07', 'Di lam', 'Chấm công tự động tháng 3'),
(769, 44, '2026-03-04', '07:53:35', '17:18:34', 'Di lam', 'Chấm công tự động tháng 3'),
(770, 45, '2026-03-04', '07:52:05', '17:14:44', 'Di lam', 'Chấm công tự động tháng 3'),
(771, 46, '2026-03-04', '07:57:25', '17:12:53', 'Di lam', 'Chấm công tự động tháng 3'),
(772, 47, '2026-03-04', '07:52:11', '17:12:17', 'Di lam', 'Chấm công tự động tháng 3'),
(773, 49, '2026-03-04', '08:04:53', '17:17:34', 'Di lam', 'Chấm công tự động tháng 3'),
(774, 50, '2026-03-04', '07:53:13', '17:03:22', 'Di lam', 'Chấm công tự động tháng 3'),
(797, 1, '2026-03-05', '07:57:10', '17:05:45', 'Di lam', 'Chấm công tự động tháng 3'),
(798, 2, '2026-03-05', '07:57:18', '17:19:12', 'Di lam', 'Chấm công tự động tháng 3'),
(799, 4, '2026-03-05', '08:04:09', '17:13:09', 'Di lam', 'Chấm công tự động tháng 3'),
(800, 5, '2026-03-05', '07:53:17', '17:17:00', 'Di lam', 'Chấm công tự động tháng 3'),
(801, 7, '2026-03-05', '08:08:50', '17:19:36', 'Di lam', 'Chấm công tự động tháng 3'),
(802, 8, '2026-03-05', '07:51:29', '17:08:36', 'Di lam', 'Chấm công tự động tháng 3'),
(803, 10, '2026-03-05', '08:08:36', '17:07:13', 'Di lam', 'Chấm công tự động tháng 3'),
(804, 11, '2026-03-05', '07:50:15', '17:19:39', 'Di lam', 'Chấm công tự động tháng 3'),
(805, 12, '2026-03-05', '08:07:28', '17:08:24', 'Di lam', 'Chấm công tự động tháng 3'),
(806, 13, '2026-03-05', '07:59:38', '17:02:56', 'Di lam', 'Chấm công tự động tháng 3'),
(807, 15, '2026-03-05', '07:55:48', '17:00:12', 'Di lam', 'Chấm công tự động tháng 3'),
(808, 16, '2026-03-05', '07:53:38', '17:17:34', 'Di lam', 'Chấm công tự động tháng 3'),
(809, 17, '2026-03-05', '08:06:55', '17:11:53', 'Di lam', 'Chấm công tự động tháng 3'),
(810, 18, '2026-03-05', '07:58:43', '17:07:55', 'Di lam', 'Chấm công tự động tháng 3'),
(811, 19, '2026-03-05', '08:03:26', '17:03:28', 'Di lam', 'Chấm công tự động tháng 3'),
(812, 21, '2026-03-05', '08:07:01', '17:14:40', 'Di lam', 'Chấm công tự động tháng 3'),
(813, 22, '2026-03-05', '07:52:18', '17:07:31', 'Di lam', 'Chấm công tự động tháng 3'),
(814, 23, '2026-03-05', '08:00:40', '17:10:48', 'Di lam', 'Chấm công tự động tháng 3'),
(815, 24, '2026-03-05', '07:52:01', '17:17:42', 'Di lam', 'Chấm công tự động tháng 3'),
(816, 25, '2026-03-05', '07:52:25', '17:19:01', 'Di lam', 'Chấm công tự động tháng 3'),
(817, 26, '2026-03-05', '07:57:50', '17:02:07', 'Di lam', 'Chấm công tự động tháng 3'),
(818, 27, '2026-03-05', '07:57:05', '17:09:06', 'Di lam', 'Chấm công tự động tháng 3'),
(819, 29, '2026-03-05', '07:54:16', '17:14:01', 'Di lam', 'Chấm công tự động tháng 3'),
(820, 30, '2026-03-05', '08:07:16', '17:04:19', 'Di lam', 'Chấm công tự động tháng 3'),
(821, 31, '2026-03-05', '07:59:49', '17:16:08', 'Di lam', 'Chấm công tự động tháng 3'),
(822, 32, '2026-03-05', '08:01:12', '17:07:35', 'Di lam', 'Chấm công tự động tháng 3'),
(823, 33, '2026-03-05', '07:54:22', '17:19:06', 'Di lam', 'Chấm công tự động tháng 3'),
(824, 34, '2026-03-05', '07:52:24', '17:14:42', 'Di lam', 'Chấm công tự động tháng 3'),
(825, 36, '2026-03-05', '07:56:19', '17:07:28', 'Di lam', 'Chấm công tự động tháng 3'),
(826, 37, '2026-03-05', '08:08:24', '17:09:37', 'Di lam', 'Chấm công tự động tháng 3'),
(827, 38, '2026-03-05', '08:02:55', '17:15:45', 'Di lam', 'Chấm công tự động tháng 3'),
(828, 39, '2026-03-05', '08:09:59', '17:12:40', 'Di lam', 'Chấm công tự động tháng 3'),
(829, 40, '2026-03-05', '07:53:23', '17:18:55', 'Di lam', 'Chấm công tự động tháng 3'),
(830, 42, '2026-03-05', '07:54:28', '17:05:35', 'Di lam', 'Chấm công tự động tháng 3'),
(831, 43, '2026-03-05', '08:04:30', '17:15:47', 'Di lam', 'Chấm công tự động tháng 3'),
(832, 44, '2026-03-05', '08:05:25', '17:09:43', 'Di lam', 'Chấm công tự động tháng 3'),
(833, 45, '2026-03-05', '07:52:23', '17:02:46', 'Di lam', 'Chấm công tự động tháng 3'),
(834, 46, '2026-03-05', '07:56:41', '17:05:09', 'Di lam', 'Chấm công tự động tháng 3'),
(835, 47, '2026-03-05', '07:55:40', '17:12:55', 'Di lam', 'Chấm công tự động tháng 3'),
(836, 49, '2026-03-05', '07:57:36', '17:19:16', 'Di lam', 'Chấm công tự động tháng 3'),
(837, 50, '2026-03-05', '08:03:31', '17:09:48', 'Di lam', 'Chấm công tự động tháng 3'),
(860, 1, '2026-03-06', '07:58:28', '17:12:57', 'Di lam', 'Chấm công tự động tháng 3'),
(861, 2, '2026-03-06', '08:09:21', '17:17:56', 'Di lam', 'Chấm công tự động tháng 3'),
(862, 4, '2026-03-06', '08:01:37', '17:04:19', 'Di lam', 'Chấm công tự động tháng 3'),
(863, 5, '2026-03-06', '07:56:44', '17:00:44', 'Di lam', 'Chấm công tự động tháng 3'),
(864, 7, '2026-03-06', '07:54:57', '17:19:34', 'Di lam', 'Chấm công tự động tháng 3'),
(865, 8, '2026-03-06', '07:53:00', '17:16:18', 'Di lam', 'Chấm công tự động tháng 3'),
(866, 10, '2026-03-06', '08:02:33', '17:13:49', 'Di lam', 'Chấm công tự động tháng 3'),
(867, 11, '2026-03-06', '08:01:28', '17:15:54', 'Di lam', 'Chấm công tự động tháng 3'),
(868, 12, '2026-03-06', '07:55:06', '17:17:48', 'Di lam', 'Chấm công tự động tháng 3'),
(869, 13, '2026-03-06', '08:03:45', '17:15:19', 'Di lam', 'Chấm công tự động tháng 3'),
(870, 15, '2026-03-06', '08:05:20', '17:10:43', 'Di lam', 'Chấm công tự động tháng 3'),
(871, 16, '2026-03-06', '07:57:35', '17:05:46', 'Di lam', 'Chấm công tự động tháng 3'),
(872, 17, '2026-03-06', '07:56:08', '17:13:21', 'Di lam', 'Chấm công tự động tháng 3'),
(873, 18, '2026-03-06', '07:58:20', '17:01:39', 'Di lam', 'Chấm công tự động tháng 3'),
(874, 19, '2026-03-06', '07:53:15', '17:11:17', 'Di lam', 'Chấm công tự động tháng 3'),
(875, 21, '2026-03-06', '07:56:42', '17:19:41', 'Di lam', 'Chấm công tự động tháng 3'),
(876, 22, '2026-03-06', '08:08:17', '17:12:23', 'Di lam', 'Chấm công tự động tháng 3'),
(877, 23, '2026-03-06', '07:57:05', '17:18:18', 'Di lam', 'Chấm công tự động tháng 3'),
(878, 24, '2026-03-06', '08:00:13', '17:16:13', 'Di lam', 'Chấm công tự động tháng 3'),
(879, 25, '2026-03-06', '08:00:25', '17:03:28', 'Di lam', 'Chấm công tự động tháng 3'),
(880, 26, '2026-03-06', '07:56:05', '17:00:03', 'Di lam', 'Chấm công tự động tháng 3'),
(881, 27, '2026-03-06', '07:51:59', '17:09:46', 'Di lam', 'Chấm công tự động tháng 3'),
(882, 29, '2026-03-06', '07:52:55', '17:05:18', 'Di lam', 'Chấm công tự động tháng 3'),
(883, 30, '2026-03-06', '08:07:43', '17:12:43', 'Di lam', 'Chấm công tự động tháng 3'),
(884, 31, '2026-03-06', '08:00:26', '17:14:04', 'Di lam', 'Chấm công tự động tháng 3'),
(885, 32, '2026-03-06', '08:09:00', '17:12:47', 'Di lam', 'Chấm công tự động tháng 3'),
(886, 33, '2026-03-06', '07:56:58', '17:16:31', 'Di lam', 'Chấm công tự động tháng 3'),
(887, 34, '2026-03-06', '07:51:40', '17:18:46', 'Di lam', 'Chấm công tự động tháng 3'),
(888, 36, '2026-03-06', '07:58:50', '17:07:53', 'Di lam', 'Chấm công tự động tháng 3'),
(889, 37, '2026-03-06', '08:02:55', '17:00:59', 'Di lam', 'Chấm công tự động tháng 3'),
(890, 38, '2026-03-06', '07:56:09', '17:07:51', 'Di lam', 'Chấm công tự động tháng 3'),
(891, 39, '2026-03-06', '07:50:46', '17:00:16', 'Di lam', 'Chấm công tự động tháng 3'),
(892, 40, '2026-03-06', '08:09:06', '17:14:40', 'Di lam', 'Chấm công tự động tháng 3'),
(893, 42, '2026-03-06', '08:06:02', '17:16:11', 'Di lam', 'Chấm công tự động tháng 3'),
(894, 43, '2026-03-06', '08:02:48', '17:15:27', 'Di lam', 'Chấm công tự động tháng 3'),
(895, 44, '2026-03-06', '08:08:53', '17:08:05', 'Di lam', 'Chấm công tự động tháng 3'),
(896, 45, '2026-03-06', '07:53:46', '17:14:36', 'Di lam', 'Chấm công tự động tháng 3'),
(897, 46, '2026-03-06', '07:51:42', '17:04:45', 'Di lam', 'Chấm công tự động tháng 3'),
(898, 47, '2026-03-06', '08:08:36', '17:18:46', 'Di lam', 'Chấm công tự động tháng 3'),
(899, 49, '2026-03-06', '08:08:02', '17:13:53', 'Di lam', 'Chấm công tự động tháng 3'),
(900, 50, '2026-03-06', '08:05:22', '17:15:08', 'Di lam', 'Chấm công tự động tháng 3'),
(923, 1, '2026-03-07', '07:59:37', '17:02:39', 'Di lam', 'Chấm công tự động tháng 3'),
(924, 2, '2026-03-07', '07:54:25', '17:14:11', 'Di lam', 'Chấm công tự động tháng 3'),
(925, 4, '2026-03-07', '08:07:37', '17:05:34', 'Di lam', 'Chấm công tự động tháng 3'),
(926, 5, '2026-03-07', '08:04:59', '17:18:14', 'Di lam', 'Chấm công tự động tháng 3'),
(927, 7, '2026-03-07', '07:53:24', '17:07:47', 'Di lam', 'Chấm công tự động tháng 3'),
(928, 8, '2026-03-07', '07:58:43', '17:00:16', 'Di lam', 'Chấm công tự động tháng 3'),
(929, 10, '2026-03-07', '08:05:09', '17:14:57', 'Di lam', 'Chấm công tự động tháng 3'),
(930, 11, '2026-03-07', '07:59:20', '17:01:49', 'Di lam', 'Chấm công tự động tháng 3'),
(931, 12, '2026-03-07', '07:51:06', '17:00:02', 'Di lam', 'Chấm công tự động tháng 3'),
(932, 13, '2026-03-07', '08:06:52', '17:04:15', 'Di lam', 'Chấm công tự động tháng 3'),
(933, 15, '2026-03-07', '08:00:42', '17:00:44', 'Di lam', 'Chấm công tự động tháng 3'),
(934, 16, '2026-03-07', '08:01:33', '17:15:36', 'Di lam', 'Chấm công tự động tháng 3'),
(935, 17, '2026-03-07', '07:53:20', '17:09:55', 'Di lam', 'Chấm công tự động tháng 3'),
(936, 18, '2026-03-07', '08:09:34', '17:08:04', 'Di lam', 'Chấm công tự động tháng 3'),
(937, 19, '2026-03-07', '07:51:42', '17:04:15', 'Di lam', 'Chấm công tự động tháng 3'),
(938, 21, '2026-03-07', '08:06:13', '17:08:17', 'Di lam', 'Chấm công tự động tháng 3'),
(939, 22, '2026-03-07', '08:02:47', '17:19:07', 'Di lam', 'Chấm công tự động tháng 3'),
(940, 23, '2026-03-07', '08:07:11', '17:08:37', 'Di lam', 'Chấm công tự động tháng 3'),
(941, 24, '2026-03-07', '08:01:30', '17:11:40', 'Di lam', 'Chấm công tự động tháng 3'),
(942, 25, '2026-03-07', '07:53:49', '17:04:07', 'Di lam', 'Chấm công tự động tháng 3'),
(943, 26, '2026-03-07', '07:59:08', '17:13:19', 'Di lam', 'Chấm công tự động tháng 3'),
(944, 27, '2026-03-07', '08:09:11', '17:15:59', 'Di lam', 'Chấm công tự động tháng 3'),
(945, 29, '2026-03-07', '07:52:24', '17:04:04', 'Di lam', 'Chấm công tự động tháng 3'),
(946, 30, '2026-03-07', '08:03:09', '17:13:34', 'Di lam', 'Chấm công tự động tháng 3'),
(947, 31, '2026-03-07', '07:58:21', '17:01:05', 'Di lam', 'Chấm công tự động tháng 3'),
(948, 32, '2026-03-07', '07:50:22', '17:18:34', 'Di lam', 'Chấm công tự động tháng 3'),
(949, 33, '2026-03-07', '08:01:46', '17:03:08', 'Di lam', 'Chấm công tự động tháng 3'),
(950, 34, '2026-03-07', '07:50:25', '17:12:38', 'Di lam', 'Chấm công tự động tháng 3'),
(951, 36, '2026-03-07', '07:51:56', '17:11:47', 'Di lam', 'Chấm công tự động tháng 3'),
(952, 37, '2026-03-07', '08:03:06', '17:10:09', 'Di lam', 'Chấm công tự động tháng 3'),
(953, 38, '2026-03-07', '08:01:30', '17:07:05', 'Di lam', 'Chấm công tự động tháng 3'),
(954, 39, '2026-03-07', '07:50:52', '17:03:05', 'Di lam', 'Chấm công tự động tháng 3'),
(955, 40, '2026-03-07', '08:02:51', '17:15:02', 'Di lam', 'Chấm công tự động tháng 3'),
(956, 42, '2026-03-07', '08:06:37', '17:17:57', 'Di lam', 'Chấm công tự động tháng 3'),
(957, 43, '2026-03-07', '08:09:57', '17:05:54', 'Di lam', 'Chấm công tự động tháng 3'),
(958, 44, '2026-03-07', '07:59:38', '17:10:28', 'Di lam', 'Chấm công tự động tháng 3'),
(959, 45, '2026-03-07', '07:53:29', '17:05:59', 'Di lam', 'Chấm công tự động tháng 3'),
(960, 46, '2026-03-07', '08:09:30', '17:19:35', 'Di lam', 'Chấm công tự động tháng 3'),
(961, 47, '2026-03-07', '08:09:25', '17:18:18', 'Di lam', 'Chấm công tự động tháng 3'),
(962, 49, '2026-03-07', '08:03:16', '17:11:28', 'Di lam', 'Chấm công tự động tháng 3'),
(963, 50, '2026-03-07', '08:07:34', '17:13:23', 'Di lam', 'Chấm công tự động tháng 3'),
(986, 1, '2026-03-09', '08:04:17', '17:11:14', 'Di lam', 'Chấm công tự động tháng 3'),
(987, 2, '2026-03-09', '08:03:22', '17:13:08', 'Di lam', 'Chấm công tự động tháng 3'),
(988, 4, '2026-03-09', '07:55:33', '17:08:24', 'Di lam', 'Chấm công tự động tháng 3'),
(989, 5, '2026-03-09', '07:55:21', '17:01:34', 'Di lam', 'Chấm công tự động tháng 3'),
(990, 7, '2026-03-09', '08:05:48', '17:16:17', 'Di lam', 'Chấm công tự động tháng 3'),
(991, 8, '2026-03-09', '08:04:05', '17:01:31', 'Di lam', 'Chấm công tự động tháng 3'),
(992, 10, '2026-03-09', '07:55:23', '17:02:23', 'Di lam', 'Chấm công tự động tháng 3'),
(993, 11, '2026-03-09', '08:05:48', '17:11:48', 'Di lam', 'Chấm công tự động tháng 3'),
(994, 12, '2026-03-09', '08:01:40', '17:02:53', 'Di lam', 'Chấm công tự động tháng 3'),
(995, 13, '2026-03-09', '08:09:29', '17:08:44', 'Di lam', 'Chấm công tự động tháng 3'),
(996, 15, '2026-03-09', '07:55:15', '17:00:03', 'Di lam', 'Chấm công tự động tháng 3'),
(997, 16, '2026-03-09', '07:54:30', '17:02:21', 'Di lam', 'Chấm công tự động tháng 3'),
(998, 17, '2026-03-09', '08:08:15', '17:04:12', 'Di lam', 'Chấm công tự động tháng 3'),
(999, 18, '2026-03-09', '07:56:17', '17:18:50', 'Di lam', 'Chấm công tự động tháng 3'),
(1000, 19, '2026-03-09', '08:05:17', '17:19:58', 'Di lam', 'Chấm công tự động tháng 3'),
(1001, 21, '2026-03-09', '08:04:01', '17:10:09', 'Di lam', 'Chấm công tự động tháng 3'),
(1002, 22, '2026-03-09', '07:58:43', '17:13:09', 'Di lam', 'Chấm công tự động tháng 3'),
(1003, 23, '2026-03-09', '08:09:37', '17:18:38', 'Di lam', 'Chấm công tự động tháng 3'),
(1004, 24, '2026-03-09', '08:04:19', '17:15:41', 'Di lam', 'Chấm công tự động tháng 3'),
(1005, 25, '2026-03-09', '08:05:27', '17:10:15', 'Di lam', 'Chấm công tự động tháng 3'),
(1006, 26, '2026-03-09', '07:54:52', '17:13:36', 'Di lam', 'Chấm công tự động tháng 3'),
(1007, 27, '2026-03-09', '08:03:27', '17:06:24', 'Di lam', 'Chấm công tự động tháng 3'),
(1008, 29, '2026-03-09', '08:01:42', '17:19:18', 'Di lam', 'Chấm công tự động tháng 3'),
(1009, 30, '2026-03-09', '07:51:24', '17:09:07', 'Di lam', 'Chấm công tự động tháng 3'),
(1010, 31, '2026-03-09', '07:51:23', '17:19:33', 'Di lam', 'Chấm công tự động tháng 3'),
(1011, 32, '2026-03-09', '08:03:38', '17:09:29', 'Di lam', 'Chấm công tự động tháng 3'),
(1012, 33, '2026-03-09', '07:56:35', '17:04:26', 'Di lam', 'Chấm công tự động tháng 3'),
(1013, 34, '2026-03-09', '07:52:27', '17:18:55', 'Di lam', 'Chấm công tự động tháng 3'),
(1014, 36, '2026-03-09', '07:57:17', '17:19:39', 'Di lam', 'Chấm công tự động tháng 3'),
(1015, 37, '2026-03-09', '08:06:25', '17:03:10', 'Di lam', 'Chấm công tự động tháng 3'),
(1016, 38, '2026-03-09', '07:56:33', '17:03:15', 'Di lam', 'Chấm công tự động tháng 3'),
(1017, 39, '2026-03-09', '08:06:37', '17:13:19', 'Di lam', 'Chấm công tự động tháng 3'),
(1018, 40, '2026-03-09', '08:06:45', '17:03:51', 'Di lam', 'Chấm công tự động tháng 3'),
(1019, 42, '2026-03-09', '07:58:59', '17:13:23', 'Di lam', 'Chấm công tự động tháng 3'),
(1020, 43, '2026-03-09', '08:09:58', '17:19:40', 'Di lam', 'Chấm công tự động tháng 3'),
(1021, 44, '2026-03-09', '08:08:28', '17:13:21', 'Di lam', 'Chấm công tự động tháng 3'),
(1022, 45, '2026-03-09', '08:01:23', '17:16:50', 'Di lam', 'Chấm công tự động tháng 3'),
(1023, 46, '2026-03-09', '08:00:04', '17:19:50', 'Di lam', 'Chấm công tự động tháng 3'),
(1024, 47, '2026-03-09', '07:58:59', '17:05:23', 'Di lam', 'Chấm công tự động tháng 3'),
(1025, 49, '2026-03-09', '07:50:01', '17:03:54', 'Di lam', 'Chấm công tự động tháng 3'),
(1026, 50, '2026-03-09', '08:09:29', '17:05:42', 'Di lam', 'Chấm công tự động tháng 3'),
(1049, 1, '2026-03-10', '08:00:06', '17:13:24', 'Di lam', 'Chấm công tự động tháng 3'),
(1050, 2, '2026-03-10', '08:06:44', '17:03:26', 'Di lam', 'Chấm công tự động tháng 3'),
(1051, 4, '2026-03-10', '07:57:01', '17:04:44', 'Di lam', 'Chấm công tự động tháng 3'),
(1052, 5, '2026-03-10', '07:52:41', '17:19:11', 'Di lam', 'Chấm công tự động tháng 3'),
(1053, 7, '2026-03-10', '07:55:43', '17:03:00', 'Di lam', 'Chấm công tự động tháng 3'),
(1054, 8, '2026-03-10', '08:07:52', '17:00:20', 'Di lam', 'Chấm công tự động tháng 3'),
(1055, 10, '2026-03-10', '07:58:05', '17:19:27', 'Di lam', 'Chấm công tự động tháng 3'),
(1056, 11, '2026-03-10', '08:02:58', '17:06:29', 'Di lam', 'Chấm công tự động tháng 3'),
(1057, 12, '2026-03-10', '08:03:33', '17:08:18', 'Di lam', 'Chấm công tự động tháng 3'),
(1058, 13, '2026-03-10', '07:50:53', '17:19:30', 'Di lam', 'Chấm công tự động tháng 3'),
(1059, 15, '2026-03-10', '08:04:50', '17:15:40', 'Di lam', 'Chấm công tự động tháng 3'),
(1060, 16, '2026-03-10', '08:03:54', '17:02:28', 'Di lam', 'Chấm công tự động tháng 3'),
(1061, 17, '2026-03-10', '08:00:39', '17:05:52', 'Di lam', 'Chấm công tự động tháng 3'),
(1062, 18, '2026-03-10', '08:07:22', '17:09:16', 'Di lam', 'Chấm công tự động tháng 3'),
(1063, 19, '2026-03-10', '08:04:12', '17:03:14', 'Di lam', 'Chấm công tự động tháng 3'),
(1064, 21, '2026-03-10', '08:03:33', '17:18:05', 'Di lam', 'Chấm công tự động tháng 3'),
(1065, 22, '2026-03-10', '07:59:46', '17:14:37', 'Di lam', 'Chấm công tự động tháng 3'),
(1066, 23, '2026-03-10', '07:53:47', '17:15:04', 'Di lam', 'Chấm công tự động tháng 3'),
(1067, 24, '2026-03-10', '07:54:01', '17:14:50', 'Di lam', 'Chấm công tự động tháng 3'),
(1068, 25, '2026-03-10', '07:52:11', '17:06:26', 'Di lam', 'Chấm công tự động tháng 3'),
(1069, 26, '2026-03-10', '07:55:35', '17:08:37', 'Di lam', 'Chấm công tự động tháng 3'),
(1070, 27, '2026-03-10', '07:56:21', '17:05:56', 'Di lam', 'Chấm công tự động tháng 3'),
(1071, 29, '2026-03-10', '08:00:37', '17:15:17', 'Di lam', 'Chấm công tự động tháng 3'),
(1072, 30, '2026-03-10', '07:54:36', '17:17:07', 'Di lam', 'Chấm công tự động tháng 3'),
(1073, 31, '2026-03-10', '08:01:48', '17:07:42', 'Di lam', 'Chấm công tự động tháng 3'),
(1074, 32, '2026-03-10', '07:53:05', '17:12:20', 'Di lam', 'Chấm công tự động tháng 3'),
(1075, 33, '2026-03-10', '08:02:25', '17:05:06', 'Di lam', 'Chấm công tự động tháng 3'),
(1076, 34, '2026-03-10', '07:58:15', '17:05:57', 'Di lam', 'Chấm công tự động tháng 3'),
(1077, 36, '2026-03-10', '07:55:01', '17:07:14', 'Di lam', 'Chấm công tự động tháng 3'),
(1078, 37, '2026-03-10', '07:51:07', '17:03:52', 'Di lam', 'Chấm công tự động tháng 3'),
(1079, 38, '2026-03-10', '08:06:03', '17:08:38', 'Di lam', 'Chấm công tự động tháng 3'),
(1080, 39, '2026-03-10', '08:05:02', '17:09:16', 'Di lam', 'Chấm công tự động tháng 3'),
(1081, 40, '2026-03-10', '07:51:13', '17:18:19', 'Di lam', 'Chấm công tự động tháng 3'),
(1082, 42, '2026-03-10', '07:57:55', '17:04:37', 'Di lam', 'Chấm công tự động tháng 3'),
(1083, 43, '2026-03-10', '08:09:23', '17:03:05', 'Di lam', 'Chấm công tự động tháng 3'),
(1084, 44, '2026-03-10', '08:07:16', '17:17:05', 'Di lam', 'Chấm công tự động tháng 3'),
(1085, 45, '2026-03-10', '08:03:38', '17:16:57', 'Di lam', 'Chấm công tự động tháng 3'),
(1086, 46, '2026-03-10', '07:53:49', '17:08:15', 'Di lam', 'Chấm công tự động tháng 3'),
(1087, 47, '2026-03-10', '07:59:48', '17:04:15', 'Di lam', 'Chấm công tự động tháng 3'),
(1088, 49, '2026-03-10', '08:01:54', '17:06:45', 'Di lam', 'Chấm công tự động tháng 3'),
(1089, 50, '2026-03-10', '08:08:01', '17:09:54', 'Di lam', 'Chấm công tự động tháng 3'),
(1112, 1, '2026-03-11', '08:05:26', '17:07:27', 'Di lam', 'Chấm công tự động tháng 3'),
(1113, 2, '2026-03-11', '08:01:00', '17:12:36', 'Di lam', 'Chấm công tự động tháng 3'),
(1114, 4, '2026-03-11', '08:00:04', '17:12:33', 'Di lam', 'Chấm công tự động tháng 3'),
(1115, 5, '2026-03-11', '08:02:32', '17:05:02', 'Di lam', 'Chấm công tự động tháng 3'),
(1116, 7, '2026-03-11', '08:01:04', '17:07:06', 'Di lam', 'Chấm công tự động tháng 3'),
(1117, 8, '2026-03-11', '07:52:20', '17:10:20', 'Di lam', 'Chấm công tự động tháng 3'),
(1118, 10, '2026-03-11', '07:54:41', '17:12:27', 'Di lam', 'Chấm công tự động tháng 3'),
(1119, 11, '2026-03-11', '07:58:13', '17:03:45', 'Di lam', 'Chấm công tự động tháng 3'),
(1120, 12, '2026-03-11', '08:04:05', '17:19:12', 'Di lam', 'Chấm công tự động tháng 3'),
(1121, 13, '2026-03-11', '08:03:47', '17:11:16', 'Di lam', 'Chấm công tự động tháng 3'),
(1122, 15, '2026-03-11', '08:05:00', '17:01:14', 'Di lam', 'Chấm công tự động tháng 3'),
(1123, 16, '2026-03-11', '07:51:10', '17:02:08', 'Di lam', 'Chấm công tự động tháng 3'),
(1124, 17, '2026-03-11', '07:57:11', '17:09:31', 'Di lam', 'Chấm công tự động tháng 3'),
(1125, 18, '2026-03-11', '07:56:03', '17:01:42', 'Di lam', 'Chấm công tự động tháng 3'),
(1126, 19, '2026-03-11', '08:00:24', '17:06:52', 'Di lam', 'Chấm công tự động tháng 3'),
(1127, 21, '2026-03-11', '07:53:08', '17:15:06', 'Di lam', 'Chấm công tự động tháng 3'),
(1128, 22, '2026-03-11', '07:56:04', '17:05:06', 'Di lam', 'Chấm công tự động tháng 3'),
(1129, 23, '2026-03-11', '07:57:15', '17:01:01', 'Di lam', 'Chấm công tự động tháng 3'),
(1130, 24, '2026-03-11', '07:53:18', '17:13:28', 'Di lam', 'Chấm công tự động tháng 3'),
(1131, 25, '2026-03-11', '08:07:27', '17:06:52', 'Di lam', 'Chấm công tự động tháng 3'),
(1132, 26, '2026-03-11', '07:51:58', '17:09:15', 'Di lam', 'Chấm công tự động tháng 3'),
(1133, 27, '2026-03-11', '07:50:20', '17:13:56', 'Di lam', 'Chấm công tự động tháng 3'),
(1134, 29, '2026-03-11', '07:58:39', '17:01:28', 'Di lam', 'Chấm công tự động tháng 3'),
(1135, 30, '2026-03-11', '07:51:26', '17:02:43', 'Di lam', 'Chấm công tự động tháng 3'),
(1136, 31, '2026-03-11', '07:59:20', '17:18:31', 'Di lam', 'Chấm công tự động tháng 3'),
(1137, 32, '2026-03-11', '07:54:37', '17:07:30', 'Di lam', 'Chấm công tự động tháng 3'),
(1138, 33, '2026-03-11', '07:53:38', '17:15:44', 'Di lam', 'Chấm công tự động tháng 3'),
(1139, 34, '2026-03-11', '07:57:46', '17:11:37', 'Di lam', 'Chấm công tự động tháng 3'),
(1140, 36, '2026-03-11', '08:04:50', '17:19:17', 'Di lam', 'Chấm công tự động tháng 3'),
(1141, 37, '2026-03-11', '08:01:58', '17:01:59', 'Di lam', 'Chấm công tự động tháng 3'),
(1142, 38, '2026-03-11', '08:04:01', '17:04:08', 'Di lam', 'Chấm công tự động tháng 3'),
(1143, 39, '2026-03-11', '08:08:40', '17:00:54', 'Di lam', 'Chấm công tự động tháng 3'),
(1144, 40, '2026-03-11', '07:58:30', '17:19:50', 'Di lam', 'Chấm công tự động tháng 3'),
(1145, 42, '2026-03-11', '08:03:39', '17:08:47', 'Di lam', 'Chấm công tự động tháng 3'),
(1146, 43, '2026-03-11', '07:52:57', '17:08:26', 'Di lam', 'Chấm công tự động tháng 3'),
(1147, 44, '2026-03-11', '08:03:20', '17:01:21', 'Di lam', 'Chấm công tự động tháng 3'),
(1148, 45, '2026-03-11', '07:56:45', '17:09:44', 'Di lam', 'Chấm công tự động tháng 3'),
(1149, 46, '2026-03-11', '07:58:26', '17:12:58', 'Di lam', 'Chấm công tự động tháng 3'),
(1150, 47, '2026-03-11', '08:09:34', '17:18:56', 'Di lam', 'Chấm công tự động tháng 3'),
(1151, 49, '2026-03-11', '08:06:00', '17:03:10', 'Di lam', 'Chấm công tự động tháng 3'),
(1152, 50, '2026-03-11', '07:57:52', '17:09:51', 'Di lam', 'Chấm công tự động tháng 3'),
(1175, 1, '2026-03-12', '07:55:38', '17:18:38', 'Di lam', 'Chấm công tự động tháng 3'),
(1176, 2, '2026-03-12', '08:06:17', '17:05:33', 'Di lam', 'Chấm công tự động tháng 3'),
(1177, 4, '2026-03-12', '08:08:52', '17:17:44', 'Di lam', 'Chấm công tự động tháng 3'),
(1178, 5, '2026-03-12', '08:02:03', '17:07:03', 'Di lam', 'Chấm công tự động tháng 3'),
(1179, 7, '2026-03-12', '08:04:40', '17:10:11', 'Di lam', 'Chấm công tự động tháng 3'),
(1180, 8, '2026-03-12', '07:56:54', '17:03:59', 'Di lam', 'Chấm công tự động tháng 3'),
(1181, 10, '2026-03-12', '08:09:13', '17:04:09', 'Di lam', 'Chấm công tự động tháng 3'),
(1182, 11, '2026-03-12', '07:53:05', '17:03:00', 'Di lam', 'Chấm công tự động tháng 3'),
(1183, 12, '2026-03-12', '07:55:44', '17:19:42', 'Di lam', 'Chấm công tự động tháng 3'),
(1184, 13, '2026-03-12', '07:51:18', '17:07:23', 'Di lam', 'Chấm công tự động tháng 3'),
(1185, 15, '2026-03-12', '08:03:00', '17:02:55', 'Di lam', 'Chấm công tự động tháng 3'),
(1186, 16, '2026-03-12', '08:05:34', '17:09:04', 'Di lam', 'Chấm công tự động tháng 3'),
(1187, 17, '2026-03-12', '08:08:40', '17:06:07', 'Di lam', 'Chấm công tự động tháng 3'),
(1188, 18, '2026-03-12', '08:04:38', '17:14:48', 'Di lam', 'Chấm công tự động tháng 3'),
(1189, 19, '2026-03-12', '08:00:08', '17:06:17', 'Di lam', 'Chấm công tự động tháng 3'),
(1190, 21, '2026-03-12', '07:51:02', '17:06:20', 'Di lam', 'Chấm công tự động tháng 3'),
(1191, 22, '2026-03-12', '07:58:35', '17:03:55', 'Di lam', 'Chấm công tự động tháng 3'),
(1192, 23, '2026-03-12', '08:03:51', '17:17:29', 'Di lam', 'Chấm công tự động tháng 3'),
(1193, 24, '2026-03-12', '07:55:55', '17:17:07', 'Di lam', 'Chấm công tự động tháng 3'),
(1194, 25, '2026-03-12', '07:57:50', '17:07:48', 'Di lam', 'Chấm công tự động tháng 3');
INSERT INTO `chamcong` (`MaCC`, `MaNV`, `Ngay`, `GioVao`, `GioRa`, `TrangThai`, `GhiChu`) VALUES
(1195, 26, '2026-03-12', '08:05:32', '17:14:16', 'Di lam', 'Chấm công tự động tháng 3'),
(1196, 27, '2026-03-12', '07:54:45', '17:00:58', 'Di lam', 'Chấm công tự động tháng 3'),
(1197, 29, '2026-03-12', '08:00:36', '17:10:07', 'Di lam', 'Chấm công tự động tháng 3'),
(1198, 30, '2026-03-12', '08:08:47', '17:03:35', 'Di lam', 'Chấm công tự động tháng 3'),
(1199, 31, '2026-03-12', '07:51:35', '17:17:12', 'Di lam', 'Chấm công tự động tháng 3'),
(1200, 32, '2026-03-12', '07:51:13', '17:14:30', 'Di lam', 'Chấm công tự động tháng 3'),
(1201, 33, '2026-03-12', '07:58:50', '17:00:43', 'Di lam', 'Chấm công tự động tháng 3'),
(1202, 34, '2026-03-12', '08:07:04', '17:03:12', 'Di lam', 'Chấm công tự động tháng 3'),
(1203, 36, '2026-03-12', '07:54:50', '17:14:35', 'Di lam', 'Chấm công tự động tháng 3'),
(1204, 37, '2026-03-12', '08:08:24', '17:08:14', 'Di lam', 'Chấm công tự động tháng 3'),
(1205, 38, '2026-03-12', '07:55:58', '17:05:10', 'Di lam', 'Chấm công tự động tháng 3'),
(1206, 39, '2026-03-12', '07:57:58', '17:04:19', 'Di lam', 'Chấm công tự động tháng 3'),
(1207, 40, '2026-03-12', '08:07:40', '17:15:25', 'Di lam', 'Chấm công tự động tháng 3'),
(1208, 42, '2026-03-12', '07:54:06', '17:14:17', 'Di lam', 'Chấm công tự động tháng 3'),
(1209, 43, '2026-03-12', '08:09:06', '17:12:39', 'Di lam', 'Chấm công tự động tháng 3'),
(1210, 44, '2026-03-12', '07:56:00', '17:12:01', 'Di lam', 'Chấm công tự động tháng 3'),
(1211, 45, '2026-03-12', '07:52:08', '17:14:35', 'Di lam', 'Chấm công tự động tháng 3'),
(1212, 46, '2026-03-12', '07:56:34', '17:09:06', 'Di lam', 'Chấm công tự động tháng 3'),
(1213, 47, '2026-03-12', '07:55:47', '17:01:36', 'Di lam', 'Chấm công tự động tháng 3'),
(1214, 49, '2026-03-12', '08:00:43', '17:08:45', 'Di lam', 'Chấm công tự động tháng 3'),
(1215, 50, '2026-03-12', '08:01:38', '17:11:54', 'Di lam', 'Chấm công tự động tháng 3'),
(1238, 1, '2026-03-13', '07:54:38', '17:07:27', 'Di lam', 'Chấm công tự động tháng 3'),
(1239, 2, '2026-03-13', '07:53:20', '17:14:22', 'Di lam', 'Chấm công tự động tháng 3'),
(1240, 4, '2026-03-13', '07:51:48', '17:05:55', 'Di lam', 'Chấm công tự động tháng 3'),
(1241, 5, '2026-03-13', '07:54:13', '17:03:19', 'Di lam', 'Chấm công tự động tháng 3'),
(1242, 7, '2026-03-13', '08:06:52', '17:15:08', 'Di lam', 'Chấm công tự động tháng 3'),
(1243, 8, '2026-03-13', '07:55:05', '17:00:01', 'Di lam', 'Chấm công tự động tháng 3'),
(1244, 10, '2026-03-13', '07:54:52', '17:04:17', 'Di lam', 'Chấm công tự động tháng 3'),
(1245, 11, '2026-03-13', '07:56:49', '17:01:15', 'Di lam', 'Chấm công tự động tháng 3'),
(1246, 12, '2026-03-13', '07:55:46', '17:05:09', 'Di lam', 'Chấm công tự động tháng 3'),
(1247, 13, '2026-03-13', '07:58:25', '17:06:38', 'Di lam', 'Chấm công tự động tháng 3'),
(1248, 15, '2026-03-13', '07:57:58', '17:19:57', 'Di lam', 'Chấm công tự động tháng 3'),
(1249, 16, '2026-03-13', '08:05:51', '17:19:26', 'Di lam', 'Chấm công tự động tháng 3'),
(1250, 17, '2026-03-13', '07:59:36', '17:09:44', 'Di lam', 'Chấm công tự động tháng 3'),
(1251, 18, '2026-03-13', '08:09:49', '17:09:57', 'Di lam', 'Chấm công tự động tháng 3'),
(1252, 19, '2026-03-13', '08:00:17', '17:01:35', 'Di lam', 'Chấm công tự động tháng 3'),
(1253, 21, '2026-03-13', '08:07:04', '17:00:36', 'Di lam', 'Chấm công tự động tháng 3'),
(1254, 22, '2026-03-13', '08:01:49', '17:17:17', 'Di lam', 'Chấm công tự động tháng 3'),
(1255, 23, '2026-03-13', '08:00:57', '17:02:56', 'Di lam', 'Chấm công tự động tháng 3'),
(1256, 24, '2026-03-13', '07:51:50', '17:00:21', 'Di lam', 'Chấm công tự động tháng 3'),
(1257, 25, '2026-03-13', '08:06:17', '17:00:23', 'Di lam', 'Chấm công tự động tháng 3'),
(1258, 26, '2026-03-13', '08:03:06', '17:04:19', 'Di lam', 'Chấm công tự động tháng 3'),
(1259, 27, '2026-03-13', '07:52:19', '17:18:37', 'Di lam', 'Chấm công tự động tháng 3'),
(1260, 29, '2026-03-13', '07:56:08', '17:14:49', 'Di lam', 'Chấm công tự động tháng 3'),
(1261, 30, '2026-03-13', '08:05:43', '17:14:07', 'Di lam', 'Chấm công tự động tháng 3'),
(1262, 31, '2026-03-13', '07:53:29', '17:15:03', 'Di lam', 'Chấm công tự động tháng 3'),
(1263, 32, '2026-03-13', '07:54:50', '17:19:00', 'Di lam', 'Chấm công tự động tháng 3'),
(1264, 33, '2026-03-13', '07:50:33', '17:05:44', 'Di lam', 'Chấm công tự động tháng 3'),
(1265, 34, '2026-03-13', '07:57:02', '17:17:59', 'Di lam', 'Chấm công tự động tháng 3'),
(1266, 36, '2026-03-13', '07:58:47', '17:10:00', 'Di lam', 'Chấm công tự động tháng 3'),
(1267, 37, '2026-03-13', '07:53:41', '17:08:26', 'Di lam', 'Chấm công tự động tháng 3'),
(1268, 38, '2026-03-13', '08:01:06', '17:10:15', 'Di lam', 'Chấm công tự động tháng 3'),
(1269, 39, '2026-03-13', '08:07:54', '17:18:49', 'Di lam', 'Chấm công tự động tháng 3'),
(1270, 40, '2026-03-13', '07:50:21', '17:05:21', 'Di lam', 'Chấm công tự động tháng 3'),
(1271, 42, '2026-03-13', '07:55:41', '17:12:23', 'Di lam', 'Chấm công tự động tháng 3'),
(1272, 43, '2026-03-13', '07:54:53', '17:07:16', 'Di lam', 'Chấm công tự động tháng 3'),
(1273, 44, '2026-03-13', '07:51:43', '17:06:45', 'Di lam', 'Chấm công tự động tháng 3'),
(1274, 45, '2026-03-13', '07:58:36', '17:02:47', 'Di lam', 'Chấm công tự động tháng 3'),
(1275, 46, '2026-03-13', '07:58:05', '17:12:08', 'Di lam', 'Chấm công tự động tháng 3'),
(1276, 47, '2026-03-13', '08:06:23', '17:05:31', 'Di lam', 'Chấm công tự động tháng 3'),
(1277, 49, '2026-03-13', '08:08:29', '17:15:52', 'Di lam', 'Chấm công tự động tháng 3'),
(1278, 50, '2026-03-13', '07:53:53', '17:11:48', 'Di lam', 'Chấm công tự động tháng 3'),
(1301, 1, '2026-03-14', '07:57:25', '17:01:38', 'Di lam', 'Chấm công tự động tháng 3'),
(1302, 2, '2026-03-14', '07:55:58', '17:04:57', 'Di lam', 'Chấm công tự động tháng 3'),
(1303, 4, '2026-03-14', '07:56:53', '17:19:31', 'Di lam', 'Chấm công tự động tháng 3'),
(1304, 5, '2026-03-14', '08:06:59', '17:06:20', 'Di lam', 'Chấm công tự động tháng 3'),
(1305, 7, '2026-03-14', '07:50:55', '17:10:45', 'Di lam', 'Chấm công tự động tháng 3'),
(1306, 8, '2026-03-14', '08:01:00', '17:02:45', 'Di lam', 'Chấm công tự động tháng 3'),
(1307, 10, '2026-03-14', '07:50:48', '17:15:43', 'Di lam', 'Chấm công tự động tháng 3'),
(1308, 11, '2026-03-14', '08:06:12', '17:13:54', 'Di lam', 'Chấm công tự động tháng 3'),
(1309, 12, '2026-03-14', '07:50:53', '17:02:41', 'Di lam', 'Chấm công tự động tháng 3'),
(1310, 13, '2026-03-14', '08:00:50', '17:06:06', 'Di lam', 'Chấm công tự động tháng 3'),
(1311, 15, '2026-03-14', '08:08:03', '17:11:54', 'Di lam', 'Chấm công tự động tháng 3'),
(1312, 16, '2026-03-14', '07:55:24', '17:11:18', 'Di lam', 'Chấm công tự động tháng 3'),
(1313, 17, '2026-03-14', '07:50:16', '17:07:29', 'Di lam', 'Chấm công tự động tháng 3'),
(1314, 18, '2026-03-14', '08:06:36', '17:00:33', 'Di lam', 'Chấm công tự động tháng 3'),
(1315, 19, '2026-03-14', '08:02:58', '17:03:10', 'Di lam', 'Chấm công tự động tháng 3'),
(1316, 21, '2026-03-14', '08:06:58', '17:15:21', 'Di lam', 'Chấm công tự động tháng 3'),
(1317, 22, '2026-03-14', '07:55:52', '17:03:15', 'Di lam', 'Chấm công tự động tháng 3'),
(1318, 23, '2026-03-14', '08:08:41', '17:03:41', 'Di lam', 'Chấm công tự động tháng 3'),
(1319, 24, '2026-03-14', '07:52:21', '17:00:45', 'Di lam', 'Chấm công tự động tháng 3'),
(1320, 25, '2026-03-14', '08:06:42', '17:01:16', 'Di lam', 'Chấm công tự động tháng 3'),
(1321, 26, '2026-03-14', '08:06:14', '17:17:24', 'Di lam', 'Chấm công tự động tháng 3'),
(1322, 27, '2026-03-14', '08:08:17', '17:19:16', 'Di lam', 'Chấm công tự động tháng 3'),
(1323, 29, '2026-03-14', '07:51:27', '17:09:27', 'Di lam', 'Chấm công tự động tháng 3'),
(1324, 30, '2026-03-14', '07:52:55', '17:06:13', 'Di lam', 'Chấm công tự động tháng 3'),
(1325, 31, '2026-03-14', '07:52:20', '17:13:04', 'Di lam', 'Chấm công tự động tháng 3'),
(1326, 32, '2026-03-14', '08:08:20', '17:12:28', 'Di lam', 'Chấm công tự động tháng 3'),
(1327, 33, '2026-03-14', '07:57:23', '17:19:29', 'Di lam', 'Chấm công tự động tháng 3'),
(1328, 34, '2026-03-14', '08:05:16', '17:17:55', 'Di lam', 'Chấm công tự động tháng 3'),
(1329, 36, '2026-03-14', '07:53:48', '17:05:16', 'Di lam', 'Chấm công tự động tháng 3'),
(1330, 37, '2026-03-14', '08:04:56', '17:18:53', 'Di lam', 'Chấm công tự động tháng 3'),
(1331, 38, '2026-03-14', '07:59:38', '17:11:32', 'Di lam', 'Chấm công tự động tháng 3'),
(1332, 39, '2026-03-14', '07:58:45', '17:09:12', 'Di lam', 'Chấm công tự động tháng 3'),
(1333, 40, '2026-03-14', '08:09:43', '17:11:02', 'Di lam', 'Chấm công tự động tháng 3'),
(1334, 42, '2026-03-14', '08:06:01', '17:07:01', 'Di lam', 'Chấm công tự động tháng 3'),
(1335, 43, '2026-03-14', '07:57:02', '17:14:05', 'Di lam', 'Chấm công tự động tháng 3'),
(1336, 44, '2026-03-14', '07:59:23', '17:04:38', 'Di lam', 'Chấm công tự động tháng 3'),
(1337, 45, '2026-03-14', '08:05:02', '17:01:18', 'Di lam', 'Chấm công tự động tháng 3'),
(1338, 46, '2026-03-14', '07:51:25', '17:03:09', 'Di lam', 'Chấm công tự động tháng 3'),
(1339, 47, '2026-03-14', '08:01:32', '17:08:13', 'Di lam', 'Chấm công tự động tháng 3'),
(1340, 49, '2026-03-14', '07:56:29', '17:07:49', 'Di lam', 'Chấm công tự động tháng 3'),
(1341, 50, '2026-03-14', '08:09:36', '17:14:33', 'Di lam', 'Chấm công tự động tháng 3'),
(1364, 1, '2026-03-16', '08:03:57', '17:06:08', 'Di lam', 'Chấm công tự động tháng 3'),
(1365, 2, '2026-03-16', '07:58:48', '17:05:38', 'Di lam', 'Chấm công tự động tháng 3'),
(1366, 4, '2026-03-16', '07:51:45', '17:11:52', 'Di lam', 'Chấm công tự động tháng 3'),
(1367, 5, '2026-03-16', '08:04:07', '17:14:57', 'Di lam', 'Chấm công tự động tháng 3'),
(1368, 6, '2026-03-16', '08:02:26', '17:17:19', 'Di lam', 'Chấm công tự động tháng 3'),
(1369, 7, '2026-03-16', '07:59:16', '17:14:26', 'Di lam', 'Chấm công tự động tháng 3'),
(1370, 8, '2026-03-16', '07:54:22', '17:18:31', 'Di lam', 'Chấm công tự động tháng 3'),
(1371, 10, '2026-03-16', '08:09:32', '17:02:06', 'Di lam', 'Chấm công tự động tháng 3'),
(1372, 11, '2026-03-16', '08:01:54', '17:13:11', 'Di lam', 'Chấm công tự động tháng 3'),
(1373, 12, '2026-03-16', '08:00:15', '17:11:44', 'Di lam', 'Chấm công tự động tháng 3'),
(1374, 13, '2026-03-16', '07:57:55', '17:04:21', 'Di lam', 'Chấm công tự động tháng 3'),
(1375, 15, '2026-03-16', '08:08:03', '17:17:10', 'Di lam', 'Chấm công tự động tháng 3'),
(1376, 16, '2026-03-16', '08:01:44', '17:07:10', 'Di lam', 'Chấm công tự động tháng 3'),
(1377, 17, '2026-03-16', '07:50:40', '17:01:50', 'Di lam', 'Chấm công tự động tháng 3'),
(1378, 18, '2026-03-16', '07:57:09', '17:10:16', 'Di lam', 'Chấm công tự động tháng 3'),
(1379, 19, '2026-03-16', '07:59:55', '17:18:47', 'Di lam', 'Chấm công tự động tháng 3'),
(1380, 21, '2026-03-16', '07:54:11', '17:04:33', 'Di lam', 'Chấm công tự động tháng 3'),
(1381, 22, '2026-03-16', '08:00:14', '17:17:33', 'Di lam', 'Chấm công tự động tháng 3'),
(1382, 23, '2026-03-16', '08:07:01', '17:12:28', 'Di lam', 'Chấm công tự động tháng 3'),
(1383, 24, '2026-03-16', '08:01:18', '17:19:05', 'Di lam', 'Chấm công tự động tháng 3'),
(1384, 25, '2026-03-16', '07:51:32', '17:10:25', 'Di lam', 'Chấm công tự động tháng 3'),
(1385, 26, '2026-03-16', '07:57:30', '17:06:16', 'Di lam', 'Chấm công tự động tháng 3'),
(1386, 27, '2026-03-16', '07:58:49', '17:05:17', 'Di lam', 'Chấm công tự động tháng 3'),
(1387, 29, '2026-03-16', '08:09:58', '17:04:00', 'Di lam', 'Chấm công tự động tháng 3'),
(1388, 30, '2026-03-16', '07:50:08', '17:08:41', 'Di lam', 'Chấm công tự động tháng 3'),
(1389, 31, '2026-03-16', '07:52:58', '17:08:51', 'Di lam', 'Chấm công tự động tháng 3'),
(1390, 32, '2026-03-16', '08:05:21', '17:10:13', 'Di lam', 'Chấm công tự động tháng 3'),
(1391, 33, '2026-03-16', '07:55:00', '17:14:22', 'Di lam', 'Chấm công tự động tháng 3'),
(1392, 34, '2026-03-16', '08:06:52', '17:01:15', 'Di lam', 'Chấm công tự động tháng 3'),
(1393, 36, '2026-03-16', '08:05:38', '17:14:25', 'Di lam', 'Chấm công tự động tháng 3'),
(1394, 37, '2026-03-16', '07:55:13', '17:02:50', 'Di lam', 'Chấm công tự động tháng 3'),
(1395, 38, '2026-03-16', '08:08:31', '17:04:05', 'Di lam', 'Chấm công tự động tháng 3'),
(1396, 39, '2026-03-16', '07:54:54', '17:12:16', 'Di lam', 'Chấm công tự động tháng 3'),
(1397, 40, '2026-03-16', '07:56:36', '17:16:13', 'Di lam', 'Chấm công tự động tháng 3'),
(1398, 42, '2026-03-16', '07:51:19', '17:17:57', 'Di lam', 'Chấm công tự động tháng 3'),
(1399, 43, '2026-03-16', '07:55:49', '17:15:15', 'Di lam', 'Chấm công tự động tháng 3'),
(1400, 44, '2026-03-16', '08:08:46', '17:08:07', 'Di lam', 'Chấm công tự động tháng 3'),
(1401, 45, '2026-03-16', '07:54:18', '17:17:10', 'Di lam', 'Chấm công tự động tháng 3'),
(1402, 46, '2026-03-16', '08:02:58', '17:13:18', 'Di lam', 'Chấm công tự động tháng 3'),
(1403, 47, '2026-03-16', '07:57:38', '17:18:15', 'Di lam', 'Chấm công tự động tháng 3'),
(1404, 49, '2026-03-16', '07:58:23', '17:07:08', 'Di lam', 'Chấm công tự động tháng 3'),
(1405, 50, '2026-03-16', '08:00:32', '17:11:19', 'Di lam', 'Chấm công tự động tháng 3'),
(1427, 1, '2026-03-17', '07:54:58', '17:10:53', 'Di lam', 'Chấm công tự động tháng 3'),
(1428, 2, '2026-03-17', '08:09:31', '17:04:57', 'Di lam', 'Chấm công tự động tháng 3'),
(1429, 4, '2026-03-17', '07:56:14', '17:16:18', 'Di lam', 'Chấm công tự động tháng 3'),
(1430, 5, '2026-03-17', '07:52:50', '17:05:16', 'Di lam', 'Chấm công tự động tháng 3'),
(1431, 6, '2026-03-17', '08:07:52', '17:13:31', 'Di lam', 'Chấm công tự động tháng 3'),
(1432, 7, '2026-03-17', '08:03:58', '17:09:19', 'Di lam', 'Chấm công tự động tháng 3'),
(1433, 8, '2026-03-17', '07:54:43', '17:15:36', 'Di lam', 'Chấm công tự động tháng 3'),
(1434, 10, '2026-03-17', '07:53:52', '17:12:33', 'Di lam', 'Chấm công tự động tháng 3'),
(1435, 11, '2026-03-17', '08:01:11', '17:18:17', 'Di lam', 'Chấm công tự động tháng 3'),
(1436, 12, '2026-03-17', '08:07:50', '17:14:21', 'Di lam', 'Chấm công tự động tháng 3'),
(1437, 13, '2026-03-17', '08:08:15', '17:08:11', 'Di lam', 'Chấm công tự động tháng 3'),
(1438, 15, '2026-03-17', '07:56:11', '17:06:25', 'Di lam', 'Chấm công tự động tháng 3'),
(1439, 16, '2026-03-17', '08:03:29', '17:08:14', 'Di lam', 'Chấm công tự động tháng 3'),
(1440, 17, '2026-03-17', '07:50:40', '17:18:41', 'Di lam', 'Chấm công tự động tháng 3'),
(1441, 18, '2026-03-17', '08:01:27', '17:01:09', 'Di lam', 'Chấm công tự động tháng 3'),
(1442, 19, '2026-03-17', '08:01:27', '17:13:50', 'Di lam', 'Chấm công tự động tháng 3'),
(1443, 21, '2026-03-17', '08:04:47', '17:12:24', 'Di lam', 'Chấm công tự động tháng 3'),
(1444, 22, '2026-03-17', '08:07:42', '17:11:19', 'Di lam', 'Chấm công tự động tháng 3'),
(1445, 23, '2026-03-17', '07:53:30', '17:03:34', 'Di lam', 'Chấm công tự động tháng 3'),
(1446, 24, '2026-03-17', '07:57:19', '17:05:54', 'Di lam', 'Chấm công tự động tháng 3'),
(1447, 25, '2026-03-17', '07:57:34', '17:00:09', 'Di lam', 'Chấm công tự động tháng 3'),
(1448, 26, '2026-03-17', '08:08:02', '17:09:43', 'Di lam', 'Chấm công tự động tháng 3'),
(1449, 27, '2026-03-17', '08:04:32', '17:03:29', 'Di lam', 'Chấm công tự động tháng 3'),
(1450, 29, '2026-03-17', '08:03:50', '17:18:44', 'Di lam', 'Chấm công tự động tháng 3'),
(1451, 30, '2026-03-17', '08:02:11', '17:04:43', 'Di lam', 'Chấm công tự động tháng 3'),
(1452, 31, '2026-03-17', '07:57:03', '17:01:05', 'Di lam', 'Chấm công tự động tháng 3'),
(1453, 32, '2026-03-17', '07:54:19', '17:18:18', 'Di lam', 'Chấm công tự động tháng 3'),
(1454, 33, '2026-03-17', '08:08:33', '17:17:54', 'Di lam', 'Chấm công tự động tháng 3'),
(1455, 34, '2026-03-17', '08:03:49', '17:15:22', 'Di lam', 'Chấm công tự động tháng 3'),
(1456, 36, '2026-03-17', '08:05:27', '17:11:08', 'Di lam', 'Chấm công tự động tháng 3'),
(1457, 37, '2026-03-17', '07:59:18', '17:13:06', 'Di lam', 'Chấm công tự động tháng 3'),
(1458, 38, '2026-03-17', '08:07:39', '17:08:57', 'Di lam', 'Chấm công tự động tháng 3'),
(1459, 39, '2026-03-17', '08:01:50', '17:12:19', 'Di lam', 'Chấm công tự động tháng 3'),
(1460, 40, '2026-03-17', '07:56:05', '17:13:27', 'Di lam', 'Chấm công tự động tháng 3'),
(1461, 42, '2026-03-17', '07:59:01', '17:04:47', 'Di lam', 'Chấm công tự động tháng 3'),
(1462, 43, '2026-03-17', '08:06:50', '17:09:50', 'Di lam', 'Chấm công tự động tháng 3'),
(1463, 44, '2026-03-17', '08:08:41', '17:03:54', 'Di lam', 'Chấm công tự động tháng 3'),
(1464, 45, '2026-03-17', '07:53:29', '17:05:45', 'Di lam', 'Chấm công tự động tháng 3'),
(1465, 46, '2026-03-17', '08:08:16', '17:14:08', 'Di lam', 'Chấm công tự động tháng 3'),
(1466, 47, '2026-03-17', '08:05:52', '17:16:58', 'Di lam', 'Chấm công tự động tháng 3'),
(1467, 49, '2026-03-17', '08:07:12', '17:15:09', 'Di lam', 'Chấm công tự động tháng 3'),
(1468, 50, '2026-03-17', '07:54:09', '17:15:18', 'Di lam', 'Chấm công tự động tháng 3'),
(1490, 1, '2026-03-18', '07:54:05', '17:14:30', 'Di lam', 'Chấm công tự động tháng 3'),
(1491, 2, '2026-03-18', '07:50:17', '17:17:57', 'Di lam', 'Chấm công tự động tháng 3'),
(1492, 4, '2026-03-18', '07:58:52', '17:10:28', 'Di lam', 'Chấm công tự động tháng 3'),
(1493, 5, '2026-03-18', '07:55:47', '17:17:31', 'Di lam', 'Chấm công tự động tháng 3'),
(1494, 6, '2026-03-18', '08:00:12', '17:18:31', 'Di lam', 'Chấm công tự động tháng 3'),
(1495, 7, '2026-03-18', '07:51:57', '17:14:12', 'Di lam', 'Chấm công tự động tháng 3'),
(1496, 8, '2026-03-18', '07:55:12', '17:03:22', 'Di lam', 'Chấm công tự động tháng 3'),
(1497, 10, '2026-03-18', '07:51:17', '17:16:19', 'Di lam', 'Chấm công tự động tháng 3'),
(1498, 11, '2026-03-18', '08:07:42', '17:19:35', 'Di lam', 'Chấm công tự động tháng 3'),
(1499, 12, '2026-03-18', '07:54:51', '17:05:28', 'Di lam', 'Chấm công tự động tháng 3'),
(1500, 13, '2026-03-18', '08:02:47', '17:07:32', 'Di lam', 'Chấm công tự động tháng 3'),
(1501, 15, '2026-03-18', '08:09:21', '17:14:08', 'Di lam', 'Chấm công tự động tháng 3'),
(1502, 16, '2026-03-18', '08:02:37', '17:00:41', 'Di lam', 'Chấm công tự động tháng 3'),
(1503, 17, '2026-03-18', '07:55:34', '17:05:48', 'Di lam', 'Chấm công tự động tháng 3'),
(1504, 18, '2026-03-18', '08:02:19', '17:04:13', 'Di lam', 'Chấm công tự động tháng 3'),
(1505, 19, '2026-03-18', '07:54:08', '17:07:59', 'Di lam', 'Chấm công tự động tháng 3'),
(1506, 21, '2026-03-18', '07:57:34', '17:13:54', 'Di lam', 'Chấm công tự động tháng 3'),
(1507, 22, '2026-03-18', '07:56:46', '17:12:08', 'Di lam', 'Chấm công tự động tháng 3'),
(1508, 23, '2026-03-18', '07:50:25', '17:05:43', 'Di lam', 'Chấm công tự động tháng 3'),
(1509, 24, '2026-03-18', '07:57:17', '17:19:16', 'Di lam', 'Chấm công tự động tháng 3'),
(1510, 25, '2026-03-18', '08:04:32', '17:14:51', 'Di lam', 'Chấm công tự động tháng 3'),
(1511, 26, '2026-03-18', '08:00:38', '17:08:40', 'Di lam', 'Chấm công tự động tháng 3'),
(1512, 27, '2026-03-18', '08:01:27', '17:11:14', 'Di lam', 'Chấm công tự động tháng 3'),
(1513, 29, '2026-03-18', '07:51:48', '17:15:22', 'Di lam', 'Chấm công tự động tháng 3'),
(1514, 30, '2026-03-18', '08:01:24', '17:10:53', 'Di lam', 'Chấm công tự động tháng 3'),
(1515, 31, '2026-03-18', '07:50:16', '17:08:41', 'Di lam', 'Chấm công tự động tháng 3'),
(1516, 32, '2026-03-18', '07:52:39', '17:07:13', 'Di lam', 'Chấm công tự động tháng 3'),
(1517, 33, '2026-03-18', '07:58:05', '17:18:50', 'Di lam', 'Chấm công tự động tháng 3'),
(1518, 34, '2026-03-18', '07:59:53', '17:12:56', 'Di lam', 'Chấm công tự động tháng 3'),
(1519, 36, '2026-03-18', '08:05:03', '17:16:25', 'Di lam', 'Chấm công tự động tháng 3'),
(1520, 37, '2026-03-18', '08:06:56', '17:15:25', 'Di lam', 'Chấm công tự động tháng 3'),
(1521, 38, '2026-03-18', '07:56:20', '17:05:27', 'Di lam', 'Chấm công tự động tháng 3'),
(1522, 39, '2026-03-18', '07:58:12', '17:04:42', 'Di lam', 'Chấm công tự động tháng 3'),
(1523, 40, '2026-03-18', '08:08:55', '17:00:29', 'Di lam', 'Chấm công tự động tháng 3'),
(1524, 42, '2026-03-18', '07:55:40', '17:06:53', 'Di lam', 'Chấm công tự động tháng 3'),
(1525, 43, '2026-03-18', '08:07:25', '17:06:26', 'Di lam', 'Chấm công tự động tháng 3'),
(1526, 44, '2026-03-18', '08:09:56', '17:00:24', 'Di lam', 'Chấm công tự động tháng 3'),
(1527, 45, '2026-03-18', '07:52:12', '17:09:49', 'Di lam', 'Chấm công tự động tháng 3'),
(1528, 46, '2026-03-18', '07:52:27', '17:02:51', 'Di lam', 'Chấm công tự động tháng 3'),
(1529, 47, '2026-03-18', '07:56:55', '17:06:03', 'Di lam', 'Chấm công tự động tháng 3'),
(1530, 49, '2026-03-18', '07:59:29', '17:09:18', 'Di lam', 'Chấm công tự động tháng 3'),
(1531, 50, '2026-03-18', '08:08:02', '17:02:17', 'Di lam', 'Chấm công tự động tháng 3'),
(1553, 1, '2026-03-19', '08:07:18', '17:19:40', 'Di lam', 'Chấm công tự động tháng 3'),
(1554, 2, '2026-03-19', '07:56:27', '17:13:15', 'Di lam', 'Chấm công tự động tháng 3'),
(1555, 4, '2026-03-19', '07:56:56', '17:14:56', 'Di lam', 'Chấm công tự động tháng 3'),
(1556, 5, '2026-03-19', '08:03:53', '17:04:37', 'Di lam', 'Chấm công tự động tháng 3'),
(1557, 6, '2026-03-19', '07:51:25', '17:13:17', 'Di lam', 'Chấm công tự động tháng 3'),
(1558, 7, '2026-03-19', '07:52:08', '17:10:49', 'Di lam', 'Chấm công tự động tháng 3'),
(1559, 8, '2026-03-19', '07:57:41', '17:05:58', 'Di lam', 'Chấm công tự động tháng 3'),
(1560, 10, '2026-03-19', '07:56:50', '17:16:15', 'Di lam', 'Chấm công tự động tháng 3'),
(1561, 11, '2026-03-19', '07:50:46', '17:15:07', 'Di lam', 'Chấm công tự động tháng 3'),
(1562, 12, '2026-03-19', '08:03:16', '17:00:59', 'Di lam', 'Chấm công tự động tháng 3'),
(1563, 13, '2026-03-19', '07:55:09', '17:02:48', 'Di lam', 'Chấm công tự động tháng 3'),
(1564, 15, '2026-03-19', '08:08:32', '17:04:16', 'Di lam', 'Chấm công tự động tháng 3'),
(1565, 16, '2026-03-19', '07:55:44', '17:15:54', 'Di lam', 'Chấm công tự động tháng 3'),
(1566, 17, '2026-03-19', '07:52:17', '17:03:46', 'Di lam', 'Chấm công tự động tháng 3'),
(1567, 18, '2026-03-19', '08:01:59', '17:08:38', 'Di lam', 'Chấm công tự động tháng 3'),
(1568, 19, '2026-03-19', '07:57:15', '17:10:18', 'Di lam', 'Chấm công tự động tháng 3'),
(1569, 21, '2026-03-19', '07:59:47', '17:18:00', 'Di lam', 'Chấm công tự động tháng 3'),
(1570, 22, '2026-03-19', '07:50:42', '17:09:31', 'Di lam', 'Chấm công tự động tháng 3'),
(1571, 23, '2026-03-19', '07:55:27', '17:18:43', 'Di lam', 'Chấm công tự động tháng 3'),
(1572, 24, '2026-03-19', '08:07:16', '17:10:11', 'Di lam', 'Chấm công tự động tháng 3'),
(1573, 25, '2026-03-19', '08:09:07', '17:05:02', 'Di lam', 'Chấm công tự động tháng 3'),
(1574, 26, '2026-03-19', '07:57:49', '17:04:00', 'Di lam', 'Chấm công tự động tháng 3'),
(1575, 27, '2026-03-19', '08:06:34', '17:10:49', 'Di lam', 'Chấm công tự động tháng 3'),
(1576, 29, '2026-03-19', '07:54:22', '17:09:26', 'Di lam', 'Chấm công tự động tháng 3'),
(1577, 30, '2026-03-19', '08:04:05', '17:02:07', 'Di lam', 'Chấm công tự động tháng 3'),
(1578, 31, '2026-03-19', '07:58:19', '17:15:14', 'Di lam', 'Chấm công tự động tháng 3'),
(1579, 32, '2026-03-19', '08:01:14', '17:10:30', 'Di lam', 'Chấm công tự động tháng 3'),
(1580, 33, '2026-03-19', '08:08:46', '17:02:21', 'Di lam', 'Chấm công tự động tháng 3'),
(1581, 34, '2026-03-19', '08:05:30', '17:10:25', 'Di lam', 'Chấm công tự động tháng 3'),
(1582, 36, '2026-03-19', '07:55:34', '17:16:39', 'Di lam', 'Chấm công tự động tháng 3'),
(1583, 37, '2026-03-19', '07:56:30', '17:02:35', 'Di lam', 'Chấm công tự động tháng 3'),
(1584, 38, '2026-03-19', '08:03:27', '17:19:30', 'Di lam', 'Chấm công tự động tháng 3'),
(1585, 39, '2026-03-19', '08:07:11', '17:07:22', 'Di lam', 'Chấm công tự động tháng 3'),
(1586, 40, '2026-03-19', '07:55:21', '17:04:38', 'Di lam', 'Chấm công tự động tháng 3'),
(1587, 42, '2026-03-19', '07:57:06', '17:01:36', 'Di lam', 'Chấm công tự động tháng 3'),
(1588, 43, '2026-03-19', '07:56:45', '17:08:55', 'Di lam', 'Chấm công tự động tháng 3'),
(1589, 44, '2026-03-19', '07:54:21', '17:15:02', 'Di lam', 'Chấm công tự động tháng 3'),
(1590, 45, '2026-03-19', '07:52:08', '17:05:32', 'Di lam', 'Chấm công tự động tháng 3'),
(1591, 46, '2026-03-19', '07:51:19', '17:09:58', 'Di lam', 'Chấm công tự động tháng 3'),
(1592, 47, '2026-03-19', '07:55:52', '17:19:29', 'Di lam', 'Chấm công tự động tháng 3'),
(1593, 49, '2026-03-19', '08:09:48', '17:00:35', 'Di lam', 'Chấm công tự động tháng 3'),
(1594, 50, '2026-03-19', '07:53:32', '17:15:55', 'Di lam', 'Chấm công tự động tháng 3'),
(1616, 1, '2026-03-20', '07:58:59', '17:17:10', 'Di lam', 'Chấm công tự động tháng 3'),
(1617, 2, '2026-03-20', '08:08:54', '17:02:59', 'Di lam', 'Chấm công tự động tháng 3'),
(1618, 4, '2026-03-20', '08:08:13', '17:02:09', 'Di lam', 'Chấm công tự động tháng 3'),
(1619, 5, '2026-03-20', '08:06:06', '17:14:02', 'Di lam', 'Chấm công tự động tháng 3'),
(1620, 6, '2026-03-20', '07:51:55', '17:07:27', 'Di lam', 'Chấm công tự động tháng 3'),
(1621, 7, '2026-03-20', '08:01:32', '17:15:21', 'Di lam', 'Chấm công tự động tháng 3'),
(1622, 8, '2026-03-20', '07:52:09', '17:04:43', 'Di lam', 'Chấm công tự động tháng 3'),
(1623, 10, '2026-03-20', '08:07:07', '17:11:27', 'Di lam', 'Chấm công tự động tháng 3'),
(1624, 11, '2026-03-20', '07:55:53', '17:15:06', 'Di lam', 'Chấm công tự động tháng 3'),
(1625, 12, '2026-03-20', '08:07:50', '17:03:54', 'Di lam', 'Chấm công tự động tháng 3'),
(1626, 13, '2026-03-20', '07:56:01', '17:18:23', 'Di lam', 'Chấm công tự động tháng 3'),
(1627, 15, '2026-03-20', '08:03:54', '17:14:19', 'Di lam', 'Chấm công tự động tháng 3'),
(1628, 16, '2026-03-20', '07:59:56', '17:06:43', 'Di lam', 'Chấm công tự động tháng 3'),
(1629, 17, '2026-03-20', '07:53:46', '17:18:43', 'Di lam', 'Chấm công tự động tháng 3'),
(1630, 18, '2026-03-20', '07:52:18', '17:15:21', 'Di lam', 'Chấm công tự động tháng 3'),
(1631, 19, '2026-03-20', '07:59:51', '17:03:13', 'Di lam', 'Chấm công tự động tháng 3'),
(1632, 21, '2026-03-20', '07:56:30', '17:02:55', 'Di lam', 'Chấm công tự động tháng 3'),
(1633, 22, '2026-03-20', '08:05:02', '17:06:28', 'Di lam', 'Chấm công tự động tháng 3'),
(1634, 23, '2026-03-20', '07:57:12', '17:16:39', 'Di lam', 'Chấm công tự động tháng 3'),
(1635, 24, '2026-03-20', '07:51:37', '17:18:08', 'Di lam', 'Chấm công tự động tháng 3'),
(1636, 25, '2026-03-20', '07:55:53', '17:14:58', 'Di lam', 'Chấm công tự động tháng 3'),
(1637, 26, '2026-03-20', '08:07:13', '17:01:10', 'Di lam', 'Chấm công tự động tháng 3'),
(1638, 27, '2026-03-20', '08:04:12', '17:07:31', 'Di lam', 'Chấm công tự động tháng 3'),
(1639, 29, '2026-03-20', '08:05:01', '17:12:30', 'Di lam', 'Chấm công tự động tháng 3'),
(1640, 30, '2026-03-20', '08:07:28', '17:09:51', 'Di lam', 'Chấm công tự động tháng 3'),
(1641, 31, '2026-03-20', '08:06:50', '17:14:39', 'Di lam', 'Chấm công tự động tháng 3'),
(1642, 32, '2026-03-20', '07:52:43', '17:09:42', 'Di lam', 'Chấm công tự động tháng 3'),
(1643, 33, '2026-03-20', '07:50:20', '17:12:34', 'Di lam', 'Chấm công tự động tháng 3'),
(1644, 34, '2026-03-20', '07:51:51', '17:11:33', 'Di lam', 'Chấm công tự động tháng 3'),
(1645, 36, '2026-03-20', '08:02:13', '17:06:27', 'Di lam', 'Chấm công tự động tháng 3'),
(1646, 37, '2026-03-20', '08:05:36', '17:18:40', 'Di lam', 'Chấm công tự động tháng 3'),
(1647, 38, '2026-03-20', '07:56:32', '17:16:42', 'Di lam', 'Chấm công tự động tháng 3'),
(1648, 39, '2026-03-20', '07:53:55', '17:09:30', 'Di lam', 'Chấm công tự động tháng 3'),
(1649, 40, '2026-03-20', '08:05:45', '17:10:16', 'Di lam', 'Chấm công tự động tháng 3'),
(1650, 42, '2026-03-20', '07:54:06', '17:09:40', 'Di lam', 'Chấm công tự động tháng 3'),
(1651, 43, '2026-03-20', '08:06:02', '17:11:13', 'Di lam', 'Chấm công tự động tháng 3'),
(1652, 44, '2026-03-20', '07:58:00', '17:06:19', 'Di lam', 'Chấm công tự động tháng 3'),
(1653, 45, '2026-03-20', '07:57:35', '17:19:01', 'Di lam', 'Chấm công tự động tháng 3'),
(1654, 46, '2026-03-20', '08:02:18', '17:04:30', 'Di lam', 'Chấm công tự động tháng 3'),
(1655, 47, '2026-03-20', '07:55:35', '17:14:24', 'Di lam', 'Chấm công tự động tháng 3'),
(1656, 49, '2026-03-20', '08:05:17', '17:13:15', 'Di lam', 'Chấm công tự động tháng 3'),
(1657, 50, '2026-03-20', '07:50:23', '17:02:12', 'Di lam', 'Chấm công tự động tháng 3'),
(1679, 1, '2026-03-21', '07:59:51', '17:02:40', 'Di lam', 'Chấm công tự động tháng 3'),
(1680, 2, '2026-03-21', '07:53:48', '17:11:02', 'Di lam', 'Chấm công tự động tháng 3'),
(1681, 4, '2026-03-21', '07:53:45', '17:05:37', 'Di lam', 'Chấm công tự động tháng 3'),
(1682, 5, '2026-03-21', '08:06:54', '17:07:37', 'Di lam', 'Chấm công tự động tháng 3'),
(1683, 6, '2026-03-21', '07:57:23', '17:14:07', 'Di lam', 'Chấm công tự động tháng 3'),
(1684, 7, '2026-03-21', '07:58:25', '17:19:45', 'Di lam', 'Chấm công tự động tháng 3'),
(1685, 8, '2026-03-21', '08:03:28', '17:08:08', 'Di lam', 'Chấm công tự động tháng 3'),
(1686, 10, '2026-03-21', '07:50:17', '17:16:59', 'Di lam', 'Chấm công tự động tháng 3'),
(1687, 11, '2026-03-21', '07:54:04', '17:09:24', 'Di lam', 'Chấm công tự động tháng 3'),
(1688, 12, '2026-03-21', '08:04:51', '17:06:00', 'Di lam', 'Chấm công tự động tháng 3'),
(1689, 13, '2026-03-21', '07:55:30', '17:09:28', 'Di lam', 'Chấm công tự động tháng 3'),
(1690, 15, '2026-03-21', '08:00:50', '17:05:50', 'Di lam', 'Chấm công tự động tháng 3'),
(1691, 16, '2026-03-21', '08:06:37', '17:05:39', 'Di lam', 'Chấm công tự động tháng 3'),
(1692, 17, '2026-03-21', '08:08:23', '17:14:57', 'Di lam', 'Chấm công tự động tháng 3'),
(1693, 18, '2026-03-21', '08:09:38', '17:13:18', 'Di lam', 'Chấm công tự động tháng 3'),
(1694, 19, '2026-03-21', '07:57:39', '17:18:22', 'Di lam', 'Chấm công tự động tháng 3'),
(1695, 21, '2026-03-21', '07:58:53', '17:09:18', 'Di lam', 'Chấm công tự động tháng 3'),
(1696, 22, '2026-03-21', '08:09:54', '17:11:35', 'Di lam', 'Chấm công tự động tháng 3'),
(1697, 23, '2026-03-21', '08:08:14', '17:16:24', 'Di lam', 'Chấm công tự động tháng 3'),
(1698, 24, '2026-03-21', '07:57:21', '17:07:34', 'Di lam', 'Chấm công tự động tháng 3'),
(1699, 25, '2026-03-21', '08:05:46', '17:16:07', 'Di lam', 'Chấm công tự động tháng 3'),
(1700, 26, '2026-03-21', '08:03:19', '17:18:13', 'Di lam', 'Chấm công tự động tháng 3'),
(1701, 27, '2026-03-21', '08:01:09', '17:01:07', 'Di lam', 'Chấm công tự động tháng 3'),
(1702, 29, '2026-03-21', '08:02:09', '17:17:23', 'Di lam', 'Chấm công tự động tháng 3'),
(1703, 30, '2026-03-21', '08:00:27', '17:00:09', 'Di lam', 'Chấm công tự động tháng 3'),
(1704, 31, '2026-03-21', '07:59:24', '17:06:35', 'Di lam', 'Chấm công tự động tháng 3'),
(1705, 32, '2026-03-21', '07:54:42', '17:03:45', 'Di lam', 'Chấm công tự động tháng 3'),
(1706, 33, '2026-03-21', '07:54:40', '17:12:04', 'Di lam', 'Chấm công tự động tháng 3'),
(1707, 34, '2026-03-21', '07:56:20', '17:15:27', 'Di lam', 'Chấm công tự động tháng 3'),
(1708, 36, '2026-03-21', '08:08:19', '17:05:15', 'Di lam', 'Chấm công tự động tháng 3'),
(1709, 37, '2026-03-21', '08:01:15', '17:00:33', 'Di lam', 'Chấm công tự động tháng 3'),
(1710, 38, '2026-03-21', '07:59:01', '17:03:25', 'Di lam', 'Chấm công tự động tháng 3'),
(1711, 39, '2026-03-21', '08:00:02', '17:19:55', 'Di lam', 'Chấm công tự động tháng 3'),
(1712, 40, '2026-03-21', '07:59:31', '17:07:51', 'Di lam', 'Chấm công tự động tháng 3'),
(1713, 42, '2026-03-21', '08:00:42', '17:09:58', 'Di lam', 'Chấm công tự động tháng 3'),
(1714, 43, '2026-03-21', '08:07:42', '17:18:38', 'Di lam', 'Chấm công tự động tháng 3'),
(1715, 44, '2026-03-21', '07:50:03', '17:04:24', 'Di lam', 'Chấm công tự động tháng 3'),
(1716, 45, '2026-03-21', '07:51:51', '17:16:02', 'Di lam', 'Chấm công tự động tháng 3'),
(1717, 46, '2026-03-21', '08:04:38', '17:05:05', 'Di lam', 'Chấm công tự động tháng 3'),
(1718, 47, '2026-03-21', '07:51:31', '17:12:20', 'Di lam', 'Chấm công tự động tháng 3'),
(1719, 49, '2026-03-21', '08:07:08', '17:08:42', 'Di lam', 'Chấm công tự động tháng 3'),
(1720, 50, '2026-03-21', '08:02:07', '17:14:30', 'Di lam', 'Chấm công tự động tháng 3'),
(1742, 1, '2026-03-23', '08:06:10', '17:17:20', 'Di lam', 'Chấm công tự động tháng 3'),
(1743, 2, '2026-03-23', '08:08:09', '17:18:46', 'Di lam', 'Chấm công tự động tháng 3'),
(1744, 4, '2026-03-23', '08:09:22', '17:00:32', 'Di lam', 'Chấm công tự động tháng 3'),
(1745, 5, '2026-03-23', '07:54:38', '17:01:32', 'Di lam', 'Chấm công tự động tháng 3'),
(1746, 6, '2026-03-23', '08:03:47', '17:04:18', 'Di lam', 'Chấm công tự động tháng 3'),
(1747, 7, '2026-03-23', '07:50:09', '17:07:54', 'Di lam', 'Chấm công tự động tháng 3'),
(1748, 8, '2026-03-23', '08:09:03', '17:11:32', 'Di lam', 'Chấm công tự động tháng 3'),
(1749, 10, '2026-03-23', '07:50:33', '17:08:08', 'Di lam', 'Chấm công tự động tháng 3'),
(1750, 11, '2026-03-23', '08:09:00', '17:10:38', 'Di lam', 'Chấm công tự động tháng 3'),
(1751, 12, '2026-03-23', '08:06:12', '17:09:07', 'Di lam', 'Chấm công tự động tháng 3'),
(1752, 13, '2026-03-23', '08:06:59', '17:17:36', 'Di lam', 'Chấm công tự động tháng 3'),
(1753, 15, '2026-03-23', '08:07:02', '17:12:21', 'Di lam', 'Chấm công tự động tháng 3'),
(1754, 16, '2026-03-23', '08:00:41', '17:16:22', 'Di lam', 'Chấm công tự động tháng 3'),
(1755, 17, '2026-03-23', '07:59:47', '17:19:50', 'Di lam', 'Chấm công tự động tháng 3'),
(1756, 18, '2026-03-23', '07:59:51', '17:09:43', 'Di lam', 'Chấm công tự động tháng 3'),
(1757, 19, '2026-03-23', '08:09:06', '17:06:18', 'Di lam', 'Chấm công tự động tháng 3'),
(1758, 21, '2026-03-23', '08:04:13', '17:12:14', 'Di lam', 'Chấm công tự động tháng 3'),
(1759, 22, '2026-03-23', '08:08:30', '17:15:50', 'Di lam', 'Chấm công tự động tháng 3'),
(1760, 23, '2026-03-23', '07:53:42', '17:10:57', 'Di lam', 'Chấm công tự động tháng 3'),
(1761, 24, '2026-03-23', '07:53:41', '17:05:35', 'Di lam', 'Chấm công tự động tháng 3'),
(1762, 25, '2026-03-23', '08:06:53', '17:07:39', 'Di lam', 'Chấm công tự động tháng 3'),
(1763, 26, '2026-03-23', '07:57:36', '17:15:05', 'Di lam', 'Chấm công tự động tháng 3'),
(1764, 27, '2026-03-23', '08:02:35', '17:17:43', 'Di lam', 'Chấm công tự động tháng 3'),
(1765, 29, '2026-03-23', '08:00:51', '17:01:05', 'Di lam', 'Chấm công tự động tháng 3'),
(1766, 30, '2026-03-23', '08:02:53', '17:01:11', 'Di lam', 'Chấm công tự động tháng 3'),
(1767, 31, '2026-03-23', '07:57:15', '17:12:43', 'Di lam', 'Chấm công tự động tháng 3'),
(1768, 32, '2026-03-23', '07:51:49', '17:10:56', 'Di lam', 'Chấm công tự động tháng 3'),
(1769, 33, '2026-03-23', '07:59:13', '17:13:20', 'Di lam', 'Chấm công tự động tháng 3'),
(1770, 34, '2026-03-23', '08:09:03', '17:15:12', 'Di lam', 'Chấm công tự động tháng 3'),
(1771, 36, '2026-03-23', '08:08:53', '17:08:47', 'Di lam', 'Chấm công tự động tháng 3'),
(1772, 37, '2026-03-23', '07:57:20', '17:10:19', 'Di lam', 'Chấm công tự động tháng 3'),
(1773, 38, '2026-03-23', '07:59:36', '17:17:03', 'Di lam', 'Chấm công tự động tháng 3'),
(1774, 39, '2026-03-23', '08:06:26', '17:11:04', 'Di lam', 'Chấm công tự động tháng 3'),
(1775, 40, '2026-03-23', '07:56:02', '17:16:57', 'Di lam', 'Chấm công tự động tháng 3'),
(1776, 42, '2026-03-23', '07:56:40', '17:02:31', 'Di lam', 'Chấm công tự động tháng 3'),
(1777, 43, '2026-03-23', '08:02:35', '17:15:21', 'Di lam', 'Chấm công tự động tháng 3'),
(1778, 44, '2026-03-23', '08:09:00', '17:08:59', 'Di lam', 'Chấm công tự động tháng 3'),
(1779, 45, '2026-03-23', '07:57:55', '17:12:36', 'Di lam', 'Chấm công tự động tháng 3'),
(1780, 46, '2026-03-23', '08:09:19', '17:18:48', 'Di lam', 'Chấm công tự động tháng 3'),
(1781, 47, '2026-03-23', '08:06:02', '17:03:45', 'Di lam', 'Chấm công tự động tháng 3'),
(1782, 49, '2026-03-23', '08:00:41', '17:02:10', 'Di lam', 'Chấm công tự động tháng 3'),
(1783, 50, '2026-03-23', '08:08:47', '17:07:28', 'Di lam', 'Chấm công tự động tháng 3'),
(1805, 1, '2026-03-24', '07:50:59', '17:02:29', 'Di lam', 'Chấm công tự động tháng 3'),
(1806, 2, '2026-03-24', '07:59:29', '17:00:00', 'Di lam', 'Chấm công tự động tháng 3'),
(1807, 4, '2026-03-24', '08:01:33', '17:17:44', 'Di lam', 'Chấm công tự động tháng 3'),
(1808, 5, '2026-03-24', '08:04:02', '17:16:59', 'Di lam', 'Chấm công tự động tháng 3'),
(1809, 6, '2026-03-24', '07:52:50', '17:03:12', 'Di lam', 'Chấm công tự động tháng 3'),
(1810, 7, '2026-03-24', '07:57:32', '17:08:05', 'Di lam', 'Chấm công tự động tháng 3'),
(1811, 8, '2026-03-24', '08:07:48', '17:04:45', 'Di lam', 'Chấm công tự động tháng 3'),
(1812, 10, '2026-03-24', '08:00:21', '17:17:29', 'Di lam', 'Chấm công tự động tháng 3'),
(1813, 11, '2026-03-24', '08:06:25', '17:09:39', 'Di lam', 'Chấm công tự động tháng 3'),
(1814, 12, '2026-03-24', '08:08:59', '17:06:00', 'Di lam', 'Chấm công tự động tháng 3'),
(1815, 13, '2026-03-24', '08:03:03', '17:07:15', 'Di lam', 'Chấm công tự động tháng 3'),
(1816, 15, '2026-03-24', '08:07:07', '17:03:51', 'Di lam', 'Chấm công tự động tháng 3'),
(1817, 16, '2026-03-24', '07:57:52', '17:07:50', 'Di lam', 'Chấm công tự động tháng 3'),
(1818, 17, '2026-03-24', '08:05:35', '17:14:23', 'Di lam', 'Chấm công tự động tháng 3'),
(1819, 18, '2026-03-24', '07:55:11', '17:02:45', 'Di lam', 'Chấm công tự động tháng 3'),
(1820, 19, '2026-03-24', '08:08:15', '17:02:59', 'Di lam', 'Chấm công tự động tháng 3'),
(1821, 21, '2026-03-24', '07:50:11', '17:12:00', 'Di lam', 'Chấm công tự động tháng 3'),
(1822, 22, '2026-03-24', '08:09:26', '17:01:12', 'Di lam', 'Chấm công tự động tháng 3'),
(1823, 23, '2026-03-24', '07:57:42', '17:14:53', 'Di lam', 'Chấm công tự động tháng 3'),
(1824, 24, '2026-03-24', '08:01:19', '17:11:57', 'Di lam', 'Chấm công tự động tháng 3'),
(1825, 25, '2026-03-24', '07:55:50', '17:13:19', 'Di lam', 'Chấm công tự động tháng 3'),
(1826, 26, '2026-03-24', '07:59:05', '17:05:31', 'Di lam', 'Chấm công tự động tháng 3'),
(1827, 27, '2026-03-24', '07:50:17', '17:04:56', 'Di lam', 'Chấm công tự động tháng 3'),
(1828, 29, '2026-03-24', '07:53:48', '17:04:11', 'Di lam', 'Chấm công tự động tháng 3'),
(1829, 30, '2026-03-24', '07:59:34', '17:15:18', 'Di lam', 'Chấm công tự động tháng 3'),
(1830, 31, '2026-03-24', '07:57:48', '17:13:07', 'Di lam', 'Chấm công tự động tháng 3'),
(1831, 32, '2026-03-24', '07:52:13', '17:11:42', 'Di lam', 'Chấm công tự động tháng 3'),
(1832, 33, '2026-03-24', '08:01:51', '17:04:09', 'Di lam', 'Chấm công tự động tháng 3'),
(1833, 34, '2026-03-24', '07:55:15', '17:13:46', 'Di lam', 'Chấm công tự động tháng 3'),
(1834, 36, '2026-03-24', '08:03:08', '17:04:21', 'Di lam', 'Chấm công tự động tháng 3'),
(1835, 37, '2026-03-24', '07:52:24', '17:18:55', 'Di lam', 'Chấm công tự động tháng 3'),
(1836, 38, '2026-03-24', '07:57:24', '17:00:16', 'Di lam', 'Chấm công tự động tháng 3'),
(1837, 39, '2026-03-24', '08:09:08', '17:14:54', 'Di lam', 'Chấm công tự động tháng 3'),
(1838, 40, '2026-03-24', '08:07:06', '17:00:49', 'Di lam', 'Chấm công tự động tháng 3'),
(1839, 42, '2026-03-24', '08:02:49', '17:01:37', 'Di lam', 'Chấm công tự động tháng 3'),
(1840, 43, '2026-03-24', '07:59:37', '17:03:16', 'Di lam', 'Chấm công tự động tháng 3'),
(1841, 44, '2026-03-24', '07:57:29', '17:07:39', 'Di lam', 'Chấm công tự động tháng 3'),
(1842, 45, '2026-03-24', '08:05:46', '17:15:53', 'Di lam', 'Chấm công tự động tháng 3'),
(1843, 46, '2026-03-24', '08:02:07', '17:12:57', 'Di lam', 'Chấm công tự động tháng 3'),
(1844, 47, '2026-03-24', '07:58:27', '17:03:21', 'Di lam', 'Chấm công tự động tháng 3'),
(1845, 49, '2026-03-24', '08:01:28', '17:07:16', 'Di lam', 'Chấm công tự động tháng 3'),
(1846, 50, '2026-03-24', '07:51:57', '17:07:57', 'Di lam', 'Chấm công tự động tháng 3'),
(1868, 1, '2026-03-25', '08:03:55', '17:05:45', 'Di lam', 'Chấm công tự động tháng 3'),
(1869, 2, '2026-03-25', '07:57:01', '17:17:50', 'Di lam', 'Chấm công tự động tháng 3'),
(1870, 4, '2026-03-25', '07:58:09', '17:07:13', 'Di lam', 'Chấm công tự động tháng 3'),
(1871, 5, '2026-03-25', '08:01:38', '17:16:34', 'Di lam', 'Chấm công tự động tháng 3'),
(1872, 6, '2026-03-25', '07:57:54', '17:09:50', 'Di lam', 'Chấm công tự động tháng 3'),
(1873, 7, '2026-03-25', '07:55:27', '17:17:46', 'Di lam', 'Chấm công tự động tháng 3'),
(1874, 8, '2026-03-25', '08:02:30', '17:09:14', 'Di lam', 'Chấm công tự động tháng 3'),
(1875, 10, '2026-03-25', '07:58:39', '17:15:35', 'Di lam', 'Chấm công tự động tháng 3'),
(1876, 11, '2026-03-25', '08:01:56', '17:12:58', 'Di lam', 'Chấm công tự động tháng 3'),
(1877, 12, '2026-03-25', '07:59:02', '17:06:15', 'Di lam', 'Chấm công tự động tháng 3'),
(1878, 13, '2026-03-25', '07:54:09', '17:02:01', 'Di lam', 'Chấm công tự động tháng 3'),
(1879, 15, '2026-03-25', '08:07:40', '17:02:15', 'Di lam', 'Chấm công tự động tháng 3'),
(1880, 16, '2026-03-25', '08:08:17', '17:04:41', 'Di lam', 'Chấm công tự động tháng 3'),
(1881, 17, '2026-03-25', '07:58:36', '17:08:54', 'Di lam', 'Chấm công tự động tháng 3'),
(1882, 18, '2026-03-25', '08:08:45', '17:07:03', 'Di lam', 'Chấm công tự động tháng 3'),
(1883, 19, '2026-03-25', '08:09:00', '17:13:50', 'Di lam', 'Chấm công tự động tháng 3'),
(1884, 21, '2026-03-25', '08:02:13', '17:19:35', 'Di lam', 'Chấm công tự động tháng 3'),
(1885, 22, '2026-03-25', '07:51:18', '17:07:42', 'Di lam', 'Chấm công tự động tháng 3'),
(1886, 23, '2026-03-25', '08:04:39', '17:10:09', 'Di lam', 'Chấm công tự động tháng 3'),
(1887, 24, '2026-03-25', '07:56:49', '17:03:37', 'Di lam', 'Chấm công tự động tháng 3'),
(1888, 25, '2026-03-25', '08:07:39', '17:17:25', 'Di lam', 'Chấm công tự động tháng 3'),
(1889, 26, '2026-03-25', '08:04:10', '17:18:33', 'Di lam', 'Chấm công tự động tháng 3'),
(1890, 27, '2026-03-25', '08:00:15', '17:15:36', 'Di lam', 'Chấm công tự động tháng 3'),
(1891, 29, '2026-03-25', '07:57:18', '17:09:39', 'Di lam', 'Chấm công tự động tháng 3'),
(1892, 30, '2026-03-25', '07:56:25', '17:03:08', 'Di lam', 'Chấm công tự động tháng 3'),
(1893, 31, '2026-03-25', '08:06:24', '17:12:37', 'Di lam', 'Chấm công tự động tháng 3'),
(1894, 32, '2026-03-25', '08:03:56', '17:11:46', 'Di lam', 'Chấm công tự động tháng 3'),
(1895, 33, '2026-03-25', '08:07:03', '17:09:59', 'Di lam', 'Chấm công tự động tháng 3'),
(1896, 34, '2026-03-25', '08:08:44', '17:03:44', 'Di lam', 'Chấm công tự động tháng 3'),
(1897, 36, '2026-03-25', '07:52:28', '17:01:10', 'Di lam', 'Chấm công tự động tháng 3'),
(1898, 37, '2026-03-25', '08:08:27', '17:08:43', 'Di lam', 'Chấm công tự động tháng 3'),
(1899, 38, '2026-03-25', '07:58:16', '17:15:09', 'Di lam', 'Chấm công tự động tháng 3'),
(1900, 39, '2026-03-25', '08:01:00', '17:09:33', 'Di lam', 'Chấm công tự động tháng 3'),
(1901, 40, '2026-03-25', '08:04:44', '17:05:01', 'Di lam', 'Chấm công tự động tháng 3'),
(1902, 42, '2026-03-25', '07:50:53', '17:09:23', 'Di lam', 'Chấm công tự động tháng 3'),
(1903, 43, '2026-03-25', '07:54:17', '17:13:16', 'Di lam', 'Chấm công tự động tháng 3'),
(1904, 44, '2026-03-25', '08:03:29', '17:07:39', 'Di lam', 'Chấm công tự động tháng 3'),
(1905, 45, '2026-03-25', '08:07:46', '17:05:57', 'Di lam', 'Chấm công tự động tháng 3'),
(1906, 46, '2026-03-25', '08:06:24', '17:04:13', 'Di lam', 'Chấm công tự động tháng 3'),
(1907, 47, '2026-03-25', '08:01:52', '17:06:40', 'Di lam', 'Chấm công tự động tháng 3'),
(1908, 49, '2026-03-25', '08:07:46', '17:08:50', 'Di lam', 'Chấm công tự động tháng 3'),
(1909, 50, '2026-03-25', '08:00:53', '17:07:55', 'Di lam', 'Chấm công tự động tháng 3'),
(1932, 1, '2026-03-27', '07:52:51', '17:03:34', 'Di lam', 'Chấm công tự động tháng 3'),
(1933, 2, '2026-03-27', '07:59:17', '17:15:45', 'Di lam', 'Chấm công tự động tháng 3'),
(1934, 4, '2026-03-27', '08:00:53', '17:07:11', 'Di lam', 'Chấm công tự động tháng 3'),
(1935, 6, '2026-03-27', '07:54:27', '17:17:40', 'Di lam', 'Chấm công tự động tháng 3'),
(1936, 7, '2026-03-27', '08:05:02', '17:02:08', 'Di lam', 'Chấm công tự động tháng 3'),
(1937, 8, '2026-03-27', '07:55:34', '17:01:28', 'Di lam', 'Chấm công tự động tháng 3'),
(1938, 11, '2026-03-27', '08:02:15', '17:14:47', 'Di lam', 'Chấm công tự động tháng 3'),
(1939, 12, '2026-03-27', '08:07:07', '17:01:17', 'Di lam', 'Chấm công tự động tháng 3'),
(1940, 13, '2026-03-27', '08:05:02', '17:11:20', 'Di lam', 'Chấm công tự động tháng 3'),
(1941, 16, '2026-03-27', '07:55:33', '17:15:29', 'Di lam', 'Chấm công tự động tháng 3'),
(1942, 17, '2026-03-27', '07:50:48', '17:17:34', 'Di lam', 'Chấm công tự động tháng 3'),
(1943, 18, '2026-03-27', '07:55:26', '17:14:29', 'Di lam', 'Chấm công tự động tháng 3'),
(1944, 19, '2026-03-27', '08:06:07', '17:17:07', 'Di lam', 'Chấm công tự động tháng 3'),
(1945, 21, '2026-03-27', '08:07:16', '17:14:59', 'Di lam', 'Chấm công tự động tháng 3'),
(1946, 22, '2026-03-27', '07:53:10', '17:10:50', 'Di lam', 'Chấm công tự động tháng 3'),
(1947, 23, '2026-03-27', '07:54:42', '17:11:01', 'Di lam', 'Chấm công tự động tháng 3'),
(1948, 24, '2026-03-27', '07:51:00', '17:11:59', 'Di lam', 'Chấm công tự động tháng 3'),
(1949, 26, '2026-03-27', '08:01:57', '17:14:12', 'Di lam', 'Chấm công tự động tháng 3'),
(1950, 27, '2026-03-27', '08:05:10', '17:13:13', 'Di lam', 'Chấm công tự động tháng 3'),
(1951, 29, '2026-03-27', '07:50:38', '17:03:31', 'Di lam', 'Chấm công tự động tháng 3'),
(1952, 31, '2026-03-27', '08:02:19', '17:17:59', 'Di lam', 'Chấm công tự động tháng 3'),
(1953, 32, '2026-03-27', '08:02:57', '17:10:49', 'Di lam', 'Chấm công tự động tháng 3'),
(1954, 33, '2026-03-27', '08:05:16', '17:03:54', 'Di lam', 'Chấm công tự động tháng 3'),
(1955, 34, '2026-03-27', '08:03:40', '17:16:41', 'Di lam', 'Chấm công tự động tháng 3'),
(1956, 36, '2026-03-27', '07:52:27', '17:02:09', 'Di lam', 'Chấm công tự động tháng 3'),
(1957, 37, '2026-03-27', '07:53:25', '17:10:38', 'Di lam', 'Chấm công tự động tháng 3'),
(1958, 38, '2026-03-27', '07:52:55', '17:02:41', 'Di lam', 'Chấm công tự động tháng 3'),
(1959, 39, '2026-03-27', '07:54:42', '17:15:26', 'Di lam', 'Chấm công tự động tháng 3'),
(1960, 42, '2026-03-27', '08:06:40', '17:15:46', 'Di lam', 'Chấm công tự động tháng 3'),
(1961, 43, '2026-03-27', '07:58:49', '17:16:49', 'Di lam', 'Chấm công tự động tháng 3'),
(1962, 44, '2026-03-27', '08:07:38', '17:17:45', 'Di lam', 'Chấm công tự động tháng 3'),
(1963, 46, '2026-03-27', '07:52:00', '17:12:21', 'Di lam', 'Chấm công tự động tháng 3'),
(1964, 47, '2026-03-27', '08:05:44', '17:01:38', 'Di lam', 'Chấm công tự động tháng 3'),
(1965, 49, '2026-03-27', '07:50:57', '17:19:52', 'Di lam', 'Chấm công tự động tháng 3'),
(1995, 1, '2026-03-28', '07:54:27', '17:13:56', 'Di lam', 'Chấm công tự động tháng 3'),
(1996, 2, '2026-03-28', '08:06:20', '17:19:51', 'Di lam', 'Chấm công tự động tháng 3'),
(1997, 4, '2026-03-28', '08:00:18', '17:11:55', 'Di lam', 'Chấm công tự động tháng 3'),
(1998, 5, '2026-03-28', '07:58:43', '17:07:52', 'Di lam', 'Chấm công tự động tháng 3'),
(1999, 6, '2026-03-28', '08:03:08', '17:02:07', 'Di lam', 'Chấm công tự động tháng 3'),
(2000, 7, '2026-03-28', '08:01:11', '17:09:35', 'Di lam', 'Chấm công tự động tháng 3'),
(2001, 8, '2026-03-28', '08:04:20', '17:02:58', 'Di lam', 'Chấm công tự động tháng 3'),
(2002, 10, '2026-03-28', '08:01:49', '17:10:14', 'Di lam', 'Chấm công tự động tháng 3'),
(2003, 11, '2026-03-28', '08:05:42', '17:07:49', 'Di lam', 'Chấm công tự động tháng 3'),
(2004, 12, '2026-03-28', '08:01:59', '17:16:30', 'Di lam', 'Chấm công tự động tháng 3'),
(2005, 13, '2026-03-28', '07:56:31', '17:03:07', 'Di lam', 'Chấm công tự động tháng 3'),
(2006, 15, '2026-03-28', '08:06:01', '17:10:46', 'Di lam', 'Chấm công tự động tháng 3'),
(2007, 16, '2026-03-28', '07:55:47', '17:16:38', 'Di lam', 'Chấm công tự động tháng 3'),
(2008, 17, '2026-03-28', '07:55:49', '17:19:13', 'Di lam', 'Chấm công tự động tháng 3'),
(2009, 18, '2026-03-28', '08:08:36', '17:15:20', 'Di lam', 'Chấm công tự động tháng 3'),
(2010, 19, '2026-03-28', '07:50:56', '17:18:41', 'Di lam', 'Chấm công tự động tháng 3'),
(2011, 21, '2026-03-28', '08:00:34', '17:16:50', 'Di lam', 'Chấm công tự động tháng 3'),
(2012, 22, '2026-03-28', '08:02:29', '17:11:55', 'Di lam', 'Chấm công tự động tháng 3'),
(2013, 23, '2026-03-28', '07:52:10', '17:15:03', 'Di lam', 'Chấm công tự động tháng 3'),
(2014, 24, '2026-03-28', '07:58:48', '17:18:51', 'Di lam', 'Chấm công tự động tháng 3'),
(2015, 25, '2026-03-28', '07:57:52', '17:02:47', 'Di lam', 'Chấm công tự động tháng 3'),
(2016, 26, '2026-03-28', '08:00:18', '17:03:09', 'Di lam', 'Chấm công tự động tháng 3'),
(2017, 27, '2026-03-28', '07:54:53', '17:15:00', 'Di lam', 'Chấm công tự động tháng 3'),
(2018, 29, '2026-03-28', '07:50:20', '17:16:42', 'Di lam', 'Chấm công tự động tháng 3'),
(2019, 30, '2026-03-28', '07:52:29', '17:02:21', 'Di lam', 'Chấm công tự động tháng 3'),
(2020, 31, '2026-03-28', '07:54:19', '17:14:33', 'Di lam', 'Chấm công tự động tháng 3'),
(2021, 32, '2026-03-28', '08:09:49', '17:15:25', 'Di lam', 'Chấm công tự động tháng 3'),
(2022, 33, '2026-03-28', '08:07:38', '17:01:54', 'Di lam', 'Chấm công tự động tháng 3'),
(2023, 34, '2026-03-28', '08:06:38', '17:17:29', 'Di lam', 'Chấm công tự động tháng 3'),
(2024, 36, '2026-03-28', '08:07:31', '17:15:07', 'Di lam', 'Chấm công tự động tháng 3'),
(2025, 37, '2026-03-28', '07:53:03', '17:09:56', 'Di lam', 'Chấm công tự động tháng 3'),
(2026, 38, '2026-03-28', '07:50:32', '17:12:51', 'Di lam', 'Chấm công tự động tháng 3'),
(2027, 39, '2026-03-28', '07:52:41', '17:14:51', 'Di lam', 'Chấm công tự động tháng 3'),
(2028, 40, '2026-03-28', '07:56:15', '17:06:41', 'Di lam', 'Chấm công tự động tháng 3'),
(2029, 42, '2026-03-28', '08:04:40', '17:13:19', 'Di lam', 'Chấm công tự động tháng 3'),
(2030, 43, '2026-03-28', '07:52:35', '17:12:59', 'Di lam', 'Chấm công tự động tháng 3'),
(2031, 44, '2026-03-28', '08:07:10', '17:06:55', 'Di lam', 'Chấm công tự động tháng 3'),
(2032, 45, '2026-03-28', '07:53:03', '17:14:32', 'Di lam', 'Chấm công tự động tháng 3'),
(2033, 46, '2026-03-28', '07:53:33', '17:14:09', 'Di lam', 'Chấm công tự động tháng 3'),
(2034, 47, '2026-03-28', '07:50:07', '17:18:09', 'Di lam', 'Chấm công tự động tháng 3'),
(2035, 49, '2026-03-28', '08:00:24', '17:17:33', 'Di lam', 'Chấm công tự động tháng 3'),
(2036, 50, '2026-03-28', '08:06:36', '17:10:18', 'Di lam', 'Chấm công tự động tháng 3'),
(2058, 1, '2026-03-30', '07:51:44', '17:17:46', 'Di lam', 'Chấm công tự động tháng 3'),
(2059, 2, '2026-03-30', '07:53:39', '17:04:58', 'Di lam', 'Chấm công tự động tháng 3'),
(2060, 4, '2026-03-30', '08:03:54', '17:14:38', 'Di lam', 'Chấm công tự động tháng 3'),
(2061, 5, '2026-03-30', '08:01:26', '17:13:15', 'Di lam', 'Chấm công tự động tháng 3'),
(2062, 6, '2026-03-30', '08:02:00', '17:00:13', 'Di lam', 'Chấm công tự động tháng 3'),
(2063, 7, '2026-03-30', '07:55:06', '17:04:54', 'Di lam', 'Chấm công tự động tháng 3'),
(2064, 8, '2026-03-30', '07:59:09', '17:11:06', 'Di lam', 'Chấm công tự động tháng 3'),
(2065, 10, '2026-03-30', '07:58:02', '17:06:54', 'Di lam', 'Chấm công tự động tháng 3'),
(2066, 11, '2026-03-30', '08:00:26', '17:11:27', 'Di lam', 'Chấm công tự động tháng 3'),
(2067, 12, '2026-03-30', '07:55:57', '17:15:25', 'Di lam', 'Chấm công tự động tháng 3'),
(2068, 13, '2026-03-30', '08:09:15', '17:09:58', 'Di lam', 'Chấm công tự động tháng 3'),
(2069, 15, '2026-03-30', '08:02:08', '17:10:45', 'Di lam', 'Chấm công tự động tháng 3'),
(2070, 16, '2026-03-30', '08:07:24', '17:14:43', 'Di lam', 'Chấm công tự động tháng 3'),
(2071, 17, '2026-03-30', '07:51:23', '17:02:48', 'Di lam', 'Chấm công tự động tháng 3'),
(2072, 18, '2026-03-30', '07:59:51', '17:00:50', 'Di lam', 'Chấm công tự động tháng 3'),
(2073, 19, '2026-03-30', '08:04:39', '17:10:46', 'Di lam', 'Chấm công tự động tháng 3'),
(2074, 21, '2026-03-30', '07:59:52', '17:17:02', 'Di lam', 'Chấm công tự động tháng 3');
INSERT INTO `chamcong` (`MaCC`, `MaNV`, `Ngay`, `GioVao`, `GioRa`, `TrangThai`, `GhiChu`) VALUES
(2075, 22, '2026-03-30', '08:05:37', '17:06:59', 'Di lam', 'Chấm công tự động tháng 3'),
(2076, 23, '2026-03-30', '07:58:03', '17:19:21', 'Di lam', 'Chấm công tự động tháng 3'),
(2077, 24, '2026-03-30', '08:02:37', '17:05:00', 'Di lam', 'Chấm công tự động tháng 3'),
(2078, 25, '2026-03-30', '07:57:12', '17:00:59', 'Di lam', 'Chấm công tự động tháng 3'),
(2079, 26, '2026-03-30', '07:53:21', '17:13:46', 'Di lam', 'Chấm công tự động tháng 3'),
(2080, 27, '2026-03-30', '08:08:47', '17:12:40', 'Di lam', 'Chấm công tự động tháng 3'),
(2081, 29, '2026-03-30', '07:56:58', '17:16:52', 'Di lam', 'Chấm công tự động tháng 3'),
(2082, 30, '2026-03-30', '07:53:27', '17:06:40', 'Di lam', 'Chấm công tự động tháng 3'),
(2083, 31, '2026-03-30', '07:52:59', '17:14:55', 'Di lam', 'Chấm công tự động tháng 3'),
(2084, 32, '2026-03-30', '07:55:37', '17:03:22', 'Di lam', 'Chấm công tự động tháng 3'),
(2085, 33, '2026-03-30', '07:50:00', '17:09:54', 'Di lam', 'Chấm công tự động tháng 3'),
(2086, 34, '2026-03-30', '07:59:32', '17:17:59', 'Di lam', 'Chấm công tự động tháng 3'),
(2087, 36, '2026-03-30', '07:51:20', '17:12:42', 'Di lam', 'Chấm công tự động tháng 3'),
(2088, 37, '2026-03-30', '08:09:32', '17:19:35', 'Di lam', 'Chấm công tự động tháng 3'),
(2089, 38, '2026-03-30', '08:09:20', '17:17:54', 'Di lam', 'Chấm công tự động tháng 3'),
(2090, 39, '2026-03-30', '08:01:30', '17:03:48', 'Di lam', 'Chấm công tự động tháng 3'),
(2091, 40, '2026-03-30', '07:54:30', '17:11:08', 'Di lam', 'Chấm công tự động tháng 3'),
(2092, 42, '2026-03-30', '07:52:10', '17:17:26', 'Di lam', 'Chấm công tự động tháng 3'),
(2093, 43, '2026-03-30', '07:50:42', '17:11:12', 'Di lam', 'Chấm công tự động tháng 3'),
(2094, 44, '2026-03-30', '08:03:53', '17:15:51', 'Di lam', 'Chấm công tự động tháng 3'),
(2095, 45, '2026-03-30', '08:07:38', '17:00:35', 'Di lam', 'Chấm công tự động tháng 3'),
(2096, 46, '2026-03-30', '08:00:03', '17:08:30', 'Di lam', 'Chấm công tự động tháng 3'),
(2097, 47, '2026-03-30', '08:02:22', '17:16:22', 'Di lam', 'Chấm công tự động tháng 3'),
(2098, 49, '2026-03-30', '07:54:41', '17:14:23', 'Di lam', 'Chấm công tự động tháng 3'),
(2099, 50, '2026-03-30', '08:07:51', '17:06:08', 'Di lam', 'Chấm công tự động tháng 3'),
(2121, 1, '2026-03-31', '08:07:07', '17:07:13', 'Di lam', 'Chấm công tự động tháng 3'),
(2122, 2, '2026-03-31', '07:54:44', '17:02:03', 'Di lam', 'Chấm công tự động tháng 3'),
(2123, 4, '2026-03-31', '08:06:02', '17:14:01', 'Di lam', 'Chấm công tự động tháng 3'),
(2124, 5, '2026-03-31', '07:51:58', '17:07:48', 'Di lam', 'Chấm công tự động tháng 3'),
(2125, 6, '2026-03-31', '08:03:07', '17:02:11', 'Di lam', 'Chấm công tự động tháng 3'),
(2126, 7, '2026-03-31', '08:01:36', '17:11:25', 'Di lam', 'Chấm công tự động tháng 3'),
(2127, 8, '2026-03-31', '07:52:21', '17:17:28', 'Di lam', 'Chấm công tự động tháng 3'),
(2128, 10, '2026-03-31', '07:50:19', '17:09:09', 'Di lam', 'Chấm công tự động tháng 3'),
(2129, 11, '2026-03-31', '07:54:52', '17:16:52', 'Di lam', 'Chấm công tự động tháng 3'),
(2130, 12, '2026-03-31', '07:59:42', '17:17:58', 'Di lam', 'Chấm công tự động tháng 3'),
(2131, 13, '2026-03-31', '07:50:44', '17:09:45', 'Di lam', 'Chấm công tự động tháng 3'),
(2132, 15, '2026-03-31', '07:56:34', '17:03:35', 'Di lam', 'Chấm công tự động tháng 3'),
(2133, 16, '2026-03-31', '08:08:14', '17:00:26', 'Di lam', 'Chấm công tự động tháng 3'),
(2134, 17, '2026-03-31', '07:57:27', '17:15:58', 'Di lam', 'Chấm công tự động tháng 3'),
(2135, 18, '2026-03-31', '08:07:31', '17:19:43', 'Di lam', 'Chấm công tự động tháng 3'),
(2136, 19, '2026-03-31', '07:55:59', '17:10:50', 'Di lam', 'Chấm công tự động tháng 3'),
(2137, 21, '2026-03-31', '08:06:11', '17:08:24', 'Di lam', 'Chấm công tự động tháng 3'),
(2138, 22, '2026-03-31', '08:03:31', '17:02:21', 'Di lam', 'Chấm công tự động tháng 3'),
(2139, 23, '2026-03-31', '08:01:14', '17:09:06', 'Di lam', 'Chấm công tự động tháng 3'),
(2140, 24, '2026-03-31', '08:01:49', '17:11:50', 'Di lam', 'Chấm công tự động tháng 3'),
(2141, 25, '2026-03-31', '07:53:41', '17:02:54', 'Di lam', 'Chấm công tự động tháng 3'),
(2142, 26, '2026-03-31', '07:53:31', '17:08:52', 'Di lam', 'Chấm công tự động tháng 3'),
(2143, 27, '2026-03-31', '08:03:46', '17:02:16', 'Di lam', 'Chấm công tự động tháng 3'),
(2144, 29, '2026-03-31', '08:00:03', '17:03:28', 'Di lam', 'Chấm công tự động tháng 3'),
(2145, 30, '2026-03-31', '07:57:12', '17:05:35', 'Di lam', 'Chấm công tự động tháng 3'),
(2146, 31, '2026-03-31', '07:56:21', '17:14:59', 'Di lam', 'Chấm công tự động tháng 3'),
(2147, 32, '2026-03-31', '08:05:53', '17:14:27', 'Di lam', 'Chấm công tự động tháng 3'),
(2148, 33, '2026-03-31', '07:54:40', '17:19:56', 'Di lam', 'Chấm công tự động tháng 3'),
(2149, 34, '2026-03-31', '07:55:41', '17:08:38', 'Di lam', 'Chấm công tự động tháng 3'),
(2150, 36, '2026-03-31', '07:56:06', '17:04:37', 'Di lam', 'Chấm công tự động tháng 3'),
(2151, 37, '2026-03-31', '07:54:47', '17:10:05', 'Di lam', 'Chấm công tự động tháng 3'),
(2152, 38, '2026-03-31', '08:06:03', '17:10:03', 'Di lam', 'Chấm công tự động tháng 3'),
(2153, 39, '2026-03-31', '07:52:07', '17:00:23', 'Di lam', 'Chấm công tự động tháng 3'),
(2154, 40, '2026-03-31', '08:05:38', '17:17:01', 'Di lam', 'Chấm công tự động tháng 3'),
(2155, 42, '2026-03-31', '08:08:13', '17:00:01', 'Di lam', 'Chấm công tự động tháng 3'),
(2156, 43, '2026-03-31', '07:55:29', '17:07:19', 'Di lam', 'Chấm công tự động tháng 3'),
(2157, 44, '2026-03-31', '07:50:12', '17:19:01', 'Di lam', 'Chấm công tự động tháng 3'),
(2158, 45, '2026-03-31', '08:04:32', '17:15:37', 'Di lam', 'Chấm công tự động tháng 3'),
(2159, 46, '2026-03-31', '08:04:27', '17:05:28', 'Di lam', 'Chấm công tự động tháng 3'),
(2160, 47, '2026-03-31', '07:53:58', '17:03:25', 'Di lam', 'Chấm công tự động tháng 3'),
(2161, 49, '2026-03-31', '07:55:11', '17:15:44', 'Di lam', 'Chấm công tự động tháng 3'),
(2162, 50, '2026-03-31', '07:53:04', '17:08:10', 'Di lam', 'Chấm công tự động tháng 3'),
(2171, 1, '2026-04-28', NULL, NULL, 'Nghi phep', NULL),
(2172, 1, '2026-04-29', NULL, NULL, 'Nghi phep', NULL),
(2173, 33, '2026-05-07', NULL, NULL, 'Di lam', NULL),
(2174, 33, '2026-05-08', NULL, NULL, 'Cong tac', NULL),
(2175, 33, '2026-05-06', NULL, NULL, 'Nghi phep', NULL),
(2177, 33, '2026-05-11', NULL, NULL, 'Nghi phep', NULL),
(2178, 33, '2026-05-12', NULL, NULL, 'Di lam', NULL),
(2179, 33, '2026-05-13', NULL, NULL, 'Di lam', NULL),
(2180, 33, '2026-05-14', NULL, NULL, 'Nghi phep', NULL),
(2181, 33, '2026-05-15', NULL, NULL, 'Cong tac', NULL),
(2182, 33, '2026-05-18', NULL, NULL, 'Le', NULL),
(2183, 33, '2026-05-19', NULL, NULL, 'Nghi khong luong', NULL),
(2184, 33, '2026-05-20', NULL, NULL, 'Di muon', NULL),
(2185, 20, '2026-05-04', NULL, NULL, 'Di lam', NULL),
(2187, 8, '2026-05-06', NULL, NULL, 'Nghi phep', NULL),
(2188, 8, '2026-05-07', NULL, NULL, 'Nghi phep', NULL),
(2189, 8, '2026-05-08', NULL, NULL, 'Nghi phep', NULL),
(2190, 8, '2026-05-09', NULL, NULL, 'Nghi phep', NULL);

-- --------------------------------------------------------

--
-- Cấu trúc bảng cho bảng `chatbot_action_drafts`
--

CREATE TABLE `chatbot_action_drafts` (
  `id` int(11) NOT NULL,
  `session_id` int(11) NOT NULL,
  `token` varchar(32) NOT NULL,
  `action_type` varchar(100) NOT NULL,
  `title` varchar(180) NOT NULL,
  `summary` text DEFAULT NULL,
  `permission_required` varchar(100) DEFAULT NULL,
  `payload_json` mediumtext DEFAULT NULL,
  `status_name` varchar(20) NOT NULL DEFAULT 'pending',
  `created_by` int(11) NOT NULL,
  `confirmed_by` int(11) DEFAULT NULL,
  `created_at` datetime NOT NULL DEFAULT current_timestamp(),
  `confirmed_at` datetime DEFAULT NULL,
  `executed_at` datetime DEFAULT NULL,
  `result_message` text DEFAULT NULL
) ENGINE=InnoDB DEFAULT CHARSET=utf8mb4 COLLATE=utf8mb4_general_ci;

--
-- Đang đổ dữ liệu cho bảng `chatbot_action_drafts`
--

INSERT INTO `chatbot_action_drafts` (`id`, `session_id`, `token`, `action_type`, `title`, `summary`, `permission_required`, `payload_json`, `status_name`, `created_by`, `confirmed_by`, `created_at`, `confirmed_at`, `executed_at`, `result_message`) VALUES
(1, 1, '4443b7f6517d5ea2ceb1fe3bb3efe6cf', 'leave_approve', 'Duyệt đơn nghỉ phép #8', 'Nhân viên: Bùi Gia Huy | Từ 2026-04-05 đến 2026-04-07 | Loại: Nghỉ ốm | Trạng thái hiện tại: Đã duyệt', 'duyet_nghiphep', '{\"ma_np\":8}', 'pending', 1, NULL, '2026-04-05 12:23:25', NULL, NULL, NULL),
(2, 2, 'b0d8b5c6ba180f1faafbc09af650b224', 'leave_approve', 'Duyệt đơn nghỉ phép #8', 'Nhân viên: Bùi Gia Huy | Từ 2026-04-05 đến 2026-04-07 | Loại: Nghỉ ốm | Trạng thái hiện tại: Đã duyệt', 'duyet_nghiphep', '{\"ma_np\":8}', 'executed', 1, 1, '2026-04-05 12:26:54', '2026-04-05 12:26:54', '2026-04-05 12:26:54', 'Đã duyệt đơn nghỉ phép từ chatbot.'),
(3, 4, '49208f46ebfda996cc1a7bafc4636795', 'leave_approve', 'Duyệt đơn nghỉ phép #8', 'Nhân viên: Bùi Gia Huy | Từ 2026-04-05 đến 2026-04-07 | Loại: Nghỉ ốm | Trạng thái hiện tại: Đã duyệt', 'duyet_nghiphep', '{\"ma_np\":8}', 'executed', 1, 1, '2026-04-05 12:30:21', '2026-04-05 12:30:21', '2026-04-05 12:30:21', 'Đã duyệt đơn nghỉ phép từ chatbot.'),
(4, 5, '07dbdfd89b0efed0ee945015805560e6', 'leave_approve', 'Test bắt buộc lý do', 'Smoke test confirm_reason', 'duyet_nghiphep', '{\"ma_np\":8}', 'failed', 1, 1, '2026-04-05 15:16:58', '2026-04-05 15:16:58', '2026-04-05 15:16:58', 'Đơn nghỉ phép không còn ở trạng thái Chờ duyệt. | Lý do xác nhận: Đảm bảo nhân sự được nghỉ theo đề xuất đã kiểm tra.'),
(5, 6, '29364d5853304e00d87e6cd676699f88', 'leave_approve', 'Test bắt buộc lý do', 'Smoke test confirm_reason', 'duyet_nghiphep', '{\"ma_np\":8}', 'failed', 1, 1, '2026-04-05 15:17:19', '2026-04-05 15:17:19', '2026-04-05 15:17:19', 'Đơn nghỉ phép không còn ở trạng thái Chờ duyệt. | Lý do xác nhận: Đảm bảo nhân sự được nghỉ theo đề xuất đã kiểm tra.'),
(6, 6, '946cff75fd07c2762adfdbcda7aced3f', 'leave_approve', 'Test hết hạn draft', 'Smoke test expiry', 'duyet_nghiphep', '{\"ma_np\":8}', 'pending', 1, NULL, '2026-04-05 15:06:19', NULL, NULL, NULL);

-- --------------------------------------------------------

--
-- Cấu trúc bảng cho bảng `chatbot_messages`
--

CREATE TABLE `chatbot_messages` (
  `id` int(11) NOT NULL,
  `session_id` int(11) NOT NULL,
  `role_name` varchar(20) NOT NULL,
  `content` text NOT NULL,
  `source_name` varchar(40) DEFAULT NULL,
  `actions_json` mediumtext DEFAULT NULL,
  `suggestions_json` mediumtext DEFAULT NULL,
  `action_draft_token` varchar(32) DEFAULT NULL,
  `created_at` datetime NOT NULL DEFAULT current_timestamp()
) ENGINE=InnoDB DEFAULT CHARSET=utf8mb4 COLLATE=utf8mb4_general_ci;

--
-- Đang đổ dữ liệu cho bảng `chatbot_messages`
--

INSERT INTO `chatbot_messages` (`id`, `session_id`, `role_name`, `content`, `source_name`, `actions_json`, `suggestions_json`, `action_draft_token`, `created_at`) VALUES
(1, 1, 'user', 'duyet nghi phep ma 8', 'user_input', NULL, NULL, NULL, '2026-04-05 12:23:25'),
(2, 1, 'assistant', 'Tôi đã chuẩn bị bản xác nhận duyệt nghỉ phép. Đơn #8 của Bùi Gia Huy từ 2026-04-05 đến 2026-04-07 (3 ngày) hiện ở trạng thái Đã duyệt.', 'action_plan', '[\"Kiểm tra lại thông tin đơn trước khi xác nhận\",\"Sau khi xác nhận, chatbot sẽ gọi chức năng duyệt đơn\"]', '[\"Xác nhận duyệt đơn này\",\"Thống kê nghỉ phép\",\"Có bao nhiêu đơn nghỉ phép chờ duyệt?\"]', '4443b7f6517d5ea2ceb1fe3bb3efe6cf', '2026-04-05 12:23:25'),
(3, 2, 'user', 'duyet nghi phep ma 8', 'user_input', NULL, NULL, NULL, '2026-04-05 12:26:54'),
(4, 2, 'assistant', 'Tôi đã chuẩn bị bản xác nhận duyệt nghỉ phép. Đơn #8 của Bùi Gia Huy từ 2026-04-05 đến 2026-04-07 (3 ngày) hiện ở trạng thái Đã duyệt.', 'action_plan', '[\"Kiểm tra lại thông tin đơn trước khi xác nhận\",\"Sau khi xác nhận, chatbot sẽ gọi chức năng duyệt đơn\"]', '[\"Xác nhận duyệt đơn này\",\"Thống kê nghỉ phép\",\"Có bao nhiêu đơn nghỉ phép chờ duyệt?\"]', 'b0d8b5c6ba180f1faafbc09af650b224', '2026-04-05 12:26:54'),
(5, 2, 'system', 'Đã duyệt đơn nghỉ phép từ chatbot.', 'action_execution', NULL, NULL, NULL, '2026-04-05 12:26:54'),
(6, 3, 'user', 'Hợp đồng sắp hết hạn', 'user_input', NULL, NULL, NULL, '2026-04-05 12:29:35'),
(7, 3, 'assistant', 'Không có hợp đồng còn hiệu lực sắp hết hạn trong 30 ngày tới.', 'tool', '[\"Nguồn: bảng hopdong\",\"Điều kiện: TrangThai còn hiệu lực\"]', '[\"Tổng số nhân viên hiện tại là bao nhiêu?\",\"Phân bổ nhân sự theo phòng ban\",\"Tóm tắt tuyển dụng\"]', NULL, '2026-04-05 12:29:36'),
(8, 3, 'user', 'Thống kê nghỉ phép', 'user_input', NULL, NULL, NULL, '2026-04-05 12:29:38'),
(9, 3, 'assistant', 'Tổng quan trạng thái nghỉ phép:\n- Đã duyệt: 1 đơn', 'tool', '[\"Nguồn: bảng nghiphep\",\"Bao gồm tất cả trạng thái\"]', '[\"Có bao nhiêu đơn nghỉ phép chờ duyệt?\",\"Hợp đồng sắp hết hạn\",\"Tóm tắt tuyển dụng\"]', NULL, '2026-04-05 12:29:38'),
(10, 3, 'user', 'Có bao nhiêu đơn nghỉ phép chờ duyệt?', 'user_input', NULL, NULL, NULL, '2026-04-05 12:29:40'),
(11, 3, 'assistant', 'Yêu cầu này nên đi qua quy trình duyệt an toàn: xác định mã đơn nghỉ phép, kiểm tra trạng thái hiện tại, xem phạm vi ngày nghỉ bị ảnh hưởng, sau đó mới xác nhận duyệt.', 'action_plan', '[\"Chưa duyệt đơn thực tế\",\"Cần có: mã đơn nghỉ phép hoặc mã nhân viên + khoảng ngày\"]', '[\"Thống kê nghỉ phép\",\"Có bao nhiêu đơn nghỉ phép chờ duyệt?\",\"Hãy lập action plan duyệt nghỉ phép mã 5\"]', NULL, '2026-04-05 12:29:40'),
(12, 3, 'user', 'Hãy lập action plan duyệt nghỉ phép mã 5', 'user_input', NULL, NULL, NULL, '2026-04-05 12:29:48'),
(13, 3, 'assistant', 'Yêu cầu này nên đi qua quy trình duyệt an toàn: xác định mã đơn nghỉ phép, kiểm tra trạng thái hiện tại, xem phạm vi ngày nghỉ bị ảnh hưởng, sau đó mới xác nhận duyệt.', 'action_plan', '[\"Chưa duyệt đơn thực tế\",\"Cần có: mã đơn nghỉ phép hoặc mã nhân viên + khoảng ngày\"]', '[\"Thống kê nghỉ phép\",\"Có bao nhiêu đơn nghỉ phép chờ duyệt?\",\"Hãy lập action plan duyệt nghỉ phép mã 5\"]', NULL, '2026-04-05 12:29:48'),
(14, 3, 'user', 'Hãy lập action plan duyệt nghỉ phép mã 5', 'user_input', NULL, NULL, NULL, '2026-04-05 12:29:49'),
(15, 3, 'assistant', 'Yêu cầu này nên đi qua quy trình duyệt an toàn: xác định mã đơn nghỉ phép, kiểm tra trạng thái hiện tại, xem phạm vi ngày nghỉ bị ảnh hưởng, sau đó mới xác nhận duyệt.', 'action_plan', '[\"Chưa duyệt đơn thực tế\",\"Cần có: mã đơn nghỉ phép hoặc mã nhân viên + khoảng ngày\"]', '[\"Thống kê nghỉ phép\",\"Có bao nhiêu đơn nghỉ phép chờ duyệt?\",\"Hãy lập action plan duyệt nghỉ phép mã 5\"]', NULL, '2026-04-05 12:29:49'),
(16, 3, 'user', 'Hãy lập action plan duyệt nghỉ phép mã 5', 'user_input', NULL, NULL, NULL, '2026-04-05 12:29:49'),
(17, 3, 'assistant', 'Yêu cầu này nên đi qua quy trình duyệt an toàn: xác định mã đơn nghỉ phép, kiểm tra trạng thái hiện tại, xem phạm vi ngày nghỉ bị ảnh hưởng, sau đó mới xác nhận duyệt.', 'action_plan', '[\"Chưa duyệt đơn thực tế\",\"Cần có: mã đơn nghỉ phép hoặc mã nhân viên + khoảng ngày\"]', '[\"Thống kê nghỉ phép\",\"Có bao nhiêu đơn nghỉ phép chờ duyệt?\",\"Hãy lập action plan duyệt nghỉ phép mã 5\"]', NULL, '2026-04-05 12:29:49'),
(18, 3, 'user', 'Hãy lập action plan duyệt nghỉ phép mã 5', 'user_input', NULL, NULL, NULL, '2026-04-05 12:29:51'),
(19, 3, 'assistant', 'Yêu cầu này nên đi qua quy trình duyệt an toàn: xác định mã đơn nghỉ phép, kiểm tra trạng thái hiện tại, xem phạm vi ngày nghỉ bị ảnh hưởng, sau đó mới xác nhận duyệt.', 'action_plan', '[\"Chưa duyệt đơn thực tế\",\"Cần có: mã đơn nghỉ phép hoặc mã nhân viên + khoảng ngày\"]', '[\"Thống kê nghỉ phép\",\"Có bao nhiêu đơn nghỉ phép chờ duyệt?\",\"Hãy lập action plan duyệt nghỉ phép mã 5\"]', NULL, '2026-04-05 12:29:51'),
(20, 3, 'user', 'Hãy lập action plan duyệt nghỉ phép mã 5', 'user_input', NULL, NULL, NULL, '2026-04-05 12:29:52'),
(21, 3, 'assistant', 'Yêu cầu này nên đi qua quy trình duyệt an toàn: xác định mã đơn nghỉ phép, kiểm tra trạng thái hiện tại, xem phạm vi ngày nghỉ bị ảnh hưởng, sau đó mới xác nhận duyệt.', 'action_plan', '[\"Chưa duyệt đơn thực tế\",\"Cần có: mã đơn nghỉ phép hoặc mã nhân viên + khoảng ngày\"]', '[\"Thống kê nghỉ phép\",\"Có bao nhiêu đơn nghỉ phép chờ duyệt?\",\"Hãy lập action plan duyệt nghỉ phép mã 5\"]', NULL, '2026-04-05 12:29:52'),
(22, 3, 'user', 'Hãy lập action plan duyệt nghỉ phép mã 5', 'user_input', NULL, NULL, NULL, '2026-04-05 12:29:53'),
(23, 3, 'assistant', 'Yêu cầu này nên đi qua quy trình duyệt an toàn: xác định mã đơn nghỉ phép, kiểm tra trạng thái hiện tại, xem phạm vi ngày nghỉ bị ảnh hưởng, sau đó mới xác nhận duyệt.', 'action_plan', '[\"Chưa duyệt đơn thực tế\",\"Cần có: mã đơn nghỉ phép hoặc mã nhân viên + khoảng ngày\"]', '[\"Thống kê nghỉ phép\",\"Có bao nhiêu đơn nghỉ phép chờ duyệt?\",\"Hãy lập action plan duyệt nghỉ phép mã 5\"]', NULL, '2026-04-05 12:29:53'),
(24, 3, 'user', 'Hãy lập action plan duyệt nghỉ phép mã 5', 'user_input', NULL, NULL, NULL, '2026-04-05 12:29:53'),
(25, 3, 'assistant', 'Yêu cầu này nên đi qua quy trình duyệt an toàn: xác định mã đơn nghỉ phép, kiểm tra trạng thái hiện tại, xem phạm vi ngày nghỉ bị ảnh hưởng, sau đó mới xác nhận duyệt.', 'action_plan', '[\"Chưa duyệt đơn thực tế\",\"Cần có: mã đơn nghỉ phép hoặc mã nhân viên + khoảng ngày\"]', '[\"Thống kê nghỉ phép\",\"Có bao nhiêu đơn nghỉ phép chờ duyệt?\",\"Hãy lập action plan duyệt nghỉ phép mã 5\"]', NULL, '2026-04-05 12:29:53'),
(26, 3, 'user', 'Hãy lập action plan duyệt nghỉ phép mã 5', 'user_input', NULL, NULL, NULL, '2026-04-05 12:29:53'),
(27, 3, 'assistant', 'Yêu cầu này nên đi qua quy trình duyệt an toàn: xác định mã đơn nghỉ phép, kiểm tra trạng thái hiện tại, xem phạm vi ngày nghỉ bị ảnh hưởng, sau đó mới xác nhận duyệt.', 'action_plan', '[\"Chưa duyệt đơn thực tế\",\"Cần có: mã đơn nghỉ phép hoặc mã nhân viên + khoảng ngày\"]', '[\"Thống kê nghỉ phép\",\"Có bao nhiêu đơn nghỉ phép chờ duyệt?\",\"Hãy lập action plan duyệt nghỉ phép mã 5\"]', NULL, '2026-04-05 12:29:53'),
(28, 3, 'user', 'Hãy lập action plan duyệt nghỉ phép mã 5', 'user_input', NULL, NULL, NULL, '2026-04-05 12:29:53'),
(29, 3, 'assistant', 'Yêu cầu này nên đi qua quy trình duyệt an toàn: xác định mã đơn nghỉ phép, kiểm tra trạng thái hiện tại, xem phạm vi ngày nghỉ bị ảnh hưởng, sau đó mới xác nhận duyệt.', 'action_plan', '[\"Chưa duyệt đơn thực tế\",\"Cần có: mã đơn nghỉ phép hoặc mã nhân viên + khoảng ngày\"]', '[\"Thống kê nghỉ phép\",\"Có bao nhiêu đơn nghỉ phép chờ duyệt?\",\"Hãy lập action plan duyệt nghỉ phép mã 5\"]', NULL, '2026-04-05 12:29:53'),
(30, 3, 'user', 'Hãy lập action plan duyệt nghỉ phép mã 5', 'user_input', NULL, NULL, NULL, '2026-04-05 12:29:53'),
(31, 3, 'assistant', 'Yêu cầu này nên đi qua quy trình duyệt an toàn: xác định mã đơn nghỉ phép, kiểm tra trạng thái hiện tại, xem phạm vi ngày nghỉ bị ảnh hưởng, sau đó mới xác nhận duyệt.', 'action_plan', '[\"Chưa duyệt đơn thực tế\",\"Cần có: mã đơn nghỉ phép hoặc mã nhân viên + khoảng ngày\"]', '[\"Thống kê nghỉ phép\",\"Có bao nhiêu đơn nghỉ phép chờ duyệt?\",\"Hãy lập action plan duyệt nghỉ phép mã 5\"]', NULL, '2026-04-05 12:29:53'),
(32, 3, 'user', 'Hãy lập action plan duyệt nghỉ phép mã 5', 'user_input', NULL, NULL, NULL, '2026-04-05 12:29:54'),
(33, 3, 'assistant', 'Yêu cầu này nên đi qua quy trình duyệt an toàn: xác định mã đơn nghỉ phép, kiểm tra trạng thái hiện tại, xem phạm vi ngày nghỉ bị ảnh hưởng, sau đó mới xác nhận duyệt.', 'action_plan', '[\"Chưa duyệt đơn thực tế\",\"Cần có: mã đơn nghỉ phép hoặc mã nhân viên + khoảng ngày\"]', '[\"Thống kê nghỉ phép\",\"Có bao nhiêu đơn nghỉ phép chờ duyệt?\",\"Hãy lập action plan duyệt nghỉ phép mã 5\"]', NULL, '2026-04-05 12:29:54'),
(34, 3, 'user', 'Tổng số nhân viên hiện tại là bao nhiêu?', 'user_input', NULL, NULL, NULL, '2026-04-05 12:29:55'),
(35, 3, 'assistant', 'Tổng số nhân viên hiện tại là 50.', 'tool', '[\"Nguồn: bảng nhanvien\",\"Bạn có thể hỏi thêm theo phòng ban\"]', '[\"Phân bổ nhân sự theo phòng ban\",\"Tìm nhân viên 12\",\"Chi tiết nhân viên Nguyễn Văn A\"]', NULL, '2026-04-05 12:29:55'),
(36, 3, 'user', 'Tìm nhân viên 12', 'user_input', NULL, NULL, NULL, '2026-04-05 12:29:58'),
(37, 3, 'assistant', 'Đã tìm thấy một số nhân viên:\n- MaNV 12 | Phan Thanh Tâm | Đang làm', 'tool', '[\"Nguồn: bảng nhanvien\",\"Kết quả tối đa 5 dòng\"]', '[\"Chi tiết nhân viên 12\",\"Phân bổ nhân sự theo phòng ban\",\"Hợp đồng sắp hết hạn\"]', NULL, '2026-04-05 12:29:58'),
(38, 3, 'user', 'Phân bổ nhân sự theo phòng ban', 'user_input', NULL, NULL, NULL, '2026-04-05 12:30:00'),
(39, 3, 'assistant', 'Phân bổ nhân sự theo phòng ban (phân công đang hiệu lực):\n- Tài Chính: 13 nhân viên\n- Maketing: 11 nhân viên\n- Nhân Sự: 10 nhân viên\n- Kỹ Thuật: 9 nhân viên\n- IT: 7 nhân viên', 'tool', '[\"Nguồn: phancong + phongban\",\"Top 6 phòng ban\"]', '[\"Tổng số nhân viên hiện tại là bao nhiêu?\",\"Tìm nhân viên 12\",\"Hợp đồng sắp hết hạn\"]', NULL, '2026-04-05 12:30:00'),
(40, 3, 'user', 'Hợp đồng sắp hết hạn', 'user_input', NULL, NULL, NULL, '2026-04-05 12:30:00'),
(41, 3, 'assistant', 'Không có hợp đồng còn hiệu lực sắp hết hạn trong 30 ngày tới.', 'tool', '[\"Nguồn: bảng hopdong\",\"Điều kiện: TrangThai còn hiệu lực\"]', '[\"Tổng số nhân viên hiện tại là bao nhiêu?\",\"Phân bổ nhân sự theo phòng ban\",\"Tóm tắt tuyển dụng\"]', NULL, '2026-04-05 12:30:00'),
(42, 3, 'user', 'Phân bổ nhân sự theo phòng ban', 'user_input', NULL, NULL, NULL, '2026-04-05 12:30:01'),
(43, 3, 'assistant', 'Phân bổ nhân sự theo phòng ban (phân công đang hiệu lực):\n- Tài Chính: 13 nhân viên\n- Maketing: 11 nhân viên\n- Nhân Sự: 10 nhân viên\n- Kỹ Thuật: 9 nhân viên\n- IT: 7 nhân viên', 'tool', '[\"Nguồn: phancong + phongban\",\"Top 6 phòng ban\"]', '[\"Tổng số nhân viên hiện tại là bao nhiêu?\",\"Tìm nhân viên 12\",\"Hợp đồng sắp hết hạn\"]', NULL, '2026-04-05 12:30:01'),
(44, 3, 'user', 'Hợp đồng sắp hết hạn', 'user_input', NULL, NULL, NULL, '2026-04-05 12:30:02'),
(45, 3, 'assistant', 'Không có hợp đồng còn hiệu lực sắp hết hạn trong 30 ngày tới.', 'tool', '[\"Nguồn: bảng hopdong\",\"Điều kiện: TrangThai còn hiệu lực\"]', '[\"Tổng số nhân viên hiện tại là bao nhiêu?\",\"Phân bổ nhân sự theo phòng ban\",\"Tóm tắt tuyển dụng\"]', NULL, '2026-04-05 12:30:02'),
(46, 3, 'user', 'Phân bổ nhân sự theo phòng ban', 'user_input', NULL, NULL, NULL, '2026-04-05 12:30:02'),
(47, 3, 'assistant', 'Phân bổ nhân sự theo phòng ban (phân công đang hiệu lực):\n- Tài Chính: 13 nhân viên\n- Maketing: 11 nhân viên\n- Nhân Sự: 10 nhân viên\n- Kỹ Thuật: 9 nhân viên\n- IT: 7 nhân viên', 'tool', '[\"Nguồn: phancong + phongban\",\"Top 6 phòng ban\"]', '[\"Tổng số nhân viên hiện tại là bao nhiêu?\",\"Tìm nhân viên 12\",\"Hợp đồng sắp hết hạn\"]', NULL, '2026-04-05 12:30:02'),
(48, 3, 'user', 'Tổng số nhân viên hiện tại là bao nhiêu?', 'user_input', NULL, NULL, NULL, '2026-04-05 12:30:05'),
(49, 3, 'assistant', 'Tổng số nhân viên hiện tại là 50.', 'tool', '[\"Nguồn: bảng nhanvien\",\"Bạn có thể hỏi thêm theo phòng ban\"]', '[\"Phân bổ nhân sự theo phòng ban\",\"Tìm nhân viên 12\",\"Chi tiết nhân viên Nguyễn Văn A\"]', NULL, '2026-04-05 12:30:05'),
(50, 3, 'user', 'Phân bổ nhân sự theo phòng ban', 'user_input', NULL, NULL, NULL, '2026-04-05 12:30:07'),
(51, 3, 'assistant', 'Phân bổ nhân sự theo phòng ban (phân công đang hiệu lực):\n- Tài Chính: 13 nhân viên\n- Maketing: 11 nhân viên\n- Nhân Sự: 10 nhân viên\n- Kỹ Thuật: 9 nhân viên\n- IT: 7 nhân viên', 'tool', '[\"Nguồn: phancong + phongban\",\"Top 6 phòng ban\"]', '[\"Tổng số nhân viên hiện tại là bao nhiêu?\",\"Tìm nhân viên 12\",\"Hợp đồng sắp hết hạn\"]', NULL, '2026-04-05 12:30:07'),
(52, 3, 'user', 'Tìm nhân viên 12', 'user_input', NULL, NULL, NULL, '2026-04-05 12:30:10'),
(53, 3, 'assistant', 'Đã tìm thấy một số nhân viên:\n- MaNV 12 | Phan Thanh Tâm | Đang làm', 'tool', '[\"Nguồn: bảng nhanvien\",\"Kết quả tối đa 5 dòng\"]', '[\"Chi tiết nhân viên 12\",\"Phân bổ nhân sự theo phòng ban\",\"Hợp đồng sắp hết hạn\"]', NULL, '2026-04-05 12:30:10'),
(54, 4, 'user', 'duyet nghi phep ma 8', 'user_input', NULL, NULL, NULL, '2026-04-05 12:30:21'),
(55, 4, 'assistant', 'Tôi đã chuẩn bị bản xác nhận duyệt nghỉ phép. Đơn #8 của Bùi Gia Huy từ 2026-04-05 đến 2026-04-07 (3 ngày) hiện ở trạng thái Đã duyệt.', 'action_plan', '[\"Kiểm tra lại thông tin đơn trước khi xác nhận\",\"Sau khi xác nhận, chatbot sẽ gọi chức năng duyệt đơn\"]', '[\"Xác nhận duyệt đơn này\",\"Thống kê nghỉ phép\",\"Có bao nhiêu đơn nghỉ phép chờ duyệt?\"]', '49208f46ebfda996cc1a7bafc4636795', '2026-04-05 12:30:21'),
(56, 4, 'system', 'Đã duyệt đơn nghỉ phép từ chatbot.', 'action_execution', NULL, NULL, NULL, '2026-04-05 12:30:21'),
(57, 3, 'user', 'Hợp đồng sắp hết hạn', 'user_input', NULL, NULL, NULL, '2026-04-05 12:40:18'),
(58, 3, 'assistant', 'Không có hợp đồng còn hiệu lực sắp hết hạn trong 30 ngày tới.', 'tool', '[\"Nguồn: bảng hopdong\",\"Điều kiện: TrangThai còn hiệu lực\"]', '[\"Tổng số nhân viên hiện tại là bao nhiêu?\",\"Phân bổ nhân sự theo phòng ban\",\"Tóm tắt tuyển dụng\"]', NULL, '2026-04-05 12:40:19'),
(59, 3, 'user', 'Tổng số nhân viên hiện tại là bao nhiêu?', 'user_input', NULL, NULL, NULL, '2026-04-05 12:40:21'),
(60, 3, 'assistant', 'Tổng số nhân viên hiện tại là 50.', 'tool', '[\"Nguồn: bảng nhanvien\",\"Bạn có thể hỏi thêm theo phòng ban\"]', '[\"Phân bổ nhân sự theo phòng ban\",\"Tìm nhân viên 12\",\"Chi tiết nhân viên Nguyễn Văn A\"]', NULL, '2026-04-05 12:40:21'),
(61, 3, 'user', 'Phân bổ nhân sự theo phòng ban', 'user_input', NULL, NULL, NULL, '2026-04-05 12:40:25'),
(62, 3, 'assistant', 'Phân bổ nhân sự theo phòng ban (phân công đang hiệu lực):\n- Tài Chính: 13 nhân viên\n- Maketing: 11 nhân viên\n- Nhân Sự: 10 nhân viên\n- Kỹ Thuật: 9 nhân viên\n- IT: 7 nhân viên', 'tool', '[\"Nguồn: phancong + phongban\",\"Top 6 phòng ban\"]', '[\"Tổng số nhân viên hiện tại là bao nhiêu?\",\"Tìm nhân viên 12\",\"Hợp đồng sắp hết hạn\"]', NULL, '2026-04-05 12:40:25'),
(63, 3, 'user', 'NGHỈ PHÉP THẾ Nào', 'user_input', NULL, NULL, NULL, '2026-04-05 12:40:44'),
(64, 3, 'assistant', 'Tôi đã nhận câu hỏi của bạn. Hiện tại dịch vụ LLM chưa được cấu hình, nhưng bạn vẫn có thể dùng các lệnh tra cứu dữ liệu như tổng nhân viên, đơn nghỉ phép chờ duyệt, thống kê nghỉ phép, hợp đồng sắp hết hạn, tìm nhân viên.', 'fallback', '[\"Cấu hình OPENAI_API_KEY để bật trợ lý nâng cao\"]', '[\"Tổng số nhân viên hiện tại là bao nhiêu?\",\"Thống kê nghỉ phép\",\"Hợp đồng sắp hết hạn\"]', NULL, '2026-04-05 12:40:44'),
(65, 5, 'system', 'Đơn nghỉ phép không còn ở trạng thái Chờ duyệt. | Lý do xác nhận: Đảm bảo nhân sự được nghỉ theo đề xuất đã kiểm tra.', 'action_execution', NULL, NULL, NULL, '2026-04-05 15:16:58'),
(66, 6, 'system', 'Đơn nghỉ phép không còn ở trạng thái Chờ duyệt. | Lý do xác nhận: Đảm bảo nhân sự được nghỉ theo đề xuất đã kiểm tra.', 'action_execution', NULL, NULL, NULL, '2026-04-05 15:17:19'),
(67, 3, 'user', 'Thống kê nghỉ phép', 'user_input', NULL, NULL, NULL, '2026-04-05 15:17:34'),
(68, 3, 'assistant', 'Tổng quan trạng thái nghỉ phép:\n- Đã duyệt: 1 đơn', 'tool', '[\"Nguồn: bảng nghiphep\",\"Bao gồm tất cả trạng thái\"]', '[\"Có bao nhiêu đơn nghỉ phép chờ duyệt?\",\"Hợp đồng sắp hết hạn\",\"Tóm tắt tuyển dụng\"]', NULL, '2026-04-05 15:17:34'),
(69, 3, 'user', 'Có bao nhiêu đơn nghỉ phép chờ duyệt?', 'user_input', NULL, NULL, NULL, '2026-04-05 15:17:38'),
(70, 3, 'assistant', 'Yêu cầu này nên đi qua quy trình duyệt an toàn: xác định mã đơn nghỉ phép, kiểm tra trạng thái hiện tại, xem phạm vi ngày nghỉ bị ảnh hưởng, sau đó mới xác nhận duyệt.', 'action_plan', '[\"Chưa duyệt đơn thực tế\",\"Cần có: mã đơn nghỉ phép hoặc mã nhân viên + khoảng ngày\"]', '[\"Thống kê nghỉ phép\",\"Có bao nhiêu đơn nghỉ phép chờ duyệt?\",\"Hãy lập action plan duyệt nghỉ phép mã 5\"]', NULL, '2026-04-05 15:17:38'),
(71, 3, 'user', 'Hãy lập action plan duyệt nghỉ phép mã 5', 'user_input', NULL, NULL, NULL, '2026-04-05 15:17:40'),
(72, 3, 'assistant', 'Yêu cầu này nên đi qua quy trình duyệt an toàn: xác định mã đơn nghỉ phép, kiểm tra trạng thái hiện tại, xem phạm vi ngày nghỉ bị ảnh hưởng, sau đó mới xác nhận duyệt.', 'action_plan', '[\"Chưa duyệt đơn thực tế\",\"Cần có: mã đơn nghỉ phép hoặc mã nhân viên + khoảng ngày\"]', '[\"Thống kê nghỉ phép\",\"Có bao nhiêu đơn nghỉ phép chờ duyệt?\",\"Hãy lập action plan duyệt nghỉ phép mã 5\"]', NULL, '2026-04-05 15:17:40'),
(73, 7, 'user', 'Hợp đồng sắp hết hạn', 'user_input', NULL, NULL, NULL, '2026-04-05 20:59:03'),
(74, 7, 'assistant', 'Không có hợp đồng còn hiệu lực sắp hết hạn trong 30 ngày tới.', 'tool', '[\"Nguồn: bảng hopdong\",\"Điều kiện: TrangThai còn hiệu lực\"]', '[\"Tổng số nhân viên hiện tại là bao nhiêu?\",\"Phân bổ nhân sự theo phòng ban\",\"Tóm tắt tuyển dụng\"]', NULL, '2026-04-05 20:59:04'),
(75, 7, 'user', 'Tóm tắt tuyển dụng', 'user_input', NULL, NULL, NULL, '2026-04-05 20:59:05'),
(76, 7, 'assistant', 'Tóm tắt tuyển dụng hiện tại:\n- Tổng hồ sơ: 51\n- Nộp hồ sơ: 1\n- Sàng lọc: 5\n- Phỏng vấn: 8\n- Offer: 5\n- Nhận việc: 27\n- Rớt: 5', 'tool', '[\"Nguồn: bảng hosoungtuyen\"]', '[\"Top ứng viên\",\"Hãy lập action plan tạo lịch phỏng vấn cho hồ sơ 8\",\"Hợp đồng sắp hết hạn\"]', NULL, '2026-04-05 20:59:05'),
(77, 7, 'user', 'Tổng số nhân viên hiện tại là bao nhiêu?', 'user_input', NULL, NULL, NULL, '2026-04-05 20:59:09'),
(78, 7, 'assistant', 'Tổng số nhân viên hiện tại là 50.', 'tool', '[\"Nguồn: bảng nhanvien\",\"Bạn có thể hỏi thêm theo phòng ban\"]', '[\"Phân bổ nhân sự theo phòng ban\",\"Tìm nhân viên 12\",\"Chi tiết nhân viên Nguyễn Văn A\"]', NULL, '2026-04-05 20:59:09'),
(79, 7, 'user', 'lương tính thế nào', 'user_input', NULL, NULL, NULL, '2026-04-05 20:59:15'),
(80, 7, 'assistant', 'Tôi đã nhận câu hỏi của bạn. Hiện tại dịch vụ LLM chưa được cấu hình, nhưng bạn vẫn có thể dùng các lệnh tra cứu dữ liệu như tổng nhân viên, đơn nghỉ phép chờ duyệt, thống kê nghỉ phép, hợp đồng sắp hết hạn, tìm nhân viên.', 'fallback', '[\"Cấu hình OPENAI_API_KEY để bật trợ lý nâng cao\"]', '[\"Tổng số nhân viên hiện tại là bao nhiêu?\",\"Thống kê nghỉ phép\",\"Hợp đồng sắp hết hạn\"]', NULL, '2026-04-05 20:59:15'),
(81, 7, 'user', 'Hợp đồng sắp hết hạn', 'user_input', NULL, NULL, NULL, '2026-04-05 20:59:25'),
(82, 7, 'assistant', 'Không có hợp đồng còn hiệu lực sắp hết hạn trong 30 ngày tới.', 'tool', '[\"Nguồn: bảng hopdong\",\"Điều kiện: TrangThai còn hiệu lực\"]', '[\"Tổng số nhân viên hiện tại là bao nhiêu?\",\"Phân bổ nhân sự theo phòng ban\",\"Tóm tắt tuyển dụng\"]', NULL, '2026-04-05 20:59:25'),
(83, 7, 'user', 'Phân bổ nhân sự theo phòng ban', 'user_input', NULL, NULL, NULL, '2026-04-05 20:59:29'),
(84, 7, 'assistant', 'Phân bổ nhân sự theo phòng ban (phân công đang hiệu lực):\n- Tài Chính: 13 nhân viên\n- Maketing: 11 nhân viên\n- Nhân Sự: 10 nhân viên\n- Kỹ Thuật: 9 nhân viên\n- IT: 7 nhân viên', 'tool', '[\"Nguồn: phancong + phongban\",\"Top 6 phòng ban\"]', '[\"Tổng số nhân viên hiện tại là bao nhiêu?\",\"Tìm nhân viên 12\",\"Hợp đồng sắp hết hạn\"]', NULL, '2026-04-05 20:59:29'),
(85, 7, 'user', 'Tìm nhân viên 12', 'user_input', NULL, NULL, NULL, '2026-04-05 20:59:31'),
(86, 7, 'assistant', 'Đã tìm thấy một số nhân viên:\n- MaNV 12 | Phan Thanh Tâm | Đang làm', 'tool', '[\"Nguồn: bảng nhanvien\",\"Kết quả tối đa 5 dòng\"]', '[\"Chi tiết nhân viên 12\",\"Phân bổ nhân sự theo phòng ban\",\"Hợp đồng sắp hết hạn\"]', NULL, '2026-04-05 20:59:31'),
(87, 8, 'user', 'Hợp đồng sắp hết hạn', 'user_input', NULL, NULL, NULL, '2026-04-05 21:38:47'),
(88, 8, 'assistant', 'Không có hợp đồng còn hiệu lực sắp hết hạn trong 30 ngày tới.', 'tool', '[\"Nguồn: bảng hopdong\",\"Điều kiện: TrangThai còn hiệu lực\"]', '[\"Tổng số nhân viên hiện tại là bao nhiêu?\",\"Phân bổ nhân sự theo phòng ban\",\"Tóm tắt tuyển dụng\"]', NULL, '2026-04-05 21:38:47'),
(89, 8, 'user', 'tôi là ai', 'user_input', NULL, NULL, NULL, '2026-04-05 21:39:01'),
(90, 8, 'assistant', 'Tôi đã nhận câu hỏi của bạn. Hiện tại dịch vụ LLM chưa được cấu hình, nhưng bạn vẫn có thể dùng các lệnh tra cứu dữ liệu như tổng nhân viên, đơn nghỉ phép chờ duyệt, thống kê nghỉ phép, hợp đồng sắp hết hạn, tìm nhân viên.', 'fallback', '[\"Cấu hình OPENAI_API_KEY để bật trợ lý nâng cao\"]', '[\"Tổng số nhân viên hiện tại là bao nhiêu?\",\"Thống kê nghỉ phép\",\"Hợp đồng sắp hết hạn\"]', NULL, '2026-04-05 21:39:01'),
(91, 9, 'user', 'Thống kê nghỉ phép', 'user_input', NULL, NULL, NULL, '2026-04-06 09:33:49'),
(92, 9, 'assistant', 'Tổng quan trạng thái nghỉ phép:\n- Đã duyệt: 1 đơn', 'tool', '[\"Nguồn: bảng nghiphep\",\"Bao gồm tất cả trạng thái\"]', '[\"Có bao nhiêu đơn nghỉ phép chờ duyệt?\",\"Hợp đồng sắp hết hạn\",\"Tóm tắt tuyển dụng\"]', NULL, '2026-04-06 09:33:49'),
(93, 9, 'user', 'Hợp đồng sắp hết hạn', 'user_input', NULL, NULL, NULL, '2026-04-06 09:33:55'),
(94, 9, 'assistant', 'Không có hợp đồng còn hiệu lực sắp hết hạn trong 30 ngày tới.', 'tool', '[\"Nguồn: bảng hopdong\",\"Điều kiện: TrangThai còn hiệu lực\"]', '[\"Tổng số nhân viên hiện tại là bao nhiêu?\",\"Phân bổ nhân sự theo phòng ban\",\"Tóm tắt tuyển dụng\"]', NULL, '2026-04-06 09:33:55'),
(95, 9, 'user', 'Tổng số nhân viên hiện tại là bao nhiêu?', 'user_input', NULL, NULL, NULL, '2026-04-06 09:34:27'),
(96, 9, 'assistant', 'Tổng số nhân viên hiện tại là 50.', 'tool', '[\"Nguồn: bảng nhanvien\",\"Bạn có thể hỏi thêm theo phòng ban\"]', '[\"Phân bổ nhân sự theo phòng ban\",\"Tìm nhân viên 12\",\"Chi tiết nhân viên Nguyễn Văn A\"]', NULL, '2026-04-06 09:34:27'),
(97, 9, 'user', 'quy trình xin nghỉ', 'user_input', NULL, NULL, NULL, '2026-04-06 09:34:39'),
(98, 9, 'assistant', 'Tôi đã nhận câu hỏi của bạn. Hiện tại dịch vụ LLM chưa được cấu hình, nhưng bạn vẫn có thể dùng các lệnh tra cứu dữ liệu như tổng nhân viên, đơn nghỉ phép chờ duyệt, thống kê nghỉ phép, hợp đồng sắp hết hạn, tìm nhân viên.', 'fallback', '[\"Cấu hình OPENAI_API_KEY để bật trợ lý nâng cao\"]', '[\"Tổng số nhân viên hiện tại là bao nhiêu?\",\"Thống kê nghỉ phép\",\"Hợp đồng sắp hết hạn\"]', NULL, '2026-04-06 09:34:39'),
(99, 9, 'user', 'Tóm tắt tuyển dụng', 'user_input', NULL, NULL, NULL, '2026-04-06 09:48:05'),
(100, 9, 'assistant', 'Tóm tắt tuyển dụng hiện tại:\n- Tổng hồ sơ: 51\n- Nộp hồ sơ: 1\n- Sàng lọc: 5\n- Phỏng vấn: 8\n- Offer: 5\n- Nhận việc: 27\n- Rớt: 5', 'tool', '[\"Nguồn: bảng hosoungtuyen\"]', '[\"Top ứng viên\",\"Hãy lập action plan tạo lịch phỏng vấn cho hồ sơ 8\",\"Hợp đồng sắp hết hạn\"]', NULL, '2026-04-06 09:48:05'),
(101, 9, 'user', 'Tổng số nhân viên hiện tại là bao nhiêu?', 'user_input', NULL, NULL, NULL, '2026-04-06 09:48:08'),
(102, 9, 'assistant', 'Tổng số nhân viên hiện tại là 50.', 'tool', '[\"Nguồn: bảng nhanvien\",\"Bạn có thể hỏi thêm theo phòng ban\"]', '[\"Phân bổ nhân sự theo phòng ban\",\"Tìm nhân viên 12\",\"Chi tiết nhân viên Nguyễn Văn A\"]', NULL, '2026-04-06 09:48:08'),
(103, 9, 'user', 'Chi tiết nhân viên Nguyễn Văn A', 'user_input', NULL, NULL, NULL, '2026-04-06 09:48:11'),
(104, 9, 'assistant', 'Không tìm thấy nhân viên phù hợp để xem chi tiết.', 'tool', '[\"Thử lại với mã NV hoặc tên gần đúng\"]', '[\"Tìm nhân viên 12\",\"Phân bổ nhân sự theo phòng ban\"]', NULL, '2026-04-06 09:48:11'),
(105, 9, 'user', 'lương của tôi', 'user_input', NULL, NULL, NULL, '2026-04-06 09:48:23'),
(106, 9, 'assistant', 'Tóm tắt lương tháng này của bạn:\n- Lương cơ sở: 5310000.00\n- Hệ số lương: 4.50\n- Hệ số chức vụ: 1.00\n- Phụ cấp: 5000000.00\n- Tổng lương: 28895000.0', 'tool', '[\"Nguồn: ước tính từ hợp đồng đang hiệu lực\"]', '[\"Hợp đồng của tôi\",\"Thông tin cá nhân của tôi\",\"Đơn nghỉ phép của tôi\"]', NULL, '2026-04-06 09:48:23'),
(107, 10, 'user', 'Hợp đồng sắp hết hạn', 'user_input', NULL, NULL, NULL, '2026-04-06 15:14:13'),
(108, 10, 'assistant', 'Bot service chưa sẵn sàng. Hãy chạy Python service và thử lại.', 'fallback', NULL, NULL, NULL, '2026-04-06 15:14:16'),
(109, 10, 'user', 'Hợp đồng sắp hết hạn', 'user_input', NULL, NULL, NULL, '2026-04-06 15:15:16'),
(110, 10, 'assistant', 'Không có hợp đồng còn hiệu lực sắp hết hạn trong 30 ngày tới.', 'tool', '[\"Nguồn: bảng hopdong\",\"Điều kiện: TrangThai còn hiệu lực\"]', '[\"Tổng số nhân viên hiện tại là bao nhiêu?\",\"Phân bổ nhân sự theo phòng ban\",\"Tóm tắt tuyển dụng\"]', NULL, '2026-04-06 15:15:16'),
(111, 10, 'user', 'tôi là ai', 'user_input', NULL, NULL, NULL, '2026-04-06 15:15:24'),
(112, 10, 'assistant', 'Tôi đã nhận câu hỏi của bạn. Hiện tại dịch vụ LLM chưa được cấu hình, nhưng bạn vẫn có thể dùng các lệnh tra cứu dữ liệu như tổng nhân viên, đơn nghỉ phép chờ duyệt, thống kê nghỉ phép, hợp đồng sắp hết hạn, tìm nhân viên.', 'fallback', '[\"Cấu hình OPENAI_API_KEY để bật trợ lý nâng cao\"]', '[\"Tổng số nhân viên hiện tại là bao nhiêu?\",\"Thống kê nghỉ phép\",\"Hợp đồng sắp hết hạn\"]', NULL, '2026-04-06 15:15:24'),
(113, 10, 'user', 'Thống kê nghỉ phép', 'user_input', NULL, NULL, NULL, '2026-04-06 15:15:30'),
(114, 10, 'assistant', 'Tổng quan trạng thái nghỉ phép:\n- Đã duyệt: 1 đơn', 'tool', '[\"Nguồn: bảng nghiphep\",\"Bao gồm tất cả trạng thái\"]', '[\"Có bao nhiêu đơn nghỉ phép chờ duyệt?\",\"Hợp đồng sắp hết hạn\",\"Tóm tắt tuyển dụng\"]', NULL, '2026-04-06 15:15:30'),
(115, 10, 'user', 'Hợp đồng sắp hết hạn', 'user_input', NULL, NULL, NULL, '2026-04-06 15:15:33'),
(116, 10, 'assistant', 'Không có hợp đồng còn hiệu lực sắp hết hạn trong 30 ngày tới.', 'tool', '[\"Nguồn: bảng hopdong\",\"Điều kiện: TrangThai còn hiệu lực\"]', '[\"Tổng số nhân viên hiện tại là bao nhiêu?\",\"Phân bổ nhân sự theo phòng ban\",\"Tóm tắt tuyển dụng\"]', NULL, '2026-04-06 15:15:33'),
(117, 10, 'user', 'Tóm tắt tuyển dụng', 'user_input', NULL, NULL, NULL, '2026-04-06 15:15:36'),
(118, 10, 'assistant', 'Tóm tắt tuyển dụng hiện tại:\n- Tổng hồ sơ: 51\n- Nộp hồ sơ: 1\n- Sàng lọc: 5\n- Phỏng vấn: 8\n- Offer: 5\n- Nhận việc: 27\n- Rớt: 5', 'tool', '[\"Nguồn: bảng hosoungtuyen\"]', '[\"Top ứng viên\",\"Hãy lập action plan tạo lịch phỏng vấn cho hồ sơ 8\",\"Hợp đồng sắp hết hạn\"]', NULL, '2026-04-06 15:15:36'),
(119, 10, 'user', 'lương của', 'user_input', NULL, NULL, NULL, '2026-04-06 15:15:47'),
(120, 10, 'assistant', 'Tôi đã nhận câu hỏi của bạn. Hiện tại dịch vụ LLM chưa được cấu hình, nhưng bạn vẫn có thể dùng các lệnh tra cứu dữ liệu như tổng nhân viên, đơn nghỉ phép chờ duyệt, thống kê nghỉ phép, hợp đồng sắp hết hạn, tìm nhân viên.', 'fallback', '[\"Cấu hình OPENAI_API_KEY để bật trợ lý nâng cao\"]', '[\"Tổng số nhân viên hiện tại là bao nhiêu?\",\"Thống kê nghỉ phép\",\"Hợp đồng sắp hết hạn\"]', NULL, '2026-04-06 15:15:47'),
(121, 10, 'user', 'lương', 'user_input', NULL, NULL, NULL, '2026-04-06 15:15:56'),
(122, 10, 'assistant', 'Tôi đã nhận câu hỏi của bạn. Hiện tại dịch vụ LLM chưa được cấu hình, nhưng bạn vẫn có thể dùng các lệnh tra cứu dữ liệu như tổng nhân viên, đơn nghỉ phép chờ duyệt, thống kê nghỉ phép, hợp đồng sắp hết hạn, tìm nhân viên.', 'fallback', '[\"Cấu hình OPENAI_API_KEY để bật trợ lý nâng cao\"]', '[\"Tổng số nhân viên hiện tại là bao nhiêu?\",\"Thống kê nghỉ phép\",\"Hợp đồng sắp hết hạn\"]', NULL, '2026-04-06 15:15:56'),
(123, 10, 'user', 'Tổng số nhân viên hiện tại là bao nhiêu?', 'user_input', NULL, NULL, NULL, '2026-04-06 15:16:01'),
(124, 10, 'assistant', 'Tổng số nhân viên hiện tại là 50.', 'tool', '[\"Nguồn: bảng nhanvien\",\"Bạn có thể hỏi thêm theo phòng ban\"]', '[\"Phân bổ nhân sự theo phòng ban\",\"Tìm nhân viên 12\",\"Chi tiết nhân viên Nguyễn Văn A\"]', NULL, '2026-04-06 15:16:01'),
(125, 11, 'user', 'Hợp đồng sắp hết hạn', 'user_input', NULL, NULL, NULL, '2026-04-07 08:25:30'),
(126, 11, 'assistant', 'Không có hợp đồng còn hiệu lực sắp hết hạn trong 30 ngày tới.', 'tool', '[\"Nguồn: bảng hopdong\",\"Điều kiện: TrangThai còn hiệu lực\"]', '[\"Tổng số nhân viên hiện tại là bao nhiêu?\",\"Phân bổ nhân sự theo phòng ban\",\"Tóm tắt tuyển dụng\"]', NULL, '2026-04-07 08:25:30'),
(127, 11, 'user', 'Tổng số nhân viên hiện tại là bao nhiêu?', 'user_input', NULL, NULL, NULL, '2026-04-07 08:25:32'),
(128, 11, 'assistant', 'Tổng số nhân viên hiện tại là 50.', 'tool', '[\"Nguồn: bảng nhanvien\",\"Bạn có thể hỏi thêm theo phòng ban\"]', '[\"Phân bổ nhân sự theo phòng ban\",\"Tìm nhân viên 12\",\"Chi tiết nhân viên Nguyễn Văn A\"]', NULL, '2026-04-07 08:25:32'),
(129, 12, 'user', 'Tóm tắt tuyển dụng', 'user_input', NULL, NULL, NULL, '2026-04-13 23:35:51'),
(130, 12, 'assistant', 'Bot service chưa sẵn sàng. Hãy chạy Python service và thử lại.', 'fallback', NULL, NULL, NULL, '2026-04-13 23:35:54'),
(131, 13, 'user', 'Hợp đồng sắp hết hạn', 'user_input', NULL, NULL, NULL, '2026-04-21 21:00:41'),
(132, 13, 'assistant', 'Không có hợp đồng còn hiệu lực sắp hết hạn trong 30 ngày tới.', 'tool', '[\"Nguồn: bảng hopdong\",\"Điều kiện: TrangThai còn hiệu lực\"]', '[\"Tổng số nhân viên hiện tại là bao nhiêu?\",\"Phân bổ nhân sự theo phòng ban\",\"Tóm tắt tuyển dụng\"]', NULL, '2026-04-21 21:00:41'),
(133, 13, 'user', 'Tổng số nhân viên hiện tại là bao nhiêu?', 'user_input', NULL, NULL, NULL, '2026-04-21 21:00:44'),
(134, 13, 'assistant', 'Tổng số nhân viên hiện tại là 51.', 'tool', '[\"Nguồn: bảng nhanvien\",\"Bạn có thể hỏi thêm theo phòng ban\"]', '[\"Phân bổ nhân sự theo phòng ban\",\"Tìm nhân viên 12\",\"Chi tiết nhân viên Nguyễn Văn A\"]', NULL, '2026-04-21 21:00:44'),
(135, 14, 'user', 'Nghỉ phép đang chờ duyệt?', 'user_input', NULL, NULL, NULL, '2026-05-03 16:17:51'),
(136, 14, 'assistant', 'Bot service chưa sẵn sàng. Hãy chạy Python service và thử lại.', 'fallback', NULL, NULL, NULL, '2026-05-03 16:17:51'),
(137, 15, 'user', 'Nghỉ phép đang chờ duyệt?', 'user_input', NULL, NULL, NULL, '2026-05-08 02:35:08'),
(138, 15, 'assistant', 'Bot service chưa sẵn sàng. Hãy chạy Python service và thử lại.', 'fallback', NULL, NULL, NULL, '2026-05-08 02:35:09'),
(139, 15, 'user', 'Thống kê nghỉ phép', 'user_input', NULL, NULL, NULL, '2026-05-08 02:37:07'),
(140, 15, 'assistant', 'Tổng quan trạng thái nghỉ phép:\n- Chờ duyệt: 3 đơn\n- Đã duyệt: 1 đơn', 'tool', '[\"Nguồn: bảng nghiphep\",\"Bao gồm tất cả trạng thái\"]', '[\"Có bao nhiêu đơn nghỉ phép chờ duyệt?\",\"Hợp đồng sắp hết hạn\",\"Tóm tắt tuyển dụng\"]', NULL, '2026-05-08 02:37:07');

-- --------------------------------------------------------

--
-- Cấu trúc bảng cho bảng `chatbot_sessions`
--

CREATE TABLE `chatbot_sessions` (
  `id` int(11) NOT NULL,
  `session_key` varchar(64) NOT NULL,
  `ma_tk` int(11) NOT NULL,
  `username` varchar(100) NOT NULL,
  `role_name` varchar(100) NOT NULL,
  `created_at` datetime NOT NULL DEFAULT current_timestamp(),
  `last_interaction_at` datetime NOT NULL DEFAULT current_timestamp() ON UPDATE current_timestamp()
) ENGINE=InnoDB DEFAULT CHARSET=utf8mb4 COLLATE=utf8mb4_general_ci;

--
-- Đang đổ dữ liệu cho bảng `chatbot_sessions`
--

INSERT INTO `chatbot_sessions` (`id`, `session_key`, `ma_tk`, `username`, `role_name`, `created_at`, `last_interaction_at`) VALUES
(1, '45354979bfe8cc90b909dd9b49a8f68d', 1, 'admin', 'Admin', '2026-04-05 12:23:25', '2026-04-05 12:23:25'),
(2, 'a4119937f18df82206fefd550eaa46d3', 1, 'admin', 'Admin', '2026-04-05 12:26:54', '2026-04-05 12:26:54'),
(3, '60ac0abeefa139774d4b2656c5e2dff7', 3, 'binh192k5@gmail.com', 'Admin', '2026-04-05 12:29:35', '2026-04-05 15:17:40'),
(4, '4a2b6366d21b79b75a03327c9392c1a5', 1, 'admin', 'Admin', '2026-04-05 12:30:21', '2026-04-05 12:30:21'),
(5, '6c32bde101a717837c30bb00340e356b', 1, 'admin', 'Admin', '2026-04-05 15:16:58', '2026-04-05 15:16:58'),
(6, '61ad29aa382758c755a8933981992c1f', 1, 'admin', 'Admin', '2026-04-05 15:17:19', '2026-04-05 15:17:19'),
(7, '56ea0aa33ec34c60adb53db8a70bc399', 3, 'binh192k5@gmail.com', 'Admin', '2026-04-05 20:59:03', '2026-04-05 20:59:31'),
(8, 'a5093c75c780cb8b7b520283a1098a10', 3, 'binh192k5@gmail.com', 'Admin', '2026-04-05 21:38:47', '2026-04-05 21:39:01'),
(9, 'dffe603bad831607750d04ddf7a615d9', 3, 'binh192k5@gmail.com', 'Admin', '2026-04-06 09:33:49', '2026-04-06 09:48:23'),
(10, '047792d3b7bffb2caa022ccaead2d2c6', 3, 'binh192k5@gmail.com', 'Admin', '2026-04-06 15:14:13', '2026-04-06 15:16:01'),
(11, 'b0b5c061b527eab4f5b390a47be9bb11', 17, 'tiendat', 'Admin', '2026-04-07 08:25:30', '2026-04-07 08:25:32'),
(12, 'd57671e44feceb4ee8e2e6faeb228077', 17, 'tiendat', 'Admin', '2026-04-13 23:35:50', '2026-04-13 23:35:50'),
(13, '79d01962ab8d366ce9fc945d342a5a2b', 17, 'tiendat', 'Admin', '2026-04-21 21:00:41', '2026-04-21 21:00:44'),
(14, 'c78c75c5925a05aea013241d559a9690', 17, 'tiendat', 'Admin', '2026-05-03 16:17:51', '2026-05-03 16:17:51'),
(15, '30cd324b4c786e26d2d800c09292b4ff', 17, 'binhnguyen', 'Admin', '2026-05-08 02:35:08', '2026-05-08 02:37:07');

-- --------------------------------------------------------

--
-- Cấu trúc bảng cho bảng `chucnang`
--

CREATE TABLE `chucnang` (
  `MaCN` int(11) NOT NULL,
  `TenChucNang` varchar(150) NOT NULL,
  `MoTa` text DEFAULT NULL
) ENGINE=InnoDB DEFAULT CHARSET=utf8mb4 COLLATE=utf8mb4_general_ci;

--
-- Đang đổ dữ liệu cho bảng `chucnang`
--

INSERT INTO `chucnang` (`MaCN`, `TenChucNang`, `MoTa`) VALUES
(40, 'xem_nhanvien', NULL),
(41, 'them_nhanvien', NULL),
(42, 'sua_nhanvien', NULL),
(43, 'xoa_nhanvien', NULL),
(44, 'timkiem_nhanvien', NULL),
(45, 'xem_phancong', NULL),
(46, 'them_phancong', NULL),
(47, 'sua_phancong', NULL),
(48, 'xoa_phancong', NULL),
(49, 'xem_lichsu_phancong', NULL),
(50, 'xem_hoso', NULL),
(51, 'them_hoso', NULL),
(52, 'sua_hoso', NULL),
(53, 'xoa_hoso', NULL),
(54, 'xem_hopdong', NULL),
(55, 'them_hopdong', NULL),
(56, 'sua_hopdong', NULL),
(57, 'xoa_hopdong', NULL),
(58, 'xem_lich_su_luong', NULL),
(59, 'giahan_hopdong', NULL),
(60, 'chamdut_hopdong', NULL),
(61, 'xem_dot_tuyen', NULL),
(62, 'them_dot_tuyen', NULL),
(63, 'xoa_dot_tuyen', NULL),
(64, 'xem_ung_vien', NULL),
(65, 'them_ung_vien', NULL),
(66, 'xem_ho_so', NULL),
(67, 'them_ho_so', NULL),
(68, 'capnhat_trangthai', NULL),
(69, 'xem_lich_phong_van', NULL),
(70, 'them_lich_phong_van', NULL),
(71, 'xem_dashboard', NULL),
(72, 'capnhat_trangthai', NULL),
(73, 'chon_dot_tuyen', NULL),
(74, 'them_danh_gia', NULL),
(75, 'xem_top_ung_vien', NULL),
(76, 'tim_ung_vien', NULL),
(77, 'xem_khoa_dao_tao', NULL),
(78, 'them_khoa_dao_tao', NULL),
(79, 'xoa_khoa_dao_tao', NULL),
(80, 'xem_tham_gia_dao_tao', NULL),
(81, 'them_tham_gia_dao_tao', NULL),
(82, 'capnhat_ketqua_dao_tao', NULL),
(83, 'xem_khoa_dao_tao', NULL),
(84, 'them_khoa_dao_tao', NULL),
(85, 'xoa_khoa_dao_tao', NULL),
(86, 'xem_tham_gia_dao_tao', NULL),
(87, 'them_tham_gia_dao_tao', NULL),
(88, 'capnhat_ketqua_dao_tao', NULL),
(89, 'xem_chamcong', NULL),
(90, 'them_chamcong', NULL),
(91, 'sua_chamcong', NULL),
(92, 'xoa_chamcong', NULL),
(93, 'xuat_bang_cham_cong', NULL),
(94, 'cham_cong_nhanh', NULL),
(95, 'xem_luong', NULL),
(96, 'tinh_luong_thang', NULL),
(97, 'chot_luong', NULL),
(98, 'mo_chot_luong', NULL),
(99, 'xem_nghiphep', NULL),
(100, 'timkiem_nghiphep', NULL),
(101, 'them_nghiphep', NULL),
(102, 'sua_nghiphep', NULL),
(103, 'duyet_nghiphep', NULL),
(104, 'tuchoi_nghiphep', NULL),
(105, 'xoa_nghiphep', NULL),
(106, 'xem_baohiem', NULL),
(107, 'them_baohiem', NULL),
(108, 'sua_baohiem', NULL),
(109, 'xoa_baohiem', NULL),
(110, 'dung_baohiem', NULL),
(111, 'timkiem_baohiem', NULL),
(112, 'xuat_excel_baohiem', NULL),
(113, 'xem_khenthuong', NULL),
(114, 'them_khenthuong', NULL),
(115, 'sua_khenthuong', NULL),
(116, 'xoa_khenthuong', NULL),
(117, 'xem_phongban', NULL),
(118, 'them_phongban', NULL),
(119, 'timkiem_phongban', NULL),
(120, 'sua_phongban', NULL),
(121, 'xoa_phongban', NULL),
(122, 'xuat_excel_phongban', NULL),
(123, 'import_csv_phongban', NULL),
(124, 'xem_chucvu', NULL),
(125, 'them_chucvu', NULL),
(126, 'sua_chucvu', NULL),
(127, 'xoa_chucvu', NULL),
(128, 'xuat_excel_chucvu', NULL),
(129, 'xem_ngachluong', NULL),
(130, 'xem_bacluong', NULL),
(131, 'xem_taikhoan', NULL),
(132, 'them_taikhoan', NULL),
(133, 'sua_taikhoan', NULL),
(134, 'xoa_taikhoan', NULL),
(135, 'xem_baocao', NULL),
(136, 'them_baocao', NULL),
(137, 'sua_baocao', NULL),
(138, 'xoa_baocao', NULL),
(139, 'dashboard_baocao', NULL),
(140, 'xuatex_baocao', NULL),
(141, 'xem_phanquyen', 'xem_phanquyen'),
(142, 'sua_phanquyen', 'sua_phanquyen'),
(143, 'su_dung_chatbot', 'su_dung_chatbot'),
(144, 'xem_quyphep', 'Xem quỹ phép năm'),
(145, 'them_quyphep', 'Thêm quỹ phép năm'),
(146, 'sua_quyphep', 'Sửa quỹ phép năm'),
(147, 'xoa_quyphep', 'Xóa quỹ phép năm');

-- --------------------------------------------------------

--
-- Cấu trúc bảng cho bảng `chucvu`
--

CREATE TABLE `chucvu` (
  `MaCV` int(11) NOT NULL,
  `TenCV` varchar(100) NOT NULL,
  `HeSoChucVu` decimal(3,2) DEFAULT NULL,
  `PhuCap` decimal(12,2) DEFAULT NULL
) ENGINE=InnoDB DEFAULT CHARSET=utf8mb4 COLLATE=utf8mb4_general_ci;

--
-- Đang đổ dữ liệu cho bảng `chucvu`
--

INSERT INTO `chucvu` (`MaCV`, `TenCV`, `HeSoChucVu`, `PhuCap`) VALUES
(3, 'Phó phòng', 0.40, 1000000.00),
(4, 'Nhân viên', 0.10, 250000.00),
(5, 'Giám đốc', 1.00, 5000000.00),
(6, 'Phó giám đốc', 0.80, 3000000.00),
(7, 'Trưởng phòng', 0.60, 1500000.00),
(8, 'Trưởng nhóm', 0.25, 700000.00),
(9, 'Nhân viên chính', 0.10, 300000.00),
(10, 'Thực tập sinh', 0.10, 200000.00);

-- --------------------------------------------------------

--
-- Cấu trúc bảng cho bảng `danhgiaphongvan`
--

CREATE TABLE `danhgiaphongvan` (
  `MaDG` int(11) NOT NULL,
  `MaHS` int(11) DEFAULT NULL,
  `DiemKyNang` int(11) DEFAULT NULL,
  `DiemKinhNghiem` int(11) DEFAULT NULL,
  `DiemThaiDo` int(11) DEFAULT NULL,
  `NhanXet` text DEFAULT NULL
) ENGINE=InnoDB DEFAULT CHARSET=utf8mb4 COLLATE=utf8mb4_general_ci;

-- --------------------------------------------------------

--
-- Cấu trúc bảng cho bảng `dottuyendung`
--

CREATE TABLE `dottuyendung` (
  `MaDTD` int(11) NOT NULL,
  `TenDotTuyenDung` varchar(200) NOT NULL,
  `ViTriTuyenDung` varchar(150) NOT NULL,
  `SoLuong` int(11) NOT NULL,
  `TuNgay` date NOT NULL,
  `DenNgay` date DEFAULT NULL,
  `TrangThai` enum('Đang tuyển','Đã kết thúc') DEFAULT 'Đang tuyển',
  `MoTa` text DEFAULT NULL
) ENGINE=InnoDB DEFAULT CHARSET=utf8mb4 COLLATE=utf8mb4_general_ci;

--
-- Đang đổ dữ liệu cho bảng `dottuyendung`
--

INSERT INTO `dottuyendung` (`MaDTD`, `TenDotTuyenDung`, `ViTriTuyenDung`, `SoLuong`, `TuNgay`, `DenNgay`, `TrangThai`, `MoTa`) VALUES
(1, 'Nhân sự IT', 'Nhân viên', 3, '2026-02-11', '2026-03-11', 'Đang tuyển', ''),
(2, 'Nhân sự Maketing', 'Trưởng phòng', 1, '2026-03-23', '2026-03-30', 'Đang tuyển', ''),
(3, 'Tuyển dụng Kỹ sư Java Backend', 'Nhân viên', 5, '2026-01-10', '2026-02-10', 'Đã kết thúc', 'Yêu cầu 2 năm kinh nghiệm Java'),
(4, 'Tìm kiếm Chuyên viên Content Marketing', 'Nhân viên', 2, '2026-01-15', '2026-02-15', 'Đã kết thúc', 'Kỹ năng viết lách tốt'),
(5, 'Tuyển dụng Kế toán trưởng', 'Trưởng phòng', 1, '2026-01-20', '2026-02-20', 'Đã kết thúc', 'Có chứng chỉ kế toán trưởng'),
(6, 'Đợt tuyển thực tập sinh IT đợt 1', 'Thực tập sinh', 10, '2026-02-01', '2026-03-01', 'Đã kết thúc', 'Dành cho sinh viên năm cuối'),
(7, 'Tuyển dụng Nhân viên Hành chính', 'Nhân viên', 2, '2026-02-05', '2026-03-05', 'Đã kết thúc', NULL),
(8, 'Tuyển dụng Giám đốc Kinh doanh', 'Giám đốc', 1, '2026-02-10', '2026-03-10', 'Đã kết thúc', 'Kinh nghiệm quản lý trên 10 năm'),
(9, 'Tìm kiếm Lập trình viên ReactJS', 'Nhân viên', 3, '2026-02-15', '2026-03-15', 'Đã kết thúc', 'Ưu tiên biết thêm NextJS'),
(10, 'Tuyển dụng Nhân viên Lễ tân', 'Nhân viên', 1, '2026-02-20', '2026-03-20', 'Đã kết thúc', 'Ngoại hình ưa nhìn'),
(11, 'Tuyển dụng Chuyên viên Pháp chế', 'Nhân viên', 1, '2026-02-25', '2026-03-25', 'Đã kết thúc', NULL),
(12, 'Tuyển dụng Nhân viên Sale Logistics', 'Nhân viên', 8, '2026-03-01', '2026-04-01', 'Đang tuyển', 'Am hiểu về xuất nhập khẩu'),
(13, 'Tuyển dụng Trưởng nhóm Kỹ thuật', 'Trưởng nhóm', 1, '2026-03-05', '2026-04-05', 'Đang tuyển', NULL),
(14, 'Đợt tuyển Công nhân Sản xuất tháng 3', 'Nhân viên', 20, '2026-03-10', '2026-04-10', 'Đang tuyển', 'Làm việc theo ca'),
(15, 'Tuyển dụng Nhân viên Tư vấn Bảo hiểm', 'Nhân viên', 5, '2026-03-12', '2026-04-12', 'Đang tuyển', NULL),
(16, 'Tuyển dụng Chuyên viên Tuyển dụng', 'Nhân viên', 2, '2026-03-15', '2026-04-15', 'Đang tuyển', 'Kinh nghiệm headhunt là lợi thế'),
(17, 'Tuyển dụng Lập trình viên Python', 'Nhân viên', 2, '2026-03-18', '2026-04-18', 'Đang tuyển', NULL),
(18, 'Tìm kiếm Chuyên viên SEO', 'Nhân viên', 1, '2026-03-20', '2026-04-20', 'Đang tuyển', NULL),
(19, 'Tuyển dụng Nhân viên Kho', 'Nhân viên', 3, '2026-03-22', '2026-04-22', 'Đang tuyển', NULL),
(20, 'Tuyển dụng Trưởng phòng Tài chính', 'Trưởng phòng', 1, '2026-03-25', '2026-04-25', 'Đang tuyển', NULL),
(21, 'Tuyển dụng Kỹ sư Cầu nối (BrSE)', 'Nhân viên', 2, '2026-03-27', '2026-04-27', 'Đang tuyển', 'Tiếng Nhật N2'),
(22, 'Tuyển dụng Nhân viên Kiểm kho', 'Nhân viên', 2, '2026-03-28', '2026-04-28', 'Đang tuyển', NULL),
(23, 'Tuyển dụng Lái xe văn phòng', 'Nhân viên', 1, '2026-03-29', '2026-04-29', 'Đang tuyển', 'Bằng B2 trở lên'),
(24, 'Tuyển dụng Nhân viên Bảo vệ', 'Nhân viên', 4, '2026-03-30', '2026-04-30', 'Đang tuyển', NULL),
(25, 'Tuyển dụng Phó Giám đốc Sản xuất', 'Phó giám đốc', 1, '2026-04-01', '2026-05-01', 'Đang tuyển', NULL),
(26, 'Tìm kiếm Designer (UI/UX)', 'Nhân viên', 1, '2026-04-02', '2026-05-02', 'Đang tuyển', 'Sử dụng thành thạo Figma'),
(27, 'Tuyển dụng Nhân viên QA/QC', 'Nhân viên', 3, '2026-04-03', '2026-05-03', 'Đang tuyển', NULL),
(28, 'Tuyển dụng Nhân viên Telesale', 'Nhân viên', 10, '2026-04-04', '2026-05-04', 'Đang tuyển', NULL),
(29, 'Tuyển dụng Trưởng nhóm Marketing', 'Trưởng nhóm', 1, '2026-04-05', '2026-05-05', 'Đang tuyển', NULL),
(30, 'Tuyển dụng Kỹ sư Điện công nghiệp', 'Nhân viên', 2, '2026-04-06', '2026-05-06', 'Đang tuyển', NULL),
(31, 'Tuyển dụng Nhân viên IT Helpdesk', 'Nhân viên', 1, '2026-04-07', '2026-05-07', 'Đang tuyển', NULL),
(32, 'Tuyển dụng Nhân viên Mua hàng', 'Nhân viên', 2, '2026-04-08', '2026-05-08', 'Đang tuyển', NULL),
(33, 'Tìm kiếm Chuyên viên đào tạo', 'Nhân viên', 1, '2026-04-09', '2026-05-09', 'Đang tuyển', NULL),
(34, 'Tuyển dụng Lập trình viên Flutter', 'Nhân viên', 2, '2026-04-10', '2026-05-10', 'Đang tuyển', NULL),
(35, 'Tuyển dụng Nhân viên CSKH', 'Nhân viên', 5, '2026-04-11', '2026-05-11', 'Đang tuyển', NULL),
(36, 'Tuyển dụng Trưởng phòng R&D', 'Trưởng phòng', 1, '2026-04-12', '2026-05-12', 'Đang tuyển', NULL),
(37, 'Tuyển dụng Kỹ sư Xây dựng', 'Nhân viên', 3, '2026-04-13', '2026-05-13', 'Đang tuyển', NULL),
(38, 'Tuyển dụng Nhân viên tạp vụ', 'Nhân viên', 2, '2026-04-14', '2026-05-14', 'Đang tuyển', NULL),
(39, 'Tuyển dụng Kỹ sư AI/Machine Learning', 'Nhân viên', 1, '2026-04-15', '2026-05-15', 'Đang tuyển', NULL),
(40, 'Tuyển dụng Chuyên viên phân tích dữ liệu', 'Nhân viên', 1, '2026-04-16', '2026-05-16', 'Đang tuyển', NULL),
(41, 'Tuyển dụng Nhân viên kỹ thuật điện lạnh', 'Nhân viên', 2, '2026-04-17', '2026-05-17', 'Đang tuyển', NULL),
(42, 'Tuyển dụng Trưởng phòng dự án', 'Trưởng phòng', 1, '2026-04-18', '2026-05-18', 'Đang tuyển', NULL),
(43, 'Tìm kiếm biên dịch viên tiếng Hàn', 'Nhân viên', 2, '2026-04-19', '2026-05-19', 'Đang tuyển', 'Làm việc tại chi nhánh Hà Nội'),
(44, 'Tuyển dụng Nhân viên hỗ trợ kinh doanh', 'Nhân viên', 3, '2026-04-20', '2026-05-20', 'Đang tuyển', NULL),
(45, 'Tuyển dụng Kỹ sư vi mạch', 'Nhân viên', 1, '2026-04-21', '2026-05-21', 'Đang tuyển', NULL),
(46, 'Tuyển dụng Nhân viên truyền thông nội bộ', 'Nhân viên', 1, '2026-04-22', '2026-05-22', 'Đang tuyển', NULL),
(47, 'Tuyển dụng Thủ kho chuyên nghiệp', 'Nhân viên', 1, '2026-04-23', '2026-05-23', 'Đang tuyển', NULL),
(48, 'Tuyển dụng Trưởng phòng thu mua', 'Trưởng phòng', 1, '2026-04-24', '2026-05-24', 'Đang tuyển', NULL),
(49, 'Tìm kiếm Chuyên viên quan hệ công chúng', 'Nhân viên', 1, '2026-04-25', '2026-05-25', 'Đang tuyển', NULL),
(50, 'Tuyển dụng Nhân viên thiết kế cơ khí', 'Nhân viên', 2, '2026-04-26', '2026-05-26', 'Đang tuyển', NULL);

-- --------------------------------------------------------

--
-- Cấu trúc bảng cho bảng `failed_jobs`
--

CREATE TABLE `failed_jobs` (
  `id` bigint(20) UNSIGNED NOT NULL,
  `uuid` varchar(255) NOT NULL,
  `connection` text NOT NULL,
  `queue` text NOT NULL,
  `payload` longtext NOT NULL,
  `exception` longtext NOT NULL,
  `failed_at` timestamp NOT NULL DEFAULT current_timestamp()
) ENGINE=InnoDB DEFAULT CHARSET=utf8mb4 COLLATE=utf8mb4_unicode_ci;

-- --------------------------------------------------------

--
-- Cấu trúc bảng cho bảng `hopdong`
--

CREATE TABLE `hopdong` (
  `MaHopDong` int(11) NOT NULL,
  `HopDongGoc` int(11) DEFAULT NULL,
  `SoHopDong` varchar(50) NOT NULL,
  `MaNV` int(11) NOT NULL,
  `MaBac` int(11) NOT NULL,
  `LoaiHopDong` enum('Thử việc','Xác định thời hạn','Không xác định thời hạn') NOT NULL,
  `NgayKy` date NOT NULL,
  `NgayBatDau` date NOT NULL,
  `NgayKetThuc` date DEFAULT NULL,
  `TrangThai` enum('Còn hiệu lực','Hết hiệu lực') DEFAULT 'Còn hiệu lực',
  `GhiChu` text DEFAULT NULL
) ENGINE=InnoDB DEFAULT CHARSET=utf8mb4 COLLATE=utf8mb4_general_ci;

--
-- Đang đổ dữ liệu cho bảng `hopdong`
--

INSERT INTO `hopdong` (`MaHopDong`, `HopDongGoc`, `SoHopDong`, `MaNV`, `MaBac`, `LoaiHopDong`, `NgayKy`, `NgayBatDau`, `NgayKetThuc`, `TrangThai`, `GhiChu`) VALUES
(114, 3, 'HD-2022-001', 1, 16, 'Xác định thời hạn', '2022-01-05', '2022-01-10', '2026-05-06', 'Hết hiệu lực', 'Ngạch 3 - Bậc 3'),
(115, NULL, 'HD-2022-002', 2, 16, 'Không xác định thời hạn', '2022-03-10', '2022-03-15', NULL, 'Còn hiệu lực', 'Ngạch 3 - Bậc 3'),
(116, NULL, 'HD-2021-003', 3, 15, 'Xác định thời hạn', '2021-06-15', '2021-06-20', '2023-06-20', 'Hết hiệu lực', 'Ngạch 3 - Bậc 2'),
(117, NULL, 'HD-2023-004', 4, 16, 'Xác định thời hạn', '2023-01-25', '2023-02-01', '2025-02-01', 'Còn hiệu lực', 'Nguyễn Thanh Bình - Bậc 3'),
(118, NULL, 'HD-2021-005', 5, 16, 'Không xác định thời hạn', '2021-12-05', '2021-12-12', NULL, 'Còn hiệu lực', 'Dương Quỳnh Anh - Bậc 3'),
(119, NULL, 'HD-2024-006', 6, 15, 'Thử việc', '2024-02-25', '2024-03-01', '2024-05-01', 'Còn hiệu lực', 'Đỗ Thiện - Bậc 2'),
(120, NULL, 'HD-2020-007', 7, 14, 'Xác định thời hạn', '2020-05-15', '2020-05-20', '2022-05-20', 'Hết hiệu lực', 'Nguyễn Thanh Hy - Bậc 1'),
(121, NULL, 'HD-2023-008', 8, 16, 'Xác định thời hạn', '2023-10-10', '2023-10-15', '2025-10-15', 'Còn hiệu lực', 'Nguyễn Văn Nguyên - Bậc 3'),
(122, NULL, 'HD-2019-009', 9, 14, 'Không xác định thời hạn', '2019-08-10', '2019-08-14', NULL, 'Còn hiệu lực', 'Ngạch 3 - Bậc 1'),
(123, NULL, 'HD-2024-010', 10, 14, 'Thử việc', '2024-01-01', '2024-01-05', '2024-03-05', 'Còn hiệu lực', 'Quốc - Mặc định Bậc 1'),
(124, NULL, 'HD-2021-011', 11, 15, 'Xác định thời hạn', '2021-06-25', '2021-07-01', '2023-07-01', 'Hết hiệu lực', NULL),
(125, NULL, 'HD-2023-012', 12, 14, 'Xác định thời hạn', '2023-11-05', '2023-11-11', '2025-11-11', 'Còn hiệu lực', NULL),
(126, NULL, 'HD-2020-013', 13, 15, 'Không xác định thời hạn', '2020-02-10', '2020-02-15', NULL, 'Còn hiệu lực', NULL),
(127, NULL, 'HD-2022-014', 14, 15, 'Xác định thời hạn', '2022-06-01', '2022-06-06', '2024-06-06', 'Còn hiệu lực', NULL),
(128, NULL, 'HD-2023-015', 15, 14, 'Xác định thời hạn', '2023-08-10', '2023-08-18', '2025-08-18', 'Còn hiệu lực', NULL),
(129, NULL, 'HD-2023-016', 16, 14, 'Xác định thời hạn', '2023-04-05', '2023-04-12', '2025-04-12', 'Còn hiệu lực', NULL),
(130, NULL, 'HD-2021-017', 17, 18, 'Xác định thời hạn', '2021-10-15', '2021-10-20', '2023-10-20', 'Hết hiệu lực', 'Ngạch 4 - Bậc 2'),
(131, NULL, 'HD-2020-018', 18, 17, 'Không xác định thời hạn', '2020-02-20', '2020-02-28', NULL, 'Còn hiệu lực', 'Ngạch 4 - Bậc 1'),
(132, NULL, 'HD-2019-019', 19, 18, 'Xác định thời hạn', '2019-03-05', '2019-03-12', '2021-03-12', 'Hết hiệu lực', NULL),
(133, NULL, 'HD-2024-020', 20, 17, 'Thử việc', '2024-02-20', '2024-02-28', '2024-04-28', 'Còn hiệu lực', NULL),
(134, NULL, 'HD-2022-021', 21, 17, 'Xác định thời hạn', '2022-11-01', '2022-11-05', '2024-11-05', 'Còn hiệu lực', NULL),
(135, NULL, 'HD-2021-022', 22, 18, 'Không xác định thời hạn', '2021-07-15', '2021-07-22', NULL, 'Còn hiệu lực', NULL),
(136, NULL, 'HD-2022-023', 23, 17, 'Xác định thời hạn', '2022-01-25', '2022-01-30', '2024-01-30', 'Hết hiệu lực', NULL),
(137, NULL, 'HD-2022-024', 24, 18, 'Xác định thời hạn', '2022-12-05', '2022-12-10', '2024-12-10', 'Còn hiệu lực', NULL),
(138, NULL, 'HD-2018-025', 25, 19, 'Không xác định thời hạn', '2018-08-20', '2018-08-25', NULL, 'Còn hiệu lực', 'Ngạch 4 - Bậc 3'),
(139, NULL, 'HD-2024-026', 26, 20, 'Thử việc', '2024-04-10', '2024-04-18', '2024-06-18', 'Còn hiệu lực', 'Ngạch 5 - Bậc 1'),
(140, NULL, 'HD-2024-027', 27, 21, 'Thử việc', '2024-10-01', '2024-10-10', '2024-12-10', 'Còn hiệu lực', 'Ngạch 5 - Bậc 2'),
(141, NULL, 'HD-2022-028', 28, 21, 'Xác định thời hạn', '2022-11-15', '2022-11-20', '2024-11-20', 'Còn hiệu lực', NULL),
(142, NULL, 'HD-2021-029', 29, 20, 'Không xác định thời hạn', '2021-05-01', '2021-05-09', NULL, 'Còn hiệu lực', NULL),
(143, NULL, 'HD-2021-030', 30, 21, 'Xác định thời hạn', '2021-09-10', '2021-09-14', '2023-09-14', 'Hết hiệu lực', NULL),
(144, NULL, 'HD-2024-031', 31, 23, 'Thử việc', '2024-03-01', '2024-03-05', '2024-05-05', 'Còn hiệu lực', 'Ngạch 6 - Bậc 1'),
(145, NULL, 'HD-2021-032', 32, 24, 'Không xác định thời hạn', '2021-11-25', '2021-12-01', NULL, 'Còn hiệu lực', 'Ngạch 6 - Bậc 2'),
(146, NULL, 'HD-2023-033', 33, 23, 'Xác định thời hạn', '2023-06-15', '2023-06-21', '2025-06-21', 'Còn hiệu lực', NULL),
(147, NULL, 'HD-2021-034', 34, 23, 'Xác định thời hạn', '2021-11-25', '2021-12-01', '2023-12-01', 'Hết hiệu lực', NULL),
(148, NULL, 'HD-2022-035', 35, 24, 'Không xác định thời hạn', '2022-02-10', '2022-02-14', NULL, 'Còn hiệu lực', NULL),
(149, NULL, 'HD-2019-036', 36, 23, 'Xác định thời hạn', '2019-09-25', '2019-10-02', '2021-10-02', 'Hết hiệu lực', NULL),
(150, NULL, 'HD-2018-037', 37, 25, 'Không xác định thời hạn', '2018-08-05', '2018-08-13', NULL, 'Còn hiệu lực', 'Ngạch 6 - Bậc 3'),
(151, NULL, 'HD-2022-038', 38, 26, 'Xác định thời hạn', '2022-03-05', '2022-03-12', '2024-03-12', 'Hết hiệu lực', 'Ngạch 7 - Bậc 1'),
(152, NULL, 'HD-2022-039', 39, 26, 'Xác định thời hạn', '2022-11-01', '2022-11-05', '2024-11-05', 'Còn hiệu lực', NULL),
(153, NULL, 'HD-2021-040', 40, 15, 'Không xác định thời hạn', '2021-07-15', '2021-07-22', NULL, 'Còn hiệu lực', NULL),
(154, NULL, 'HD-2023-041', 41, 14, 'Xác định thời hạn', '2023-01-25', '2023-01-30', '2025-01-30', 'Còn hiệu lực', NULL),
(155, NULL, 'HD-2021-042', 42, 15, 'Xác định thời hạn', '2021-12-05', '2021-12-10', '2023-12-10', 'Hết hiệu lực', NULL),
(156, NULL, 'HD-2021-043', 43, 14, 'Xác định thời hạn', '2021-08-20', '2021-08-25', '2023-08-25', 'Hết hiệu lực', NULL),
(157, NULL, 'HD-2022-044', 44, 14, 'Không xác định thời hạn', '2022-04-10', '2022-04-18', NULL, 'Còn hiệu lực', NULL),
(158, NULL, 'HD-2020-045', 45, 19, 'Xác định thời hạn', '2020-10-05', '2020-10-10', '2022-10-10', 'Hết hiệu lực', NULL),
(159, NULL, 'HD-2021-046', 46, 18, 'Xác định thời hạn', '2021-03-01', '2021-03-05', '2023-03-05', 'Hết hiệu lực', NULL),
(160, NULL, 'HD-2022-047', 47, 17, 'Không xác định thời hạn', '2022-01-10', '2022-01-15', NULL, 'Còn hiệu lực', NULL),
(161, NULL, 'HD-2020-048', 48, 14, 'Xác định thời hạn', '2020-07-01', '2020-07-07', '2022-07-07', 'Hết hiệu lực', NULL),
(162, NULL, 'HD-2022-049', 49, 15, 'Xác định thời hạn', '2022-06-15', '2022-06-21', '2024-06-21', 'Còn hiệu lực', NULL),
(163, NULL, 'HD-2021-050', 50, 18, 'Xác định thời hạn', '2021-11-25', '2021-12-01', '2023-12-01', 'Hết hiệu lực', NULL),
(164, 114, 'L001', 1, 16, 'Không xác định thời hạn', '2026-05-05', '2026-05-05', '2030-01-01', 'Còn hiệu lực', 'Gia hạn từ hợp đồng số HD-2022-001'),
(165, 3, 'HD001-LD10', 10, 10, 'Thử việc', '2026-05-13', '2026-05-05', '2026-05-21', 'Còn hiệu lực', NULL),
(166, 102, 'HD001-LD103', 29, 19, 'Xác định thời hạn', '2026-05-07', '2026-05-06', '2026-05-08', 'Còn hiệu lực', NULL),
(167, NULL, 'HD001-LD001', 980031, 25, 'Xác định thời hạn', '2026-05-06', '2026-05-06', '2026-05-30', 'Còn hiệu lực', NULL),
(168, 114, 'hdtruong', 1, 16, 'Xác định thời hạn', '2026-05-06', '2026-05-07', '2026-05-06', 'Hết hiệu lực', 'Gia hạn từ hợp đồng số HD-2022-001'),
(170, NULL, 'hd 11111', 8, 13, 'Xác định thời hạn', '2026-05-18', '2026-05-22', '2026-05-15', 'Còn hiệu lực', 'ádasd'),
(171, NULL, 'hd truong dinhcao', 980032, 10, 'Thử việc', '2026-05-21', '2026-05-13', '2026-05-11', 'Còn hiệu lực', '45'),
(172, NULL, 'HD002-LD29000', 1, 10, 'Thử việc', '2026-05-06', '2026-05-06', '2026-05-03', 'Còn hiệu lực', NULL),
(173, NULL, 'HD002-LD2009', 1, 8, 'Xác định thời hạn', '2026-05-03', '2026-05-06', '2026-05-04', 'Còn hiệu lực', NULL),
(174, NULL, 'HD001-LD1-', 2, 10, 'Xác định thời hạn', '2026-04-30', '2026-05-07', '2026-05-03', 'Còn hiệu lực', NULL),
(175, NULL, 'HD002-LD2...', 14, 8, 'Thử việc', '2026-05-05', '2026-05-06', '2026-05-03', 'Còn hiệu lực', NULL),
(176, NULL, 'HD001-LD1lll', 15, 8, 'Thử việc', '2026-05-07', '2026-05-06', '2026-05-03', 'Còn hiệu lực', NULL),
(177, NULL, 'HD001-LD100000', 3, 8, 'Xác định thời hạn', '2026-05-06', '2026-05-07', '2026-05-03', 'Còn hiệu lực', NULL),
(178, NULL, 'hd 111112', 12, 17, 'Thử việc', '2026-05-07', '2026-05-07', '2026-05-09', 'Còn hiệu lực', NULL);

-- --------------------------------------------------------

--
-- Cấu trúc bảng cho bảng `hosonhanvien`
--

CREATE TABLE `hosonhanvien` (
  `MaHoSo` int(11) NOT NULL,
  `MaNV` int(11) DEFAULT NULL,
  `CCCD` varchar(20) DEFAULT NULL,
  `NoiCap` varchar(100) DEFAULT NULL,
  `NgayCap` date DEFAULT NULL,
  `DiaChi` text DEFAULT NULL,
  `DanToc` varchar(50) DEFAULT NULL,
  `TonGiao` varchar(50) DEFAULT NULL,
  `TrinhDo` varchar(100) DEFAULT NULL,
  `ChuyenMon` varchar(100) DEFAULT NULL,
  `NgayVaoLam` date DEFAULT NULL,
  `MaPB` int(11) DEFAULT NULL,
  `MaCV` int(11) DEFAULT NULL,
  `TrangThaiHonNhan` enum('Độc thân','Đã kết hôn') DEFAULT NULL,
  `Anh` varchar(255) DEFAULT NULL
) ENGINE=InnoDB DEFAULT CHARSET=utf8mb4 COLLATE=utf8mb4_general_ci;

--
-- Đang đổ dữ liệu cho bảng `hosonhanvien`
--

INSERT INTO `hosonhanvien` (`MaHoSo`, `MaNV`, `CCCD`, `NoiCap`, `NgayCap`, `DiaChi`, `DanToc`, `TonGiao`, `TrinhDo`, `ChuyenMon`, `NgayVaoLam`, `MaPB`, `MaCV`, `TrangThaiHonNhan`, `Anh`) VALUES
(51, 1, '001095001234', 'Cục CSQLHC', '2020-05-12', 'Hà Nội', 'Kinh', 'Không', 'Đại học', 'IT', '2022-01-10', 2, 5, 'Đã kết hôn', 'anh1.jpg'),
(52, 2, '001098005678', 'Cục CSQLHC', '2021-02-20', 'Hải Phòng', 'Kinh', 'Không', 'Đại học', 'Kế toán', '2022-03-15', 2, 9, 'Độc thân', 'anh2.jpg'),
(53, 3, '001092009012', 'Cục CSQLHC', '2019-11-05', 'Nam Định', 'Kinh', 'Không', 'Cao đẳng', 'Điện', '2021-06-20', 3, 4, 'Đã kết hôn', 'anh3.jpg'),
(54, 4, '001099003456', 'Cục CSQLHC', '2022-08-14', 'Bắc Ninh', 'Kinh', 'Không', 'Đại học', 'Kinh doanh', '2023-02-01', 4, 3, 'Độc thân', 'anh4.jpg'),
(55, 5, '001094007890', 'Cục CSQLHC', '2020-10-10', 'Thanh Hóa', 'Kinh', 'Công giáo', 'Thạc sĩ', 'Software', '2021-12-12', 1, 5, 'Đã kết hôn', 'anh5.jpg'),
(56, 6, '002000001234', 'Cục CSQLHC', '2023-01-15', 'Nghệ An', 'Kinh', 'Không', 'Đại học', 'Cơ khí', '2024-03-01', 5, 4, 'Độc thân', 'anh6.jpg'),
(57, 7, '001097005678', 'Cục CSQLHC', '2018-09-30', 'Hà Nội', 'Kinh', 'Không', 'Đại học', 'Ngôn ngữ', '2020-05-20', 2, 10, 'Độc thân', 'anh7.jpg'),
(58, 8, '001202009012', 'Cục CSQLHC', '2022-04-18', 'Thái Bình', 'Kinh', 'Không', 'Đại học', 'Marketing', '2023-10-15', 4, 8, 'Độc thân', 'anh8.jpg'),
(59, 9, '001093003456', 'Cục CSQLHC', '2017-03-12', 'Quảng Ninh', 'Kinh', 'Phật giáo', 'Cao đẳng', 'Logistics', '2019-08-14', 3, 4, 'Đã kết hôn', 'anh9.jpg'),
(60, 10, '001201007890', 'Cục CSQLHC', '2023-11-20', 'Hà Nội', 'Kinh', 'Không', 'Đại học', 'Nhân sự', '2024-01-05', 2, 4, 'Độc thân', 'anh10.jpg'),
(61, 11, '001096001111', 'Cục CSQLHC', '2019-06-21', 'Vĩnh Phúc', 'Kinh', 'Không', 'Đại học', 'IT', '2021-07-01', 1, 9, 'Độc thân', 'anh11.jpg'),
(62, 12, '001203002222', 'Cục CSQLHC', '2022-09-14', 'Phú Thọ', 'Kinh', 'Không', 'Đại học', 'Kinh tế', '2023-11-11', 5, 7, 'Độc thân', 'anh12.jpg'),
(63, 13, '001091003333', 'Cục CSQLHC', '2018-03-05', 'Hòa Bình', 'Kinh', 'Không', 'Thạc sĩ', 'Luật', '2020-02-15', 2, 5, 'Đã kết hôn', 'anh13.jpg'),
(64, 14, '001094004444', 'Cục CSQLHC', '2020-11-20', 'Hưng Yên', 'Kinh', 'Phật giáo', 'Đại học', 'Xây dựng', '2022-06-06', 4, 4, 'Đã kết hôn', 'anh14.jpg'),
(65, 15, '001098005555', 'Cục CSQLHC', '2021-12-01', 'Bắc Giang', 'Kinh', 'Không', 'Đại học', 'Kế toán', '2023-08-18', 2, 4, 'Độc thân', 'anh15.jpg'),
(66, 16, '001200006666', 'Cục CSQLHC', '2022-05-09', 'Lạng Sơn', 'Kinh', 'Không', 'Cao đẳng', 'Điện tử', '2023-04-12', 3, 4, 'Độc thân', 'anh16.jpg'),
(67, 17, '001097007777', 'Cục CSQLHC', '2020-02-14', 'Hà Nội', 'Kinh', 'Không', 'Đại học', 'Media', '2021-10-20', 4, 10, 'Độc thân', 'anh17.jpg'),
(68, 18, '001095008888', 'Cục CSQLHC', '2018-10-10', 'Thái Nguyên', 'Kinh', 'Không', 'Đại học', 'Hành chính', '2020-02-28', 2, 3, 'Đã kết hôn', 'anh18.jpg'),
(69, 19, '001092009999', 'Cục CSQLHC', '2017-07-07', 'Hải Dương', 'Kinh', 'Phật giáo', 'Đại học', 'Tài chính', '2019-03-12', 1, 9, 'Đã kết hôn', 'anh19.jpg'),
(70, 20, '001204001010', 'Cục CSQLHC', '2023-01-25', 'Hà Nội', 'Kinh', 'Không', 'Đại học', 'Sư phạm', '2024-02-28', 5, 7, 'Độc thân', 'anh20.jpg'),
(71, 21, '001099002020', 'Cục CSQLHC', '2021-08-30', 'Nam Định', 'Kinh', 'Không', 'Đại học', 'Design', '2022-11-05', 4, 4, 'Độc thân', 'anh21.jpg'),
(72, 22, '001093003030', 'Cục CSQLHC', '2019-04-12', 'Bình Định', 'Kinh', 'Không', 'Đại học', 'Diễn viên', '2021-07-22', 2, 8, 'Đã kết hôn', 'anh22.jpg'),
(73, 23, '001096004040', 'Cục CSQLHC', '2020-09-17', 'Đà Nẵng', 'Kinh', 'Không', 'Cao đẳng', 'Kỹ thuật', '2022-01-30', 3, 5, 'Độc thân', 'anh23.jpg'),
(74, 24, '001097005050', 'Cục CSQLHC', '2021-06-06', 'TP HCM', 'Kinh', 'Không', 'Đại học', 'Ca sĩ', '2022-12-10', 4, 10, 'Độc thân', 'anh24.jpg'),
(75, 25, '001090006060', 'Cục CSQLHC', '2015-01-01', 'Hà Nội', 'Kinh', 'Không', 'Đại học', 'Quản lý', '2018-08-25', 1, 4, 'Đã kết hôn', 'anh25.jpg'),
(76, 26, '001202007070', 'Cục CSQLHC', '2023-11-11', 'Quảng Bình', 'Kinh', 'Không', 'Đại học', 'Du lịch', '2024-04-18', 2, 4, 'Độc thân', 'anh26.jpg'),
(77, 27, '001205008080', 'Cục CSQLHC', '2023-05-05', 'Hà Tĩnh', 'Kinh', 'Không', 'Đại học', 'Thể thao', '2024-10-10', 5, 3, 'Độc thân', 'anh27.jpg'),
(78, 28, '001098009090', 'Cục CSQLHC', '2021-03-03', 'Sơn La', 'Kinh', 'Không', 'Đại học', 'Ngân hàng', '2022-11-20', 1, 9, 'Độc thân', 'anh28.jpg'),
(79, 29, '001094001122', 'Cục CSQLHC', '2020-08-08', 'Hà Nội', 'Kinh', 'Công giáo', 'Đại học', 'Nhạc sĩ', '2021-05-09', 4, 7, 'Đã kết hôn', 'anh29.jpg'),
(80, 30, '001092003344', 'Cục CSQLHC', '2019-12-12', 'Lào Cai', 'Kinh', 'Không', 'Đại học', 'Người mẫu', '2021-09-14', 2, 4, 'Đã kết hôn', 'anh30.jpg'),
(81, 31, '001201005566', 'Cục CSQLHC', '2023-10-20', 'Yên Bái', 'Kinh', 'Không', 'Đại học', 'Kinh doanh', '2024-03-05', 3, 8, 'Độc thân', 'anh31.jpg'),
(82, 32, '001095007788', 'Cục CSQLHC', '2020-09-09', 'Cao Bằng', 'Kinh', 'Không', 'Đại học', 'Thời trang', '2021-12-01', 4, 5, 'Đã kết hôn', 'anh32.jpg'),
(83, 33, '001099009911', 'Cục CSQLHC', '2022-04-04', 'Đồng Nai', 'Kinh', 'Không', 'Cao đẳng', 'Cơ khí', '2023-06-21', 5, 10, 'Độc thân', 'anh33.jpg'),
(84, 34, '001096002233', 'Cục CSQLHC', '2020-07-07', 'Khánh Hòa', 'Kinh', 'Không', 'Đại học', 'Nhạc cụ', '2021-12-01', 1, 4, 'Độc thân', 'anh34.jpg'),
(85, 35, '001097004455', 'Cục CSQLHC', '2020-12-24', 'Hà Nội', 'Kinh', 'Phật giáo', 'Đại học', 'Kế hoạch', '2022-02-14', 3, 4, 'Độc thân', 'anh35.jpg'),
(86, 36, '001093006677', 'Cục CSQLHC', '2017-01-15', 'Cần Thơ', 'Kinh', 'Không', 'Đại học', 'Sân khấu', '2019-10-02', 2, 3, 'Đã kết hôn', 'anh36.jpg'),
(87, 37, '001091008899', 'Cục CSQLHC', '2016-05-30', 'Hà Nội', 'Kinh', 'Không', 'Thạc sĩ', 'Kỹ thuật', '2018-08-13', 4, 9, 'Đã kết hôn', 'anh37.jpg'),
(88, 38, '001098001122', 'Cục CSQLHC', '2021-10-02', 'Hải Phòng', 'Kinh', 'Không', 'Đại học', 'Âm nhạc', '2022-03-12', 1, 7, 'Độc thân', 'anh38.jpg'),
(89, 39, '001094003344', 'Cục CSQLHC', '2020-08-13', 'Nghệ An', 'Kinh', 'Không', 'Cao đẳng', 'Bóng đá', '2022-11-05', 5, 4, 'Độc thân', 'anh39.jpg'),
(90, 40, '001095005566', 'Cục CSQLHC', '2020-01-21', 'Thanh Hóa', 'Kinh', 'Không', 'Đại học', 'Thể thao', '2021-07-22', 1, 5, 'Đã kết hôn', 'anh40.jpg'),
(91, 41, '001099007788', 'Cục CSQLHC', '2022-04-19', 'Hà Nội', 'Kinh', 'Không', 'Đại học', 'Bóng đá', '2023-01-30', 3, 8, 'Độc thân', 'anh41.jpg'),
(92, 42, '001097009911', 'Cục CSQLHC', '2020-04-12', 'Hải Dương', 'Kinh', 'Không', 'Đại học', 'Thể thao', '2021-12-10', 4, 10, 'Đã kết hôn', 'anh42.jpg'),
(93, 43, '001096002233', 'Cục CSQLHC', '2019-04-11', 'Quảng Bình', 'Kinh', 'Không', 'Đại học', 'Bóng đá', '2021-08-25', 2, 4, 'Độc thân', 'anh43.jpg'),
(94, 44, '001097004455', 'Cục CSQLHC', '2020-04-25', 'Hà Nội', 'Kinh', 'Không', 'Đại học', 'Phòng ngự', '2022-04-18', 3, 4, 'Độc thân', 'anh44.jpg'),
(95, 45, '001093006677', 'Cục CSQLHC', '2018-05-15', 'Nghệ An', 'Kinh', 'Không', 'Đại học', 'Đội trưởng', '2020-10-10', 1, 3, 'Đã kết hôn', 'anh45.jpg'),
(96, 46, '001096008899', 'Cục CSQLHC', '2019-04-12', 'Bình Định', 'Kinh', 'Không', 'Đại học', 'Tiền vệ', '2021-03-05', 2, 9, 'Độc thân', 'anh46.jpg'),
(97, 47, '001097011011', 'Cục CSQLHC', '2020-10-20', 'Hải Dương', 'Kinh', 'Không', 'Đại học', 'Tấn công', '2022-01-15', 5, 7, 'Độc thân', 'anh47.jpg'),
(98, 48, '001097012012', 'Cục CSQLHC', '2018-02-28', 'Hà Nội', 'Kinh', 'Công giáo', 'Cao đẳng', 'Thủ môn', '2020-07-07', 3, 4, 'Đã kết hôn', 'anh48.jpg'),
(99, 49, '001097013013', 'Cục CSQLHC', '2020-09-22', 'Tuyên Quang', 'Kinh', 'Không', 'Đại học', 'Tiền đạo', '2022-06-21', 4, 5, 'Độc thân', 'anh49.jpg'),
(100, 50, '001096014014', 'Cục CSQLHC', '2019-06-13', 'Quảng Nam', 'Kinh', 'Không', 'Đại học', 'Chạy cánh', '2021-12-01', 2, 10, 'Đã kết hôn', 'anh50.jpg'),
(101, 919134, NULL, NULL, NULL, 'Tảo dương, dân hòa, hà nội', NULL, NULL, NULL, NULL, '2025-01-01', 5, 9, NULL, NULL),
(102, 980029, NULL, NULL, NULL, 'aaaa', NULL, NULL, NULL, NULL, '2025-03-03', 6, 4, NULL, NULL),
(103, 980030, NULL, NULL, NULL, NULL, NULL, NULL, NULL, NULL, '2026-05-06', 5, 4, NULL, NULL),
(108, 980031, NULL, NULL, NULL, NULL, NULL, NULL, NULL, NULL, '2026-05-06', NULL, 9, NULL, NULL),
(112, 980032, NULL, NULL, NULL, 'hanoi', NULL, NULL, NULL, NULL, '2026-05-04', NULL, NULL, NULL, NULL),
(113, 980033, NULL, NULL, NULL, NULL, NULL, NULL, NULL, NULL, '2026-05-07', 5, 5, NULL, NULL),
(114, 980034, NULL, NULL, NULL, 'Dia chi test CRUD cap nhat lan 2', NULL, NULL, NULL, NULL, '2026-06-14', 3, 8, NULL, NULL);

-- --------------------------------------------------------

--
-- Cấu trúc bảng cho bảng `hosoungtuyen`
--

CREATE TABLE `hosoungtuyen` (
  `MaHS` int(11) NOT NULL,
  `MaUV` int(11) NOT NULL,
  `MaDTD` int(11) NOT NULL,
  `TrangThai` enum('Nộp hồ sơ','Sàng lọc','Phỏng vấn','Offer','Nhận việc','Rớt') DEFAULT 'Nộp hồ sơ',
  `NgayNop` date DEFAULT NULL,
  `GhiChu` text DEFAULT NULL
) ENGINE=InnoDB DEFAULT CHARSET=utf8mb4 COLLATE=utf8mb4_general_ci;

--
-- Đang đổ dữ liệu cho bảng `hosoungtuyen`
--

INSERT INTO `hosoungtuyen` (`MaHS`, `MaUV`, `MaDTD`, `TrangThai`, `NgayNop`, `GhiChu`) VALUES
(152, 3, 3, 'Nhận việc', '2026-03-01', 'Nguyễn Hoàng Nam - Java Backend'),
(153, 4, 1, 'Nhận việc', '2026-03-02', 'Trần Thị Mai - Marketing'),
(154, 5, 4, 'Nhận việc', '2026-03-02', 'Lê Văn Dũng - PHP'),
(155, 6, 5, 'Phỏng vấn', '2026-03-03', 'Phạm Quỳnh Anh'),
(156, 7, 3, 'Nhận việc', '2026-03-04', 'Hoàng Minh Tuấn'),
(157, 8, 14, 'Sàng lọc', '2026-03-05', 'Đỗ Thùy Linh'),
(158, 9, 6, 'Nhận việc', '2026-03-05', 'Ngô Tất Thắng - Manager'),
(159, 10, 2, 'Nhận việc', '2026-03-06', 'Bùi Tuyết Nhung'),
(160, 11, 4, 'Offer', '2026-03-07', 'Vũ Đức Anh'),
(161, 12, 13, 'Rớt', '2026-03-08', 'Lý Thu Thảo'),
(162, 13, 11, 'Nhận việc', '2026-03-09', 'Trịnh Công Sơn'),
(163, 14, 24, 'Phỏng vấn', '2026-03-10', 'Phan Minh Hằng'),
(164, 15, 21, 'Nhận việc', '2026-03-11', 'Đặng Quốc Huy'),
(165, 16, 14, 'Offer', '2026-03-12', 'Nguyễn Bảo Ngọc'),
(166, 17, 3, 'Nhận việc', '2026-03-12', 'Trần Thế Vinh'),
(167, 18, 31, 'Phỏng vấn', '2026-03-13', 'Lê Thị Kim Oanh'),
(168, 19, 4, 'Sàng lọc', '2026-03-14', 'Phạm Minh Khôi'),
(169, 20, 2, 'Nhận việc', '2026-03-15', 'Võ Hoàng Yến'),
(170, 21, 10, 'Nhận việc', '2026-03-16', 'Đỗ Xuân Mạnh'),
(171, 22, 17, 'Rớt', '2026-03-16', 'Nguyễn Hải Yến'),
(172, 23, 10, 'Nhận việc', '2026-03-17', 'Trần Văn Bằng'),
(173, 24, 9, 'Phỏng vấn', '2026-03-18', 'Lê Hồng Hạnh'),
(174, 25, 12, 'Nhận việc', '2026-03-19', 'Phạm Quốc Cường'),
(175, 26, 2, 'Offer', '2026-03-20', 'Hoàng Thanh Thủy'),
(176, 27, 7, 'Nhận việc', '2026-03-21', 'Đặng Minh Long'),
(177, 28, 5, 'Nhận việc', '2026-03-22', 'Bùi Diệu Linh'),
(178, 29, 28, 'Phỏng vấn', '2026-03-22', 'Vũ Gia Bảo'),
(179, 30, 33, 'Sàng lọc', '2026-03-23', 'Nguyễn Phương Thảo'),
(180, 31, 10, 'Nhận việc', '2026-03-24', 'Trần Trung Kiên'),
(181, 32, 14, 'Nhận việc', '2026-03-24', 'Lê Thu Trang'),
(182, 33, 28, 'Rớt', '2026-03-25', 'Phạm Hùng Dũng'),
(183, 34, 32, 'Phỏng vấn', '2026-03-25', 'Hoàng Ngọc Mai'),
(184, 35, 15, 'Nhận việc', '2026-03-26', 'Đặng Tiến Đạt'),
(185, 36, 8, 'Offer', '2026-03-27', 'Nguyễn Kim Chi'),
(186, 37, 37, 'Nhận việc', '2026-03-27', 'Trần Anh Tú'),
(187, 38, 24, 'Nhận việc', '2026-03-27', 'Lê Minh Tâm'),
(188, 39, 5, 'Rớt', '2026-03-27', 'Phạm Văn Nam'),
(189, 40, 33, 'Nhận việc', '2026-03-27', 'Hoàng Thùy Dương'),
(190, 41, 39, 'Phỏng vấn', '2026-03-27', 'Đỗ Thành Vinh'),
(191, 42, 15, 'Nhận việc', '2026-03-27', 'Nguyễn Khánh Ly'),
(192, 43, 7, 'Nhận việc', '2026-03-27', 'Trần Huy Hoàng'),
(193, 44, 18, 'Nhận việc', '2026-03-27', 'Lê Thị Tuyết'),
(194, 45, 29, 'Sàng lọc', '2026-03-27', 'Phạm Quang Minh'),
(195, 46, 38, 'Nhận việc', '2026-03-27', 'Hoàng Diệu Anh'),
(196, 47, 32, 'Phỏng vấn', '2026-03-27', 'Đặng Văn Tùng'),
(197, 48, 41, 'Nhận việc', '2026-03-27', 'Nguyễn Minh Châu'),
(198, 49, 34, 'Offer', '2026-03-27', 'Trần Văn Khoa'),
(199, 50, 4, 'Sàng lọc', '2026-03-27', 'Lê Thu Hà'),
(200, 51, 17, 'Nhận việc', '2026-03-27', 'Phạm Đức Toàn'),
(201, 52, 5, 'Rớt', '2026-03-27', 'Nguyễn Thị Lan'),
(202, 52, 50, 'Nộp hồ sơ', '2026-03-27', NULL);

-- --------------------------------------------------------

--
-- Cấu trúc bảng cho bảng `hoso_update_requests`
--

CREATE TABLE `hoso_update_requests` (
  `id` int(11) NOT NULL,
  `MaNV` int(11) NOT NULL,
  `requested_by` int(11) NOT NULL,
  `requested_role` varchar(50) DEFAULT NULL,
  `request_type` enum('edit') NOT NULL DEFAULT 'edit',
  `status_name` enum('pending','approved','rejected') NOT NULL DEFAULT 'pending',
  `payload_json` mediumtext NOT NULL,
  `note` text DEFAULT NULL,
  `review_note` text DEFAULT NULL,
  `reviewed_by` int(11) DEFAULT NULL,
  `reviewed_at` datetime DEFAULT NULL,
  `created_at` datetime NOT NULL DEFAULT current_timestamp(),
  `updated_at` datetime NOT NULL DEFAULT current_timestamp() ON UPDATE current_timestamp()
) ENGINE=InnoDB DEFAULT CHARSET=utf8mb4 COLLATE=utf8mb4_general_ci;

-- --------------------------------------------------------

--
-- Cấu trúc bảng cho bảng `jobs`
--

CREATE TABLE `jobs` (
  `id` bigint(20) UNSIGNED NOT NULL,
  `queue` varchar(255) NOT NULL,
  `payload` longtext NOT NULL,
  `attempts` tinyint(3) UNSIGNED NOT NULL,
  `reserved_at` int(10) UNSIGNED DEFAULT NULL,
  `available_at` int(10) UNSIGNED NOT NULL,
  `created_at` int(10) UNSIGNED NOT NULL
) ENGINE=InnoDB DEFAULT CHARSET=utf8mb4 COLLATE=utf8mb4_unicode_ci;

--
-- Đang đổ dữ liệu cho bảng `jobs`
--

INSERT INTO `jobs` (`id`, `queue`, `payload`, `attempts`, `reserved_at`, `available_at`, `created_at`) VALUES
(1, 'payroll', '{\"uuid\":\"c6a1294c-21a4-4bf2-8b2d-eea4fc19afe5\",\"displayName\":\"App\\\\Jobs\\\\ProcessMonthlyPayrollJob\",\"job\":\"Illuminate\\\\Queue\\\\CallQueuedHandler@call\",\"maxTries\":2,\"maxExceptions\":null,\"failOnTimeout\":false,\"backoff\":null,\"timeout\":300,\"retryUntil\":null,\"data\":{\"commandName\":\"App\\\\Jobs\\\\ProcessMonthlyPayrollJob\",\"command\":\"O:33:\\\"App\\\\Jobs\\\\ProcessMonthlyPayrollJob\\\":4:{s:5:\\\"month\\\";i:3;s:4:\\\"year\\\";i:2026;s:11:\\\"triggeredBy\\\";i:17;s:5:\\\"queue\\\";s:7:\\\"payroll\\\";}\"}}', 0, NULL, 1777812755, 1777812755),
(2, 'payroll', '{\"uuid\":\"c573363c-0534-4db9-b2bd-060160b913bc\",\"displayName\":\"App\\\\Jobs\\\\ProcessMonthlyPayrollJob\",\"job\":\"Illuminate\\\\Queue\\\\CallQueuedHandler@call\",\"maxTries\":2,\"maxExceptions\":null,\"failOnTimeout\":false,\"backoff\":null,\"timeout\":300,\"retryUntil\":null,\"data\":{\"commandName\":\"App\\\\Jobs\\\\ProcessMonthlyPayrollJob\",\"command\":\"O:33:\\\"App\\\\Jobs\\\\ProcessMonthlyPayrollJob\\\":4:{s:5:\\\"month\\\";i:3;s:4:\\\"year\\\";i:2026;s:11:\\\"triggeredBy\\\";i:17;s:5:\\\"queue\\\";s:7:\\\"payroll\\\";}\"}}', 0, NULL, 1777812768, 1777812768),
(3, 'payroll', '{\"uuid\":\"b3d70d55-be30-4e98-b991-911f88e93032\",\"displayName\":\"App\\\\Jobs\\\\ProcessMonthlyPayrollJob\",\"job\":\"Illuminate\\\\Queue\\\\CallQueuedHandler@call\",\"maxTries\":2,\"maxExceptions\":null,\"failOnTimeout\":false,\"backoff\":null,\"timeout\":300,\"retryUntil\":null,\"data\":{\"commandName\":\"App\\\\Jobs\\\\ProcessMonthlyPayrollJob\",\"command\":\"O:33:\\\"App\\\\Jobs\\\\ProcessMonthlyPayrollJob\\\":4:{s:5:\\\"month\\\";i:2;s:4:\\\"year\\\";i:2026;s:11:\\\"triggeredBy\\\";i:17;s:5:\\\"queue\\\";s:7:\\\"payroll\\\";}\"}}', 0, NULL, 1777812780, 1777812780),
(4, 'payroll', '{\"uuid\":\"155290f3-b2bc-43b3-97b5-26f1e0eee2a2\",\"displayName\":\"App\\\\Jobs\\\\ProcessMonthlyPayrollJob\",\"job\":\"Illuminate\\\\Queue\\\\CallQueuedHandler@call\",\"maxTries\":2,\"maxExceptions\":null,\"failOnTimeout\":false,\"backoff\":null,\"timeout\":300,\"retryUntil\":null,\"data\":{\"commandName\":\"App\\\\Jobs\\\\ProcessMonthlyPayrollJob\",\"command\":\"O:33:\\\"App\\\\Jobs\\\\ProcessMonthlyPayrollJob\\\":4:{s:5:\\\"month\\\";i:3;s:4:\\\"year\\\";i:2026;s:11:\\\"triggeredBy\\\";i:17;s:5:\\\"queue\\\";s:7:\\\"payroll\\\";}\"}}', 0, NULL, 1777815322, 1777815322),
(5, 'payroll', '{\"uuid\":\"930f2356-9ff4-4d8d-8fbd-e2a5bfcdf9e8\",\"displayName\":\"App\\\\Jobs\\\\ProcessMonthlyPayrollJob\",\"job\":\"Illuminate\\\\Queue\\\\CallQueuedHandler@call\",\"maxTries\":2,\"maxExceptions\":null,\"failOnTimeout\":false,\"backoff\":null,\"timeout\":300,\"retryUntil\":null,\"data\":{\"commandName\":\"App\\\\Jobs\\\\ProcessMonthlyPayrollJob\",\"command\":\"O:33:\\\"App\\\\Jobs\\\\ProcessMonthlyPayrollJob\\\":4:{s:5:\\\"month\\\";i:3;s:4:\\\"year\\\";i:2026;s:11:\\\"triggeredBy\\\";i:17;s:5:\\\"queue\\\";s:7:\\\"payroll\\\";}\"}}', 0, NULL, 1777817780, 1777817780),
(6, 'payroll', '{\"uuid\":\"8978afa7-23b2-48ec-a524-35df550c21de\",\"displayName\":\"App\\\\Jobs\\\\ProcessMonthlyPayrollJob\",\"job\":\"Illuminate\\\\Queue\\\\CallQueuedHandler@call\",\"maxTries\":2,\"maxExceptions\":null,\"failOnTimeout\":false,\"backoff\":null,\"timeout\":300,\"retryUntil\":null,\"data\":{\"commandName\":\"App\\\\Jobs\\\\ProcessMonthlyPayrollJob\",\"command\":\"O:33:\\\"App\\\\Jobs\\\\ProcessMonthlyPayrollJob\\\":4:{s:5:\\\"month\\\";i:3;s:4:\\\"year\\\";i:2026;s:11:\\\"triggeredBy\\\";i:17;s:5:\\\"queue\\\";s:7:\\\"payroll\\\";}\"}}', 0, NULL, 1777818042, 1777818042),
(7, 'payroll', '{\"uuid\":\"11aef205-da06-4bbd-8285-dec8518a494f\",\"displayName\":\"App\\\\Jobs\\\\ProcessMonthlyPayrollJob\",\"job\":\"Illuminate\\\\Queue\\\\CallQueuedHandler@call\",\"maxTries\":2,\"maxExceptions\":null,\"failOnTimeout\":false,\"backoff\":null,\"timeout\":300,\"retryUntil\":null,\"data\":{\"commandName\":\"App\\\\Jobs\\\\ProcessMonthlyPayrollJob\",\"command\":\"O:33:\\\"App\\\\Jobs\\\\ProcessMonthlyPayrollJob\\\":4:{s:5:\\\"month\\\";i:3;s:4:\\\"year\\\";i:2026;s:11:\\\"triggeredBy\\\";i:17;s:5:\\\"queue\\\";s:7:\\\"payroll\\\";}\"}}', 0, NULL, 1777818208, 1777818208),
(8, 'payroll', '{\"uuid\":\"53582889-288a-4453-9d2b-1f8d1f5abf74\",\"displayName\":\"App\\\\Jobs\\\\ProcessMonthlyPayrollJob\",\"job\":\"Illuminate\\\\Queue\\\\CallQueuedHandler@call\",\"maxTries\":2,\"maxExceptions\":null,\"failOnTimeout\":false,\"backoff\":null,\"timeout\":300,\"retryUntil\":null,\"data\":{\"commandName\":\"App\\\\Jobs\\\\ProcessMonthlyPayrollJob\",\"command\":\"O:33:\\\"App\\\\Jobs\\\\ProcessMonthlyPayrollJob\\\":4:{s:5:\\\"month\\\";i:3;s:4:\\\"year\\\";i:2026;s:11:\\\"triggeredBy\\\";i:17;s:5:\\\"queue\\\";s:7:\\\"payroll\\\";}\"}}', 0, NULL, 1778039292, 1778039292),
(9, 'payroll', '{\"uuid\":\"2fd5d8f5-4bc0-4438-bcdf-16814dd084a4\",\"displayName\":\"App\\\\Jobs\\\\ProcessMonthlyPayrollJob\",\"job\":\"Illuminate\\\\Queue\\\\CallQueuedHandler@call\",\"maxTries\":2,\"maxExceptions\":null,\"failOnTimeout\":false,\"backoff\":null,\"timeout\":300,\"retryUntil\":null,\"data\":{\"commandName\":\"App\\\\Jobs\\\\ProcessMonthlyPayrollJob\",\"command\":\"O:33:\\\"App\\\\Jobs\\\\ProcessMonthlyPayrollJob\\\":4:{s:5:\\\"month\\\";i:3;s:4:\\\"year\\\";i:2026;s:11:\\\"triggeredBy\\\";i:17;s:5:\\\"queue\\\";s:7:\\\"payroll\\\";}\"}}', 0, NULL, 1778165760, 1778165760),
(10, 'payroll', '{\"uuid\":\"1640e9e6-2149-4c47-859d-d48e2c6596f0\",\"displayName\":\"App\\\\Jobs\\\\ProcessMonthlyPayrollJob\",\"job\":\"Illuminate\\\\Queue\\\\CallQueuedHandler@call\",\"maxTries\":2,\"maxExceptions\":null,\"failOnTimeout\":false,\"backoff\":null,\"timeout\":300,\"retryUntil\":null,\"data\":{\"commandName\":\"App\\\\Jobs\\\\ProcessMonthlyPayrollJob\",\"command\":\"O:33:\\\"App\\\\Jobs\\\\ProcessMonthlyPayrollJob\\\":4:{s:5:\\\"month\\\";i:3;s:4:\\\"year\\\";i:2026;s:11:\\\"triggeredBy\\\";i:17;s:5:\\\"queue\\\";s:7:\\\"payroll\\\";}\"}}', 0, NULL, 1781450826, 1781450826);

-- --------------------------------------------------------

--
-- Cấu trúc bảng cho bảng `job_batches`
--

CREATE TABLE `job_batches` (
  `id` varchar(255) NOT NULL,
  `name` varchar(255) NOT NULL,
  `total_jobs` int(11) NOT NULL,
  `pending_jobs` int(11) NOT NULL,
  `failed_jobs` int(11) NOT NULL,
  `failed_job_ids` longtext NOT NULL,
  `options` mediumtext DEFAULT NULL,
  `cancelled_at` int(11) DEFAULT NULL,
  `created_at` int(11) NOT NULL,
  `finished_at` int(11) DEFAULT NULL
) ENGINE=InnoDB DEFAULT CHARSET=utf8mb4 COLLATE=utf8mb4_unicode_ci;

-- --------------------------------------------------------

--
-- Cấu trúc bảng cho bảng `khenthuongkyluat`
--

CREATE TABLE `khenthuongkyluat` (
  `MaKTKL` int(11) NOT NULL,
  `MaNV` int(11) NOT NULL,
  `MaLoai` int(11) NOT NULL,
  `NgayQuyetDinh` date NOT NULL,
  `HinhThuc` varchar(150) DEFAULT NULL,
  `SoTien` decimal(15,2) DEFAULT 0.00,
  `LyDo` text DEFAULT NULL,
  `GhiChu` text DEFAULT NULL
) ENGINE=InnoDB DEFAULT CHARSET=utf8mb4 COLLATE=utf8mb4_general_ci;

--
-- Đang đổ dữ liệu cho bảng `khenthuongkyluat`
--

INSERT INTO `khenthuongkyluat` (`MaKTKL`, `MaNV`, `MaLoai`, `NgayQuyetDinh`, `HinhThuc`, `SoTien`, `LyDo`, `GhiChu`) VALUES
(2, 3, 3, '2026-03-25', NULL, 9999999.00, NULL, NULL),
(3, 2, 2, '2026-03-25', NULL, 200000.00, NULL, NULL),
(4, 3, 1, '2026-03-25', NULL, 500000.00, NULL, NULL),
(5, 4, 2, '2026-03-25', NULL, 200000.00, NULL, NULL),
(6, 5, 1, '2026-03-25', NULL, 500000.00, NULL, NULL),
(7, 6, 2, '2026-03-25', NULL, 200000.00, NULL, NULL),
(8, 7, 1, '2026-03-25', NULL, 500000.00, NULL, NULL),
(9, 8, 2, '2026-03-25', NULL, 200000.00, NULL, NULL),
(10, 9, 1, '2026-03-25', NULL, 500000.00, NULL, NULL),
(11, 10, 2, '2026-03-25', NULL, 200000.00, NULL, NULL),
(12, 11, 1, '2026-03-25', NULL, 500000.00, NULL, NULL),
(13, 12, 2, '2026-03-25', NULL, 200000.00, NULL, NULL),
(14, 13, 1, '2026-03-25', NULL, 500000.00, NULL, NULL),
(15, 14, 2, '2026-03-25', NULL, 200000.00, NULL, NULL),
(16, 15, 1, '2026-03-25', NULL, 500000.00, NULL, NULL),
(17, 16, 2, '2026-03-25', NULL, 200000.00, NULL, NULL),
(18, 17, 1, '2026-03-25', NULL, 500000.00, NULL, NULL),
(19, 18, 2, '2026-03-25', NULL, 200000.00, NULL, NULL),
(20, 19, 1, '2026-03-25', NULL, 500000.00, NULL, NULL),
(21, 20, 2, '2026-03-25', NULL, 200000.00, NULL, NULL),
(22, 21, 1, '2026-03-25', NULL, 500000.00, NULL, NULL),
(23, 22, 2, '2026-03-25', NULL, 200000.00, NULL, NULL),
(24, 23, 1, '2026-03-25', NULL, 500000.00, NULL, NULL),
(25, 24, 2, '2026-03-25', NULL, 200000.00, NULL, NULL),
(26, 25, 1, '2026-03-25', NULL, 500000.00, NULL, NULL),
(27, 26, 2, '2026-03-25', NULL, 200000.00, NULL, NULL),
(28, 27, 1, '2026-03-25', NULL, 500000.00, NULL, NULL),
(29, 28, 2, '2026-03-25', NULL, 200000.00, NULL, NULL),
(30, 29, 1, '2026-03-25', NULL, 500000.00, NULL, NULL),
(31, 30, 2, '2026-03-25', NULL, 200000.00, NULL, NULL),
(32, 31, 1, '2026-03-25', NULL, 500000.00, NULL, NULL),
(33, 32, 2, '2026-03-25', NULL, 200000.00, NULL, NULL),
(34, 33, 1, '2026-03-25', NULL, 500000.00, NULL, NULL),
(35, 34, 2, '2026-03-25', NULL, 200000.00, NULL, NULL),
(36, 35, 1, '2026-03-25', NULL, 500000.00, NULL, NULL),
(37, 36, 2, '2026-03-25', NULL, 200000.00, NULL, NULL),
(38, 37, 1, '2026-03-25', NULL, 500000.00, NULL, NULL),
(39, 38, 2, '2026-03-25', NULL, 200000.00, NULL, NULL),
(40, 39, 1, '2026-03-25', NULL, 500000.00, NULL, NULL),
(41, 40, 2, '2026-03-25', NULL, 200000.00, NULL, NULL),
(42, 41, 1, '2026-03-25', NULL, 500000.00, NULL, NULL),
(43, 42, 2, '2026-03-25', NULL, 200000.00, NULL, NULL),
(44, 43, 1, '2026-03-25', NULL, 500000.00, NULL, NULL),
(45, 44, 2, '2026-03-25', NULL, 200000.00, NULL, NULL),
(46, 45, 1, '2026-03-25', NULL, 500000.00, NULL, NULL),
(47, 46, 2, '2026-03-25', NULL, 200000.00, NULL, NULL),
(48, 47, 1, '2026-03-25', NULL, 500000.00, NULL, NULL),
(49, 48, 2, '2026-03-25', NULL, 200000.00, NULL, NULL),
(50, 49, 1, '2026-03-25', NULL, 500000.00, NULL, NULL),
(51, 50, 2, '2026-03-25', NULL, 200000.00, NULL, NULL),
(52, 29, 7, '2026-04-01', 'THƯỞNG TIỀN MỰT', 1000000.00, 'LÀM TỐT', ''),
(53, 1, 1, '2040-01-03', 'THƯỞNG TIỀN MỰT', 100000.00, NULL, NULL),
(54, 1, 2, '2026-05-06', 'ádấdsadsad', 1000000.00, 'ngu', 'ss'),
(55, 29, 3, '2026-05-06', 'phạt tiền', 400000.00, NULL, NULL),
(56, 980032, 7, '2026-05-13', 'THƯỞNG TIỀN MỰT', 30000000000.00, '555444', NULL);

-- --------------------------------------------------------

--
-- Cấu trúc bảng cho bảng `khoadaotao`
--

CREATE TABLE `khoadaotao` (
  `MaKDT` int(11) NOT NULL,
  `TenKhoaDaoTao` varchar(200) NOT NULL,
  `TuNgay` date NOT NULL,
  `DenNgay` date NOT NULL,
  `NoiDung` text DEFAULT NULL,
  `DonViToChuc` varchar(150) DEFAULT NULL,
  `TrangThai` enum('Lên kế hoạch','Đang đào tạo','Hoàn thành') DEFAULT 'Lên kế hoạch'
) ENGINE=InnoDB DEFAULT CHARSET=utf8mb4 COLLATE=utf8mb4_general_ci;

--
-- Đang đổ dữ liệu cho bảng `khoadaotao`
--

INSERT INTO `khoadaotao` (`MaKDT`, `TenKhoaDaoTao`, `TuNgay`, `DenNgay`, `NoiDung`, `DonViToChuc`, `TrangThai`) VALUES
(1, 'Nhân viên mới', '2026-03-04', '2026-03-12', '', '', 'Lên kế hoạch'),
(2, 'Đào tạo văn hóa doanh nghiệp', '2026-01-05', '2026-01-07', 'Giới thiệu tầm nhìn, sứ mệnh và giá trị cốt lõi', 'Phòng Nhân sự', 'Hoàn thành'),
(3, 'Kỹ năng giao tiếp khách hàng', '2026-01-10', '2026-01-15', 'Nâng cao kỹ năng tư vấn và xử lý tình huống', 'Trung tâm đào tạo TopSkill', 'Hoàn thành'),
(4, 'An toàn vệ sinh lao động', '2026-01-20', '2026-01-20', 'Huấn luyện an toàn định kỳ nhóm 3', 'Trung tâm kiểm định quốc gia', 'Hoàn thành'),
(5, 'Quản trị dự án theo Agile/Scrum', '2026-02-01', '2026-02-15', 'Ứng dụng mô hình Agile vào quản lý phần mềm', 'Học viện Agile Việt Nam', 'Hoàn thành'),
(6, 'Kỹ năng quản lý thời gian', '2026-02-10', '2026-02-12', 'Phương pháp Eisenhower và Pomodoro', 'Phòng Nội vụ', 'Hoàn thành'),
(7, 'Tiếng Anh giao tiếp công sở', '2026-02-15', '2026-05-15', 'Hỗ trợ giao tiếp với đối tác nước ngoài', 'Anh ngữ Apollo', 'Đang đào tạo'),
(8, 'Sử dụng Microsoft Excel nâng cao', '2026-03-01', '2026-03-05', 'Xử lý dữ liệu, Pivot Table và VBA cơ bản', 'Phòng IT', 'Hoàn thành'),
(9, 'Đào tạo lập trình PHP Laravel', '2026-03-10', '2026-04-10', 'Xây dựng hệ thống quản lý nội bộ', 'CodeGym', 'Đang đào tạo'),
(10, 'Kỹ năng lãnh đạo cho quản lý cấp trung', '2026-03-15', '2026-03-20', 'Lập kế hoạch và ủy quyền công việc', 'Pace Institute', 'Đang đào tạo'),
(11, 'Bảo mật thông tin doanh nghiệp', '2026-03-25', '2026-03-26', 'Quy tắc sử dụng email và lưu trữ dữ liệu', 'Phòng An ninh mạng', 'Lên kế hoạch'),
(12, 'Thiết kế đồ họa với Figma', '2026-04-01', '2026-04-10', 'Thiết kế giao diện người dùng (UI)', 'Nội bộ công ty', 'Lên kế hoạch'),
(13, 'Kế toán thuế cập nhật 2026', '2026-04-05', '2026-04-07', 'Cập nhật các thông tư, nghị định thuế mới', 'Chi cục Thuế Hà Nội', 'Lên kế hoạch'),
(14, 'Vận hành hệ thống Big Data', '2026-04-15', '2026-05-15', 'Sử dụng PySpark và Hadoop', 'FPT Cloud', 'Lên kế hoạch'),
(15, 'Kỹ năng thuyết trình trước đám đông', '2026-04-20', '2026-04-22', 'Kỹ thuật diễn thuyết và làm slide chuyên nghiệp', 'Dale Carnegie', 'Lên kế hoạch'),
(16, 'Tư duy thiết kế (Design Thinking)', '2026-05-01', '2026-05-03', 'Giải quyết vấn đề sáng tạo', 'Học viện sáng tạo Sài Gòn', 'Lên kế hoạch'),
(17, 'Đào tạo SEO Content chuyên sâu', '2026-05-10', '2026-05-20', 'Tối ưu hóa nội dung cho công cụ tìm kiếm', 'SEO ngon', 'Lên kế hoạch'),
(18, 'Quản trị cơ sở dữ liệu MySQL', '2026-05-15', '2026-05-30', 'Tối ưu hóa query và Backup dữ liệu', 'Phòng Hệ thống', 'Lên kế hoạch'),
(19, 'Kỹ năng giải quyết xung đột', '2026-06-01', '2026-06-02', 'Hòa giải và gắn kết đội nhóm', 'Phòng Nhân sự', 'Lên kế hoạch'),
(20, 'Lập trình Java Spring Boot', '2026-06-10', '2026-07-10', 'Phát triển Microservices', 'TechMaster', 'Lên kế hoạch'),
(21, 'Tiếng Hàn cho nhân viên logistics', '2026-06-15', '2026-09-15', 'Giao tiếp phục vụ dự án Hàn Quốc', 'Trung tâm Sejong', 'Lên kế hoạch'),
(22, 'Quy trình ISO 9001:2015', '2026-07-01', '2026-07-05', 'Tiêu chuẩn quản lý chất lượng quốc tế', 'Quacert', 'Lên kế hoạch'),
(23, 'Kỹ năng viết báo cáo kỹ thuật', '2026-07-10', '2026-07-12', 'Trình bày dữ liệu khoa học và súc tích', 'Phòng R&D', 'Lên kế hoạch'),
(24, 'Phát triển kỹ năng đàm phán', '2026-07-20', '2026-07-22', 'Chiến lược đàm phán Win-Win', 'B-Training', 'Lên kế hoạch'),
(25, 'Đào tạo lái xe nâng an toàn', '2026-08-01', '2026-08-03', 'Cấp chứng chỉ vận hành xe nâng', 'Trường dạy nghề số 1', 'Lên kế hoạch'),
(26, 'Quản lý chuỗi cung ứng toàn cầu', '2026-08-10', '2026-08-25', 'Kiến thức về vận tải quốc tế và kho bãi', 'Zenis Global Academy', 'Lên kế hoạch'),
(27, 'Lập trình Mobile với React Native', '2026-09-01', '2026-10-01', 'Xây dựng ứng dụng đa nền tảng', 'Nội bộ Team Mobile', 'Lên kế hoạch'),
(28, 'Kiến thức về luật lao động 2026', '2026-09-10', '2026-09-12', 'Quyền lợi và nghĩa vụ của nhân viên', 'Văn phòng Luật sư Việt', 'Lên kế hoạch'),
(29, 'Sơ cấp cứu tại nơi làm việc', '2026-09-15', '2026-09-16', 'Xử lý các tình huống tai nạn khẩn cấp', 'Hội Chữ thập đỏ', 'Lên kế hoạch'),
(30, 'Tối ưu hóa quy trình sản xuất', '2026-10-01', '2026-10-10', 'Áp dụng Lean Manufacturing và 5S', 'Phòng Kỹ thuật', 'Lên kế hoạch'),
(31, 'Kỹ năng sử dụng AI trong công việc', '2026-10-15', '2026-10-17', 'Ứng dụng ChatGPT và Midjourney vào hiệu suất', 'Phòng IT', 'Lên kế hoạch'),
(32, 'Đào tạo Tester chuyên nghiệp', '2026-11-01', '2026-12-01', 'Manual Test và Automation Test cơ bản', 'Tester Việt', 'Lên kế hoạch'),
(33, 'Quản trị rủi ro tài chính', '2026-11-10', '2026-11-15', 'Nhận diện và phòng ngừa rủi ro vốn', 'Ngân hàng Techcombank', 'Lên kế hoạch'),
(34, 'Kỹ năng tư duy phản biện', '2026-11-20', '2026-11-22', 'Phân tích thông tin và ra quyết định', 'I-Leaders', 'Lên kế hoạch'),
(35, 'Phát triển Web với VueJS', '2026-12-01', '2026-12-25', 'Xây dựng Single Page Application', 'Nội bộ Team Front-end', 'Lên kế hoạch'),
(36, 'Đào tạo chuyên viên tuyển dụng', '2026-12-05', '2026-12-10', 'Kỹ năng phỏng vấn và đánh giá ứng viên', 'Phòng Nhân sự', 'Lên kế hoạch'),
(37, 'Vận hành máy in công nghiệp', '2026-12-15', '2026-12-20', 'Hướng dẫn sử dụng máy in offset mới', 'Kỹ thuật viên hãng', 'Lên kế hoạch'),
(38, 'Kỹ năng bán hàng qua điện thoại', '2027-01-05', '2027-01-07', 'Quy trình Telesale và chốt đơn', 'Trung tâm Sale Pro', 'Lên kế hoạch'),
(39, 'Xây dựng đội nhóm gắn kết (Teambuilding)', '2027-01-15', '2027-01-16', 'Đào tạo kỹ năng làm việc nhóm', 'Hà Nội Team', 'Lên kế hoạch'),
(40, 'Lập trình nhúng với Arduino/ESP32', '2027-02-01', '2027-03-01', 'Thiết kế hệ thống IoT cơ bản', 'Phòng R&D', 'Lên kế hoạch'),
(41, 'Kỹ năng giải quyết khiếu nại', '2027-02-10', '2027-02-12', 'Làm hài lòng khách hàng khó tính', 'Phòng CSKH', 'Lên kế hoạch'),
(42, 'Quản trị kho hàng 4.0', '2027-02-20', '2027-02-25', 'Sử dụng robot và phần mềm quản lý kho', 'Logistics Hub', 'Lên kế hoạch'),
(43, 'Tiếng Nhật chuyên ngành IT', '2027-03-01', '2027-06-01', 'Giao tiếp với khách hàng Nhật Bản', 'Trung tâm Mina', 'Lên kế hoạch'),
(44, 'Nghiệp vụ xuất nhập khẩu', '2027-03-10', '2027-03-25', 'Khai báo hải quan và vận đơn điện tử', 'Trung tâm GEX', 'Lên kế hoạch'),
(45, 'Thiết kế đồ họa chuyển động (Motion Graphics)', '2027-04-01', '2027-04-15', 'Sử dụng After Effects', 'Arena Multimedia', 'Lên kế hoạch'),
(46, 'Kỹ năng đọc hiểu báo cáo tài chính', '2027-04-20', '2027-04-22', 'Dành cho quản lý không chuyên về tài chính', 'Vietnam Finance', 'Lên kế hoạch'),
(47, 'Đào tạo an toàn PCCC', '2027-05-05', '2027-05-05', 'Thực hành chữa cháy và thoát hiểm', 'Công an PCCC Thành phố', 'Lên kế hoạch'),
(48, 'Phát triển ứng dụng với Flutter', '2027-05-10', '2027-06-10', 'Xây dựng App đa nền tảng nhanh chóng', 'Nội bộ công ty', 'Lên kế hoạch'),
(49, 'Kỹ năng xây dựng thương hiệu cá nhân', '2027-06-01', '2027-06-03', 'Giúp nhân viên lan tỏa giá trị công ty', 'Phòng Marketing', 'Lên kế hoạch'),
(50, 'Đào tạo sử dụng phần mềm HRM mới', '2027-06-10', '2027-06-15', 'Hướng dẫn chấm công, tính lương trên phần mềm', 'Phòng IT', 'Lên kế hoạch');

-- --------------------------------------------------------

--
-- Cấu trúc bảng cho bảng `leave_balances`
--

CREATE TABLE `leave_balances` (
  `id` bigint(20) UNSIGNED NOT NULL,
  `MaNV` bigint(20) UNSIGNED NOT NULL,
  `Nam` smallint(5) UNSIGNED NOT NULL,
  `EntitledDays` smallint(5) UNSIGNED NOT NULL DEFAULT 12,
  `UsedDays` smallint(5) UNSIGNED NOT NULL DEFAULT 0,
  `created_at` timestamp NULL DEFAULT NULL,
  `updated_at` timestamp NULL DEFAULT NULL
) ENGINE=InnoDB DEFAULT CHARSET=utf8mb4 COLLATE=utf8mb4_unicode_ci;

--
-- Đang đổ dữ liệu cho bảng `leave_balances`
--

INSERT INTO `leave_balances` (`id`, `MaNV`, `Nam`, `EntitledDays`, `UsedDays`, `created_at`, `updated_at`) VALUES
(1, 1, 2026, 12, 0, '2026-06-21 20:49:16', '2026-06-21 20:49:16'),
(2, 2, 2026, 12, 0, '2026-06-21 20:49:16', '2026-06-21 20:49:16'),
(3, 4, 2026, 12, 0, '2026-06-21 20:49:16', '2026-06-21 20:49:16'),
(4, 5, 2026, 12, 0, '2026-06-21 20:49:16', '2026-06-21 20:49:16'),
(5, 6, 2026, 12, 0, '2026-06-21 20:49:16', '2026-06-21 20:49:16'),
(6, 7, 2026, 12, 0, '2026-06-21 20:49:16', '2026-06-21 20:49:16'),
(7, 8, 2026, 12, 0, '2026-06-21 20:49:16', '2026-06-21 20:49:16'),
(8, 10, 2026, 12, 0, '2026-06-21 20:49:16', '2026-06-21 20:49:16'),
(9, 11, 2026, 12, 0, '2026-06-21 20:49:16', '2026-06-21 20:49:16'),
(10, 12, 2026, 12, 0, '2026-06-21 20:49:16', '2026-06-21 20:49:16'),
(11, 13, 2026, 12, 0, '2026-06-21 20:49:16', '2026-06-21 20:49:16'),
(12, 15, 2026, 12, 0, '2026-06-21 20:49:16', '2026-06-21 20:49:16'),
(13, 16, 2026, 12, 0, '2026-06-21 20:49:16', '2026-06-21 20:49:16'),
(14, 17, 2026, 12, 0, '2026-06-21 20:49:16', '2026-06-21 20:49:16'),
(15, 18, 2026, 12, 0, '2026-06-21 20:49:16', '2026-06-21 20:49:16'),
(16, 19, 2026, 12, 0, '2026-06-21 20:49:16', '2026-06-21 20:49:16'),
(17, 21, 2026, 12, 0, '2026-06-21 20:49:16', '2026-06-21 20:49:16'),
(18, 22, 2026, 12, 0, '2026-06-21 20:49:16', '2026-06-21 20:49:16'),
(19, 23, 2026, 12, 0, '2026-06-21 20:49:16', '2026-06-21 20:49:16'),
(20, 24, 2026, 12, 0, '2026-06-21 20:49:16', '2026-06-21 20:49:16'),
(21, 25, 2026, 12, 0, '2026-06-21 20:49:16', '2026-06-21 20:49:16'),
(22, 26, 2026, 12, 0, '2026-06-21 20:49:16', '2026-06-21 20:49:16'),
(23, 27, 2026, 12, 0, '2026-06-21 20:49:16', '2026-06-21 20:49:16'),
(24, 29, 2026, 12, 0, '2026-06-21 20:49:16', '2026-06-21 20:49:16'),
(25, 30, 2026, 12, 0, '2026-06-21 20:49:16', '2026-06-21 20:49:16'),
(26, 31, 2026, 12, 0, '2026-06-21 20:49:16', '2026-06-21 20:49:16'),
(27, 32, 2026, 12, 0, '2026-06-21 20:49:16', '2026-06-21 20:49:16'),
(28, 33, 2026, 12, 0, '2026-06-21 20:49:16', '2026-06-21 20:49:16'),
(29, 34, 2026, 12, 0, '2026-06-21 20:49:16', '2026-06-21 20:49:16'),
(30, 36, 2026, 12, 0, '2026-06-21 20:49:16', '2026-06-21 20:49:16'),
(31, 37, 2026, 12, 0, '2026-06-21 20:49:16', '2026-06-21 20:49:16'),
(32, 38, 2026, 12, 0, '2026-06-21 20:49:16', '2026-06-21 20:49:16'),
(33, 39, 2026, 12, 0, '2026-06-21 20:49:16', '2026-06-21 20:49:16'),
(34, 40, 2026, 12, 0, '2026-06-21 20:49:16', '2026-06-21 20:49:16'),
(35, 42, 2026, 12, 0, '2026-06-21 20:49:16', '2026-06-21 20:49:16'),
(36, 43, 2026, 12, 0, '2026-06-21 20:49:16', '2026-06-21 20:49:16'),
(37, 44, 2026, 12, 0, '2026-06-21 20:49:16', '2026-06-21 20:49:16'),
(38, 45, 2026, 12, 0, '2026-06-21 20:49:16', '2026-06-21 20:49:16'),
(39, 46, 2026, 12, 0, '2026-06-21 20:49:16', '2026-06-21 20:49:16'),
(40, 47, 2026, 12, 0, '2026-06-21 20:49:16', '2026-06-21 20:49:16'),
(41, 49, 2026, 12, 0, '2026-06-21 20:49:16', '2026-06-21 20:49:16'),
(42, 50, 2026, 12, 0, '2026-06-21 20:49:16', '2026-06-21 20:49:16'),
(43, 919134, 2026, 12, 0, '2026-06-21 20:49:16', '2026-06-21 20:49:16'),
(44, 980029, 2026, 12, 0, '2026-06-21 20:49:16', '2026-06-21 20:49:16'),
(45, 980030, 2026, 12, 0, '2026-06-21 20:49:16', '2026-06-21 20:49:16'),
(46, 980031, 2026, 12, 0, '2026-06-21 20:49:16', '2026-06-21 20:49:16'),
(47, 980032, 2026, 12, 0, '2026-06-21 20:49:16', '2026-06-21 20:49:16'),
(48, 980033, 2026, 12, 0, '2026-06-21 20:49:16', '2026-06-21 20:49:16'),
(49, 980034, 2026, 12, 0, '2026-06-21 20:49:16', '2026-06-21 20:49:16'),
(50, 3, 2026, 12, 0, '2026-06-21 20:49:16', '2026-06-21 20:49:16'),
(51, 9, 2026, 12, 0, '2026-06-21 20:49:16', '2026-06-21 20:49:16'),
(52, 14, 2026, 12, 0, '2026-06-21 20:49:16', '2026-06-21 20:49:16'),
(53, 20, 2026, 12, 0, '2026-06-21 20:49:16', '2026-06-21 20:49:16'),
(54, 28, 2026, 12, 0, '2026-06-21 20:49:16', '2026-06-21 20:49:16'),
(55, 35, 2026, 12, 0, '2026-06-21 20:49:16', '2026-06-21 20:49:16'),
(56, 41, 2026, 12, 0, '2026-06-21 20:49:16', '2026-06-21 20:49:16'),
(57, 48, 2026, 12, 0, '2026-06-21 20:49:16', '2026-06-21 20:49:16');

-- --------------------------------------------------------

--
-- Cấu trúc bảng cho bảng `leave_request_approval_actions`
--

CREATE TABLE `leave_request_approval_actions` (
  `id` bigint(20) UNSIGNED NOT NULL,
  `MaNP` bigint(20) UNSIGNED NOT NULL,
  `MaTK` bigint(20) UNSIGNED NOT NULL,
  `ApproverRole` varchar(80) DEFAULT NULL,
  `ActionName` varchar(20) NOT NULL,
  `Note` varchar(255) DEFAULT NULL,
  `created_at` timestamp NULL DEFAULT NULL,
  `updated_at` timestamp NULL DEFAULT NULL
) ENGINE=InnoDB DEFAULT CHARSET=utf8mb4 COLLATE=utf8mb4_unicode_ci;

-- --------------------------------------------------------

--
-- Cấu trúc bảng cho bảng `lichphongvan`
--

CREATE TABLE `lichphongvan` (
  `MaPV` int(11) NOT NULL,
  `MaHS` int(11) DEFAULT NULL,
  `NgayPhongVan` date DEFAULT NULL,
  `GioPhongVan` time DEFAULT NULL,
  `DiaDiem` varchar(255) DEFAULT NULL,
  `GhiChu` text DEFAULT NULL,
  `KetQua` varchar(50) DEFAULT NULL
) ENGINE=InnoDB DEFAULT CHARSET=utf8mb4 COLLATE=utf8mb4_general_ci;

-- --------------------------------------------------------

--
-- Cấu trúc bảng cho bảng `lichsu_luong`
--

CREATE TABLE `lichsu_luong` (
  `MaLichSu` int(11) NOT NULL,
  `MaHopDong` int(11) NOT NULL,
  `LuongCu` decimal(15,2) NOT NULL,
  `LuongMoi` decimal(15,2) NOT NULL,
  `NgayApDung` date NOT NULL,
  `LyDo` varchar(255) DEFAULT NULL
) ENGINE=InnoDB DEFAULT CHARSET=utf8mb4 COLLATE=utf8mb4_unicode_ci;

-- --------------------------------------------------------

--
-- Cấu trúc bảng cho bảng `lichsu_luong_hopdong`
--

CREATE TABLE `lichsu_luong_hopdong` (
  `MaLS` int(11) NOT NULL,
  `MaHopDong` int(11) NOT NULL,
  `LuongCu` decimal(15,2) NOT NULL,
  `LuongMoi` decimal(15,2) NOT NULL,
  `NgayApDung` date NOT NULL,
  `LyDo` varchar(255) DEFAULT NULL
) ENGINE=InnoDB DEFAULT CHARSET=utf8mb4 COLLATE=utf8mb4_general_ci;

-- --------------------------------------------------------

--
-- Cấu trúc bảng cho bảng `loaikhenthuongkyluat`
--

CREATE TABLE `loaikhenthuongkyluat` (
  `MaLoai` int(11) NOT NULL,
  `TenLoai` varchar(150) NOT NULL,
  `Loai` enum('Khen thưởng','Kỷ luật') NOT NULL,
  `MoTa` text DEFAULT NULL
) ENGINE=InnoDB DEFAULT CHARSET=utf8mb4 COLLATE=utf8mb4_general_ci;

--
-- Đang đổ dữ liệu cho bảng `loaikhenthuongkyluat`
--

INSERT INTO `loaikhenthuongkyluat` (`MaLoai`, `TenLoai`, `Loai`, `MoTa`) VALUES
(1, 'Đi trễ nhiều lần', 'Kỷ luật', 'Áp dụng cho nhân viên đi trễ quá 5 lần/tháng'),
(2, 'Vi phạm nội quy công ty', 'Kỷ luật', 'Vi phạm quy định về trang phục, tác phong'),
(3, 'Gây thiệt hại tài sản', 'Kỷ luật', 'Làm hư hỏng tài sản công ty'),
(4, 'Không hoàn thành công việc', 'Kỷ luật', 'Không đạt KPI trong 2 tháng liên tiếp'),
(5, 'Nghỉ không phép', 'Kỷ luật', 'Tự ý nghỉ làm không báo trước'),
(6, 'Thưởng hiệu suất', 'Khen thưởng', 'Thưởng theo KPI hàng tháng'),
(7, 'Thưởng dự án', 'Khen thưởng', 'Hoàn thành xuất sắc dự án'),
(8, 'Nhân viên xuất sắc tháng', 'Khen thưởng', 'Bình chọn nội bộ'),
(9, 'Thưởng sáng kiến', 'Khen thưởng', 'Có sáng kiến cải tiến quy trình'),
(10, 'Thưởng lễ/Tết', 'Khen thưởng', 'Thưởng dịp lễ, Tết');

-- --------------------------------------------------------

--
-- Cấu trúc bảng cho bảng `migrations`
--

CREATE TABLE `migrations` (
  `id` int(10) UNSIGNED NOT NULL,
  `migration` varchar(255) NOT NULL,
  `batch` int(11) NOT NULL
) ENGINE=InnoDB DEFAULT CHARSET=utf8mb4 COLLATE=utf8mb4_unicode_ci;

--
-- Đang đổ dữ liệu cho bảng `migrations`
--

INSERT INTO `migrations` (`id`, `migration`, `batch`) VALUES
(1, '2014_10_12_000000_create_users_table', 1),
(2, '2014_10_12_100000_create_password_resets_table', 1),
(3, '2019_08_19_000000_create_failed_jobs_table', 1),
(4, '2019_12_14_000001_create_personal_access_tokens_table', 1),
(5, '2026_04_20_001_create_queue_tables', 1),
(6, '2026_06_22_120500_add_performance_indexes_across_services', 2),
(7, '2026_06_22_131500_create_leave_request_approval_actions_table', 3),
(8, '2026_06_22_142500_create_leave_balances_table', 4),
(9, '2026_06_22_150000_add_quyphep_permissions_to_chucnang_and_roles', 5);

-- --------------------------------------------------------

--
-- Cấu trúc bảng cho bảng `ngachluong`
--

CREATE TABLE `ngachluong` (
  `MaNgach` int(11) NOT NULL,
  `TenNgach` varchar(150) NOT NULL,
  `MoTa` text DEFAULT NULL
) ENGINE=InnoDB DEFAULT CHARSET=utf8mb4 COLLATE=utf8mb4_general_ci;

--
-- Đang đổ dữ liệu cho bảng `ngachluong`
--

INSERT INTO `ngachluong` (`MaNgach`, `TenNgach`, `MoTa`) VALUES
(1, 'Quản lý cấp cao', 'Dành cho Ban giám đốc và Trưởng phòng các bộ phận.'),
(2, 'Quản lý cấp trung', 'Dành cho Phó phòng, Tổ trưởng hoặc Trưởng nhóm chuyên môn.'),
(3, 'Chuyên viên cấp cao', 'Nhân viên có kinh nghiệm trên 5 năm, làm việc độc lập.'),
(4, 'Chuyên viên', 'Nhân viên chính thức, đã thạo việc.'),
(5, 'Nhân viên', 'Nhân viên mới chính thức hoặc dưới 2 năm kinh nghiệm.'),
(6, 'Nhân viên hành chính/Hỗ trợ', 'Lễ tân, tạp vụ, bảo vệ, lái xe.'),
(7, 'Thử việc/Thực tập sinh', 'Áp dụng cho nhân sự đang trong thời gian đánh giá (thường hưởng 85% lương).');

-- --------------------------------------------------------

--
-- Cấu trúc bảng cho bảng `nghiphep`
--

CREATE TABLE `nghiphep` (
  `MaNP` int(11) NOT NULL,
  `MaNV` int(11) NOT NULL,
  `TuNgay` date NOT NULL,
  `DenNgay` date NOT NULL,
  `SoNgayNghi` int(11) DEFAULT NULL,
  `LyDo` text DEFAULT NULL,
  `LoaiNghi` enum('Nghỉ phép năm','Nghỉ ốm','Nghỉ không lương','Nghỉ việc riêng') NOT NULL,
  `TrangThai` enum('Chờ duyệt','Đã duyệt','Từ chối') DEFAULT 'Chờ duyệt',
  `NgayNopDon` date DEFAULT NULL,
  `NgayDuyet` date DEFAULT NULL
) ENGINE=InnoDB DEFAULT CHARSET=utf8mb4 COLLATE=utf8mb4_general_ci;

--
-- Đang đổ dữ liệu cho bảng `nghiphep`
--

INSERT INTO `nghiphep` (`MaNP`, `MaNV`, `TuNgay`, `DenNgay`, `SoNgayNghi`, `LyDo`, `LoaiNghi`, `TrangThai`, `NgayNopDon`, `NgayDuyet`) VALUES
(11, 29, '2026-05-06', '2026-05-09', 4, NULL, 'Nghỉ không lương', 'Chờ duyệt', '2026-05-06', NULL),
(12, 8, '2026-05-06', '2026-05-11', NULL, NULL, 'Nghỉ ốm', 'Chờ duyệt', '2026-05-07', NULL),
(13, 8, '2026-05-06', '2026-05-09', 4, NULL, 'Nghỉ phép năm', 'Đã duyệt', '2026-05-05', '2026-05-06'),
(14, 18, '2026-05-06', '2026-05-11', 6, NULL, 'Nghỉ việc riêng', 'Chờ duyệt', '2026-05-06', NULL);

-- --------------------------------------------------------

--
-- Cấu trúc bảng cho bảng `nhanvien`
--

CREATE TABLE `nhanvien` (
  `MaNV` int(11) NOT NULL,
  `HoTen` varchar(100) NOT NULL,
  `GioiTinh` enum('Nam','Nữ') DEFAULT NULL,
  `NgaySinh` date DEFAULT NULL,
  `Email` varchar(100) DEFAULT NULL,
  `DienThoai` varchar(20) DEFAULT NULL,
  `TrangThai` enum('Đang làm','Nghỉ') DEFAULT NULL,
  `MaBac` int(11) DEFAULT NULL,
  `MaHS` int(11) DEFAULT NULL
) ENGINE=InnoDB DEFAULT CHARSET=utf8mb4 COLLATE=utf8mb4_general_ci;

--
-- Đang đổ dữ liệu cho bảng `nhanvien`
--

INSERT INTO `nhanvien` (`MaNV`, `HoTen`, `GioiTinh`, `NgaySinh`, `Email`, `DienThoai`, `TrangThai`, `MaBac`, `MaHS`) VALUES
(1, 'Nguyễn Minh Anh', 'Nam', '1995-03-12', 'minhanh.n@gmail.com', '0912345601', 'Đang làm', 8, NULL),
(2, 'Trần Thị Bích', 'Nữ', '1998-07-22', 'bich.tran@gmail.com', '0987654302', 'Đang làm', 15, NULL),
(3, 'Lê Văn Cường', 'Nam', '1992-11-05', 'cuong.le@gmail.com', '0905123403', 'Nghỉ', 10, NULL),
(4, 'Phạm Mỹ Dung', 'Nữ', '1999-01-30', 'dung.pham@gmail.com', '0944112204', 'Đang làm', 22, NULL),
(5, 'Hoàng Anh Đức', 'Nam', '1994-05-15', 'duc.hoang@gmail.com', '0966778805', 'Đang làm', 26, NULL),
(6, 'Vũ Thái Hòa', 'Nam', '2000-12-10', 'hoa.vu@gmail.com', '0933221106', 'Đang làm', 11, NULL),
(7, 'Đặng Thu Huyền', 'Nữ', '1997-08-25', 'huyen.dang@gmail.com', '0911556607', 'Đang làm', 14, NULL),
(8, 'Bùi Gia Huy', 'Nam', '2002-04-18', 'huy.bui@gmail.com', '0988009908', 'Đang làm', 25, NULL),
(9, 'Ngô Đình Khôi', 'Nam', '1993-02-28', 'khoi.ngo@gmail.com', '0901234509', 'Nghỉ', 17, NULL),
(10, 'Lý Phương Linh', 'Nữ', '2001-10-03', 'linh.ly@gmail.com', '0945678910', 'Đang làm', 9, NULL),
(11, 'Chu Minh Nhật', 'Nam', '1996-06-21', 'nhat.chu@gmail.com', '0967890111', 'Đang làm', 21, NULL),
(12, 'Phan Thanh Tâm', 'Nam', '2003-09-14', 'tam.phan@gmail.com', '0934567812', 'Đang làm', 12, NULL),
(13, 'Tạ Bích Thủy', 'Nữ', '1991-03-05', 'thuy.ta@gmail.com', '0912345613', 'Đang làm', 24, NULL),
(14, 'Trương Việt Hoàng', 'Nam', '1994-11-20', 'hoang.truong@gmail.com', '0909876514', 'Nghỉ', 18, NULL),
(15, 'Đỗ Thùy Chi', 'Nữ', '1998-12-01', 'chi.do@gmail.com', '0981234515', 'Đang làm', 10, NULL),
(16, 'Võ Hoàng Yến', 'Nữ', '2000-05-09', 'yen.vo@gmail.com', '0977665516', 'Đang làm', 23, NULL),
(17, 'Cao Tiến Dũng', 'Nam', '1997-02-14', 'dung.cao@gmail.com', '0933445517', 'Đang làm', 16, NULL),
(18, 'Hồ Ngọc Hà', 'Nữ', '1995-10-10', 'ha.ho@gmail.com', '0912998818', 'Đang làm', 13, NULL),
(19, 'Trịnh Thăng Bình', 'Nam', '1992-07-07', 'binh.trinh@gmail.com', '0903334419', 'Đang làm', 20, NULL),
(20, 'Mai Phương Thảo', 'Nữ', '2004-01-25', 'thao.mai@gmail.com', '0944556620', 'Nghỉ', 8, NULL),
(21, 'Lương Gia Bảo', 'Nam', '1999-08-30', 'bao.luong@gmail.com', '0966112221', 'Đang làm', 15, NULL),
(22, 'Kiều Minh Tuấn', 'Nam', '1993-04-12', 'tuan.kieu@gmail.com', '0988776622', 'Đang làm', 26, NULL),
(23, 'Đinh Tiến Đạt', 'Nam', '1996-09-17', 'dat.dinh@gmail.com', '0911002223', 'Đang làm', 11, NULL),
(24, 'Nguyễn Hồng Nhung', 'Nữ', '1997-06-06', 'nhung.nguyen@gmail.com', '0901122324', 'Đang làm', 14, NULL),
(25, 'Phạm Thanh Lam', 'Nữ', '1990-01-01', 'lam.pham@gmail.com', '0945123425', 'Đang làm', 25, NULL),
(26, 'Lê Tuấn Hải', 'Nam', '2002-11-11', 'hai.le@gmail.com', '0933112226', 'Đang làm', 9, NULL),
(27, 'Trần Quốc Toản', 'Nam', '2005-05-05', 'toan.tran@gmail.com', '0977223327', 'Đang làm', 17, NULL),
(28, 'Vũ Thùy Linh', 'Nữ', '1998-03-03', 'linh.vu@gmail.com', '0911445528', 'Nghỉ', 21, NULL),
(29, 'Bùi Anh Tuấn', 'Nam', '1994-08-08', 'tuan.bui@gmail.com', '0902233429', 'Đang làm', 12, NULL),
(30, 'Ngô Thanh Vân', 'Nữ', '1992-12-12', 'van.ngo@gmail.com', '0944667730', 'Đang làm', 24, NULL),
(31, 'Đào Duy Mạnh', 'Nam', '2001-10-20', 'manh.dao@gmail.com', '0966889931', 'Đang làm', 18, NULL),
(32, 'Lâm Khánh Chi', 'Nữ', '1995-09-09', 'chi.lam@gmail.com', '0988990032', 'Đang làm', 10, NULL),
(33, 'Huỳnh Đông', 'Nam', '1999-04-04', 'dong.huynh@gmail.com', '0911223333', 'Đang làm', 23, NULL),
(34, 'Trần Uyên Linh', 'Nữ', '1996-07-07', 'linh.uyen@gmail.com', '0903344534', 'Đang làm', 16, NULL),
(35, 'Phạm Quỳnh Anh', 'Nữ', '1997-12-24', 'anh.pham@gmail.com', '0944778835', 'Nghỉ', 13, NULL),
(36, 'Lê Cát Tường', 'Nữ', '1993-01-15', 'tuong.le@gmail.com', '0966001136', 'Đang làm', 20, NULL),
(37, 'Hoàng Bách', 'Nam', '1991-05-30', 'bach.hoang@gmail.com', '0988112237', 'Đang làm', 22, NULL),
(38, 'Quang Vinh', 'Nam', '1998-10-02', 'vinh.quang@gmail.com', '0911334438', 'Đang làm', 8, NULL),
(39, 'Đặng Văn Lâm', 'Nam', '1994-08-13', 'lam.dang@gmail.com', '0904455639', 'Đang làm', 19, NULL),
(40, 'Nguyễn Công Phượng', 'Nam', '1995-01-21', 'phuong.nguyen@gmail.com', '0944889940', 'Đang làm', 26, NULL),
(41, 'Đoàn Văn Hậu', 'Nam', '1999-04-19', 'hau.doan@gmail.com', '0966223341', 'Nghỉ', 11, NULL),
(42, 'Nguyễn Quang Hải', 'Nam', '1997-04-12', 'hai.nguyen@gmail.com', '0988334442', 'Đang làm', 14, NULL),
(43, 'Phan Văn Đức', 'Nam', '1996-04-11', 'duc.phan@gmail.com', '0911556643', 'Đang làm', 25, NULL),
(44, 'Trần Đình Trọng', 'Nam', '1997-04-25', 'trong.tran@gmail.com', '0905566744', 'Đang làm', 9, NULL),
(45, 'Quế Ngọc Hải', 'Nam', '1993-05-15', 'hai.que@gmail.com', '0944223345', 'Đang làm', 17, NULL),
(46, 'Nguyễn Văn Toàn', 'Nam', '1996-04-12', 'toan.nguyen@gmail.com', '0966445546', 'Đang làm', 21, NULL),
(47, 'Nguyễn Tiến Linh', 'Nam', '1997-10-20', 'linh.tien@gmail.com', '0988556647', 'Đang làm', 12, NULL),
(48, 'Bùi Tiến Dũng', 'Nam', '1997-02-28', 'dung.bui@gmail.com', '0911667748', 'Nghỉ', 24, NULL),
(49, 'Hà Đức Chinh', 'Nam', '1997-09-22', 'chinh.ha@gmail.com', '0905778849', 'Đang làm', 18, NULL),
(50, 'Nguyễn Phong Hồng Duy', 'Nam', '1996-06-13', 'duy.hong@gmail.com', '0944889950', 'Đang làm', 10, NULL),
(919134, 'Nguyễn Thanh Bình', 'Nam', '2005-09-01', 'binh192k5@gmail.com', '0336841145', 'Đang làm', 8, NULL),
(980029, 'Dương Quỳnh a', 'Nam', '2005-05-05', 'binh1925@gmail.com', '0336841147', 'Đang làm', 23, NULL),
(980030, 'Nguyễn Thanh Bình2', 'Nam', '2026-05-06', 'binh1921k5@gmail.com', '0336841140', 'Đang làm', 22, NULL),
(980031, 'Dương Quỳnh PA', 'Nữ', '2026-05-06', 'binh002k5@gmail.com', '0336841111', 'Đang làm', 23, 108),
(980032, 'truong dinh cao', 'Nam', '2026-05-12', 'truongdinhcao@gmail.com', '0853837982', 'Đang làm', 10, 112),
(980033, 'Dương Quỳnh Paq', 'Nam', '2026-05-07', 'binh192k5@gmail.com', '0336841145', 'Đang làm', 17, 113),
(980034, 'Test CRUD UX 20260614 Updated', 'Nam', NULL, 'testcrudux20260614@example.com', '0911222333', 'Đang làm', 17, 114);

-- --------------------------------------------------------

--
-- Cấu trúc bảng cho bảng `password_resets`
--

CREATE TABLE `password_resets` (
  `email` varchar(255) NOT NULL,
  `token` varchar(255) NOT NULL,
  `created_at` timestamp NULL DEFAULT NULL
) ENGINE=InnoDB DEFAULT CHARSET=utf8mb4 COLLATE=utf8mb4_unicode_ci;

-- --------------------------------------------------------

--
-- Cấu trúc bảng cho bảng `password_reset_tokens`
--

CREATE TABLE `password_reset_tokens` (
  `id` int(11) NOT NULL,
  `MaTK` int(11) NOT NULL,
  `token_hash` varchar(255) NOT NULL,
  `expires_at` datetime NOT NULL,
  `used_at` datetime DEFAULT NULL,
  `created_at` datetime NOT NULL DEFAULT current_timestamp()
) ENGINE=InnoDB DEFAULT CHARSET=utf8mb4 COLLATE=utf8mb4_general_ci;

--
-- Đang đổ dữ liệu cho bảng `password_reset_tokens`
--

INSERT INTO `password_reset_tokens` (`id`, `MaTK`, `token_hash`, `expires_at`, `used_at`, `created_at`) VALUES
(1, 3, '$2y$10$50hA9.0Pskx9J3D9jbtX.OhqnJpkoJ5Ym4UUeP9EilG0fAsz.eHWq', '2026-04-04 06:08:35', '2026-04-04 10:40:19', '2026-04-04 10:38:35'),
(2, 3, '$2y$10$9S7HHZzZEX1MpIeHohgxhOu9.6NqHn/MdsKqJ30.mP2GkNyLCs0ze', '2026-04-04 06:10:19', '2026-04-04 10:59:14', '2026-04-04 10:40:19'),
(3, 3, '$2y$10$MsLZFhz10HO5iuJikFoanuiNNaAfkZEpXz5NpzDOCQ7uAN9F1AtxO', '2026-04-04 06:29:14', '2026-04-04 11:01:44', '2026-04-04 10:59:14'),
(4, 3, '$2y$10$kqIcHywOMNKYJy6g23JHbuZwK3WdtQVN4uzTIWaOl9KxjC6fprzBW', '2026-04-04 06:31:44', '2026-04-04 12:51:36', '2026-04-04 11:01:44'),
(5, 3, '$2y$10$VwJiDgj9x7rv3yhcMqoBRepKnIiWYxgsfA.aGc/EgkDfVI8ot/gEW', '2026-04-04 08:21:35', NULL, '2026-04-04 12:51:36');

-- --------------------------------------------------------

--
-- Cấu trúc bảng cho bảng `personal_access_tokens`
--

CREATE TABLE `personal_access_tokens` (
  `id` bigint(20) UNSIGNED NOT NULL,
  `tokenable_type` varchar(255) NOT NULL,
  `tokenable_id` bigint(20) UNSIGNED NOT NULL,
  `name` varchar(255) NOT NULL,
  `token` varchar(64) NOT NULL,
  `abilities` text DEFAULT NULL,
  `last_used_at` timestamp NULL DEFAULT NULL,
  `created_at` timestamp NULL DEFAULT NULL,
  `updated_at` timestamp NULL DEFAULT NULL
) ENGINE=InnoDB DEFAULT CHARSET=utf8mb4 COLLATE=utf8mb4_unicode_ci;

-- --------------------------------------------------------

--
-- Cấu trúc bảng cho bảng `phancong`
--

CREATE TABLE `phancong` (
  `MaQT` int(11) NOT NULL,
  `MaNV` int(11) NOT NULL,
  `MaPB` int(11) NOT NULL,
  `MaCV` int(11) NOT NULL,
  `NgayBatDau` date NOT NULL,
  `NgayKetThuc` date DEFAULT NULL,
  `LyDoThayDoi` varchar(255) DEFAULT NULL,
  `LoaiDieuChuyen` varchar(50) DEFAULT NULL
) ENGINE=InnoDB DEFAULT CHARSET=utf8mb4 COLLATE=utf8mb4_general_ci;

--
-- Đang đổ dữ liệu cho bảng `phancong`
--

INSERT INTO `phancong` (`MaQT`, `MaNV`, `MaPB`, `MaCV`, `NgayBatDau`, `NgayKetThuc`, `LyDoThayDoi`, `LoaiDieuChuyen`) VALUES
(1, 1, 1, 6, '2022-01-10', '2026-05-16', 'Test update ok', 'Bo nhiem'),
(2, 2, 2, 9, '2022-03-15', NULL, 'Tiếp nhận nhân sự mới', 'Tuyển dụng'),
(3, 3, 3, 4, '2021-06-20', NULL, 'Tiếp nhận nhân sự mới', 'Tuyển dụng'),
(4, 4, 4, 3, '2023-02-01', NULL, 'Tiếp nhận nhân sự mới', 'Bổ nhiệm'),
(5, 5, 1, 5, '2021-12-12', NULL, 'Tiếp nhận nhân sự mới', 'Bổ nhiệm'),
(6, 6, 5, 4, '2024-03-01', NULL, 'Tiếp nhận nhân sự mới', 'Tuyển dụng'),
(7, 7, 2, 10, '2020-05-20', NULL, 'Tiếp nhận nhân sự mới', 'Thực tập'),
(8, 8, 4, 8, '2023-10-15', NULL, 'Tiếp nhận nhân sự mới', 'Bổ nhiệm'),
(9, 9, 3, 4, '2019-08-14', NULL, 'Tiếp nhận nhân sự mới', 'Tuyển dụng'),
(10, 10, 2, 4, '2024-01-05', NULL, 'Tiếp nhận nhân sự mới', 'Tuyển dụng'),
(11, 11, 1, 9, '2021-07-01', NULL, 'Tiếp nhận nhân sự mới', 'Tuyển dụng'),
(12, 12, 5, 7, '2023-11-11', NULL, 'Tiếp nhận nhân sự mới', 'Bổ nhiệm'),
(13, 13, 2, 5, '2020-02-15', NULL, 'Tiếp nhận nhân sự mới', 'Bổ nhiệm'),
(14, 14, 4, 4, '2022-06-06', NULL, 'Tiếp nhận nhân sự mới', 'Tuyển dụng'),
(15, 15, 2, 4, '2023-08-18', NULL, 'Tiếp nhận nhân sự mới', 'Tuyển dụng'),
(16, 16, 3, 4, '2023-04-12', NULL, 'Tiếp nhận nhân sự mới', 'Tuyển dụng'),
(17, 17, 4, 10, '2021-10-20', NULL, 'Tiếp nhận nhân sự mới', 'Thực tập'),
(18, 18, 2, 3, '2020-02-28', NULL, 'Tiếp nhận nhân sự mới', 'Bổ nhiệm'),
(19, 19, 1, 9, '2019-03-12', NULL, 'Tiếp nhận nhân sự mới', 'Tuyển dụng'),
(20, 20, 5, 7, '2024-02-28', NULL, 'Tiếp nhận nhân sự mới', 'Bổ nhiệm'),
(21, 21, 4, 4, '2022-11-05', NULL, 'Tiếp nhận nhân sự mới', 'Tuyển dụng'),
(22, 22, 2, 8, '2021-07-22', NULL, 'Tiếp nhận nhân sự mới', 'Bổ nhiệm'),
(23, 23, 3, 5, '2022-01-30', NULL, 'Tiếp nhận nhân sự mới', 'Bổ nhiệm'),
(24, 24, 4, 10, '2022-12-10', NULL, 'Tiếp nhận nhân sự mới', 'Thực tập'),
(25, 25, 1, 4, '2018-08-25', NULL, 'Tiếp nhận nhân sự mới', 'Tuyển dụng'),
(26, 26, 2, 4, '2024-04-18', NULL, 'Tiếp nhận nhân sự mới', 'Tuyển dụng'),
(27, 27, 5, 3, '2024-10-10', NULL, 'Tiếp nhận nhân sự mới', 'Bổ nhiệm'),
(28, 28, 1, 9, '2022-11-20', NULL, 'Tiếp nhận nhân sự mới', 'Tuyển dụng'),
(29, 29, 4, 7, '2021-05-09', NULL, 'Tiếp nhận nhân sự mới', 'Bổ nhiệm'),
(30, 30, 2, 4, '2021-09-14', NULL, 'Tiếp nhận nhân sự mới', 'Tuyển dụng'),
(31, 31, 3, 8, '2024-03-05', NULL, 'Tiếp nhận nhân sự mới', 'Bổ nhiệm'),
(32, 32, 4, 5, '2021-12-01', NULL, 'Tiếp nhận nhân sự mới', 'Bổ nhiệm'),
(33, 33, 5, 10, '2023-06-21', NULL, 'Tiếp nhận nhân sự mới', 'Thực tập'),
(34, 34, 1, 4, '2021-12-01', NULL, 'Tiếp nhận nhân sự mới', 'Tuyển dụng'),
(35, 35, 3, 4, '2022-02-14', NULL, 'Tiếp nhận nhân sự mới', 'Tuyển dụng'),
(36, 36, 2, 3, '2019-10-02', NULL, 'Tiếp nhận nhân sự mới', 'Bổ nhiệm'),
(37, 37, 4, 9, '2018-08-13', NULL, 'Tiếp nhận nhân sự mới', 'Tuyển dụng'),
(38, 38, 1, 7, '2022-03-12', NULL, 'Tiếp nhận nhân sự mới', 'Bổ nhiệm'),
(39, 39, 5, 4, '2022-11-05', NULL, 'Tiếp nhận nhân sự mới', 'Tuyển dụng'),
(40, 40, 1, 5, '2021-07-22', NULL, 'Tiếp nhận nhân sự mới', 'Bổ nhiệm'),
(41, 41, 3, 8, '2023-01-30', NULL, 'Tiếp nhận nhân sự mới', 'Bổ nhiệm'),
(42, 42, 4, 10, '2021-12-10', NULL, 'Tiếp nhận nhân sự mới', 'Thực tập'),
(43, 43, 2, 4, '2021-08-25', NULL, 'Tiếp nhận nhân sự mới', 'Tuyển dụng'),
(44, 44, 3, 4, '2022-04-18', NULL, 'Tiếp nhận nhân sự mới', 'Tuyển dụng'),
(45, 45, 1, 3, '2020-10-10', NULL, 'Tiếp nhận nhân sự mới', 'Bổ nhiệm'),
(46, 46, 2, 9, '2021-03-05', NULL, 'Tiếp nhận nhân sự mới', 'Tuyển dụng'),
(47, 47, 5, 7, '2022-01-15', NULL, 'Tiếp nhận nhân sự mới', 'Bổ nhiệm'),
(48, 48, 3, 4, '2020-07-07', NULL, 'Tiếp nhận nhân sự mới', 'Tuyển dụng'),
(49, 49, 4, 5, '2022-06-21', NULL, 'Tiếp nhận nhân sự mới', 'Bổ nhiệm'),
(50, 50, 2, 10, '2021-12-01', NULL, 'Tiếp nhận nhân sự mới', 'Thực tập'),
(51, 919134, 5, 9, '2025-01-01', NULL, 'Khoi tao tu Laravel', 'Tuyen dung'),
(52, 980029, 6, 4, '2025-03-03', NULL, 'Khoi tao tu Laravel', NULL),
(53, 980030, 5, 4, '2026-05-06', NULL, 'Khoi tao tu Laravel', NULL),
(54, 29, 5, 8, '2026-05-06', '2026-05-07', NULL, NULL),
(55, 29, 5, 8, '2026-05-06', '2026-05-07', 'legacy-native-submit', 'Bo nhiem'),
(56, 29, 5, 5, '2026-05-06', '2026-05-07', 'Tao moi test 2', 'Bo nhiem'),
(57, 48, 5, 9, '2026-05-05', '2026-05-22', NULL, NULL),
(58, 980031, 3, 4, '2026-05-06', '2026-05-09', 'Test update ok', 'Bo nhiem'),
(59, 980034, 3, 8, '2026-06-14', NULL, 'Cap nhat tu Laravel', NULL);

-- --------------------------------------------------------

--
-- Cấu trúc bảng cho bảng `phanquyen`
--

CREATE TABLE `phanquyen` (
  `MaVaiTro` int(11) NOT NULL,
  `MaCN` int(11) NOT NULL
) ENGINE=InnoDB DEFAULT CHARSET=utf8mb4 COLLATE=utf8mb4_general_ci;

--
-- Đang đổ dữ liệu cho bảng `phanquyen`
--

INSERT INTO `phanquyen` (`MaVaiTro`, `MaCN`) VALUES
(1, 40),
(1, 41),
(1, 42),
(1, 43),
(1, 44),
(1, 45),
(1, 46),
(1, 47),
(1, 48),
(1, 49),
(1, 50),
(1, 51),
(1, 52),
(1, 53),
(1, 54),
(1, 55),
(1, 56),
(1, 57),
(1, 58),
(1, 59),
(1, 60),
(1, 61),
(1, 62),
(1, 63),
(1, 64),
(1, 65),
(1, 66),
(1, 67),
(1, 68),
(1, 69),
(1, 70),
(1, 71),
(1, 72),
(1, 73),
(1, 74),
(1, 75),
(1, 76),
(1, 77),
(1, 78),
(1, 79),
(1, 80),
(1, 81),
(1, 82),
(1, 83),
(1, 84),
(1, 85),
(1, 86),
(1, 87),
(1, 88),
(1, 89),
(1, 90),
(1, 91),
(1, 92),
(1, 93),
(1, 94),
(1, 95),
(1, 96),
(1, 97),
(1, 98),
(1, 99),
(1, 100),
(1, 101),
(1, 102),
(1, 103),
(1, 104),
(1, 105),
(1, 106),
(1, 107),
(1, 108),
(1, 109),
(1, 110),
(1, 111),
(1, 112),
(1, 113),
(1, 114),
(1, 115),
(1, 116),
(1, 117),
(1, 118),
(1, 119),
(1, 120),
(1, 121),
(1, 122),
(1, 123),
(1, 124),
(1, 125),
(1, 126),
(1, 127),
(1, 128),
(1, 129),
(1, 130),
(1, 131),
(1, 132),
(1, 133),
(1, 134),
(1, 135),
(1, 136),
(1, 137),
(1, 138),
(1, 139),
(1, 140),
(1, 141),
(1, 142),
(1, 143),
(1, 144),
(1, 145),
(1, 146),
(1, 147),
(2, 40),
(2, 41),
(2, 42),
(2, 43),
(2, 44),
(2, 45),
(2, 46),
(2, 47),
(2, 48),
(2, 49),
(2, 50),
(2, 51),
(2, 52),
(2, 53),
(2, 54),
(2, 55),
(2, 56),
(2, 57),
(2, 58),
(2, 59),
(2, 60),
(2, 61),
(2, 62),
(2, 63),
(2, 64),
(2, 65),
(2, 66),
(2, 67),
(2, 69),
(2, 70),
(2, 73),
(2, 74),
(2, 75),
(2, 76),
(2, 77),
(2, 78),
(2, 79),
(2, 80),
(2, 81),
(2, 82),
(2, 83),
(2, 84),
(2, 85),
(2, 86),
(2, 87),
(2, 88),
(2, 89),
(2, 90),
(2, 91),
(2, 92),
(2, 93),
(2, 94),
(2, 95),
(2, 99),
(2, 100),
(2, 101),
(2, 102),
(2, 103),
(2, 104),
(2, 105),
(2, 106),
(2, 107),
(2, 108),
(2, 109),
(2, 110),
(2, 111),
(2, 112),
(2, 113),
(2, 114),
(2, 115),
(2, 116),
(2, 117),
(2, 124),
(2, 131),
(2, 132),
(2, 133),
(2, 134),
(2, 135),
(2, 139),
(2, 144),
(2, 145),
(2, 146),
(2, 147),
(3, 40),
(3, 44),
(3, 45),
(3, 49),
(3, 50),
(3, 54),
(3, 89),
(3, 95),
(3, 96),
(3, 97),
(3, 98),
(3, 99),
(3, 106),
(3, 107),
(3, 108),
(3, 112),
(3, 113),
(3, 117),
(3, 124),
(3, 135),
(3, 136),
(3, 139),
(4, 40),
(4, 44),
(4, 45),
(4, 49),
(4, 50),
(4, 51),
(4, 54),
(4, 66),
(4, 71),
(4, 89),
(4, 95),
(4, 99),
(4, 101),
(4, 106),
(4, 111),
(4, 117),
(4, 124),
(5, 40),
(5, 41),
(5, 42),
(5, 43),
(5, 44),
(5, 45),
(5, 49),
(5, 50),
(5, 51),
(5, 54),
(5, 71),
(5, 89),
(5, 95),
(5, 99),
(5, 103),
(5, 104),
(5, 106),
(5, 135),
(5, 139),
(5, 144),
(5, 145),
(5, 146),
(5, 147);

-- --------------------------------------------------------

--
-- Cấu trúc bảng cho bảng `phongban`
--

CREATE TABLE `phongban` (
  `MaPB` int(11) NOT NULL,
  `TenPB` varchar(100) NOT NULL,
  `MoTa` text DEFAULT NULL
) ENGINE=InnoDB DEFAULT CHARSET=utf8mb4 COLLATE=utf8mb4_general_ci;

--
-- Đang đổ dữ liệu cho bảng `phongban`
--

INSERT INTO `phongban` (`MaPB`, `TenPB`, `MoTa`) VALUES
(1, 'Nhân Sự', ''),
(2, 'Tài Chính', ''),
(3, 'Kỹ Thuật', ''),
(4, 'Maketing', ''),
(5, 'IT', ''),
(6, 'Kinh doanh', '');

-- --------------------------------------------------------

--
-- Cấu trúc bảng cho bảng `schema_migrations`
--

CREATE TABLE `schema_migrations` (
  `id` int(11) NOT NULL,
  `filename` varchar(255) NOT NULL,
  `checksum` char(64) NOT NULL,
  `executed_at` datetime NOT NULL DEFAULT current_timestamp()
) ENGINE=InnoDB DEFAULT CHARSET=utf8mb4 COLLATE=utf8mb4_general_ci;

--
-- Đang đổ dữ liệu cho bảng `schema_migrations`
--

INSERT INTO `schema_migrations` (`id`, `filename`, `checksum`, `executed_at`) VALUES
(1, '2026_04_04_001_account_security_and_mapping.sql', 'dd6aeece0b658ac5625999f08390a414fd6c64673aeae4d62cef8470899c5546', '2026-04-04 13:34:19'),
(2, '2026_04_04_002_session_audit.sql', '56d2604969660d314c0364967dee180fee807d3a23f8cf77e3bd4d410fcdd5d0', '2026-04-04 20:47:55'),
(3, '2026_04_05_003_chatbot_audit_and_action_drafts.sql', '19e7e3ab64b91184a82089b33d56ed65907501759cf0f89ef47da0d012984c0c', '2026-04-05 12:20:44'),
(4, '2026_05_03_004_attendance_add_di_muon_status.sql', '295cfdf0a98700cff7ae2034ae71bc98eae9bb1893b8e0442a6ae274de8a70b8', '2026-05-03 21:12:33');

-- --------------------------------------------------------

--
-- Cấu trúc bảng cho bảng `session_audit`
--

CREATE TABLE `session_audit` (
  `id` int(11) NOT NULL,
  `MaTK` int(11) NOT NULL,
  `session_marker` char(64) NOT NULL,
  `user_agent` varchar(255) DEFAULT NULL,
  `ip_address` varchar(45) DEFAULT NULL,
  `created_at` datetime NOT NULL DEFAULT current_timestamp(),
  `last_activity` datetime NOT NULL DEFAULT current_timestamp(),
  `revoked_at` datetime DEFAULT NULL
) ENGINE=InnoDB DEFAULT CHARSET=utf8mb4 COLLATE=utf8mb4_general_ci;

--
-- Đang đổ dữ liệu cho bảng `session_audit`
--

INSERT INTO `session_audit` (`id`, `MaTK`, `session_marker`, `user_agent`, `ip_address`, `created_at`, `last_activity`, `revoked_at`) VALUES
(1, 3, 'aaaaaaaaaaaaaaaaaaaaaaaaaaaaaaaaaaaaaaaaaaaaaaaaaaaaaaaaaaaaaaaa', '', '', '2026-04-04 20:48:55', '2026-04-04 20:49:30', NULL),
(3, 3, '9748165f8846e4c397fb2b1c82c735f11d10421f592c3cefc91209b7f7f0451c', 'Mozilla/5.0 (Windows NT 10.0; Win64; x64) AppleWebKit/537.36 (KHTML, like Gecko) Chrome/146.0.0.0 Safari/537.36', '::1', '2026-04-04 22:26:45', '2026-04-04 23:57:55', NULL),
(14, 3, '5af79207b80a5db692c9075daf2ad4c0c80876e0a2291dad2b40597c7761bcee', 'Mozilla/5.0 (Windows NT 10.0; Win64; x64) AppleWebKit/537.36 (KHTML, like Gecko) Chrome/146.0.0.0 Safari/537.36', '::1', '2026-04-05 09:59:19', '2026-04-05 10:13:20', '2026-04-05 10:13:21'),
(15, 3, '8fbbfcc1f7c0753ebfa6735e229e6a89d59a9be5aa88bfb2eabeda384c7e1153', 'Mozilla/5.0 (Windows NT 10.0; Win64; x64) AppleWebKit/537.36 (KHTML, like Gecko) Chrome/146.0.0.0 Safari/537.36', '::1', '2026-04-05 10:14:02', '2026-04-05 10:19:08', '2026-04-05 10:19:08'),
(21, 3, 'b214b2bb75634248d8cd06f58a36dc31341bf32346232e83fdb31c23910b4feb', 'Mozilla/5.0 (Windows NT 10.0; Win64; x64) AppleWebKit/537.36 (KHTML, like Gecko) Chrome/146.0.0.0 Safari/537.36', '::1', '2026-04-05 10:19:11', '2026-04-05 16:05:51', '2026-04-05 16:05:52'),
(30, 3, 'ae4bfe24a04e6ce9de6635ea45cbe0542ea079f0c37260273741576bcd6ed878', 'Mozilla/5.0 (Windows NT 10.0; Win64; x64) AppleWebKit/537.36 (KHTML, like Gecko) Chrome/146.0.0.0 Safari/537.36', '::1', '2026-04-05 16:06:09', '2026-04-05 16:10:20', '2026-04-05 16:10:21'),
(32, 13, 'b310bcde0619f27bb4016b85786c0c96f423bcfdb34a63267f982c3768d69a49', 'Mozilla/5.0 (Windows NT 10.0; Win64; x64) AppleWebKit/537.36 (KHTML, like Gecko) Chrome/146.0.0.0 Safari/537.36', '::1', '2026-04-05 16:10:26', '2026-04-05 16:11:15', '2026-04-05 16:11:15'),
(35, 3, 'b2c5fcd4000db9879d8d5097e998e33631fca375d9c701aff03083cc9e1cead4', 'Mozilla/5.0 (Windows NT 10.0; Win64; x64) AppleWebKit/537.36 (KHTML, like Gecko) Chrome/146.0.0.0 Safari/537.36', '::1', '2026-04-05 16:11:19', '2026-04-05 16:11:50', '2026-04-05 16:11:50'),
(36, 14, '3e92dbafbc4c96d118561a8c45c01b287cbd4ec16e4578191229e6d08780ada9', 'Mozilla/5.0 (Windows NT 10.0; Win64; x64) AppleWebKit/537.36 (KHTML, like Gecko) Chrome/146.0.0.0 Safari/537.36', '::1', '2026-04-05 16:11:53', '2026-04-05 16:26:45', '2026-04-05 16:26:45'),
(37, 3, 'b261f0ecc7949be1cc93c23d724f375fadf47ce26c55a7d453c2fe7e36de682d', 'Mozilla/5.0 (Windows NT 10.0; Win64; x64) AppleWebKit/537.36 (KHTML, like Gecko) Chrome/146.0.0.0 Safari/537.36', '::1', '2026-04-05 16:26:50', '2026-04-05 16:27:32', '2026-04-05 16:27:32'),
(39, 16, '2083b7017d55c968fdeb7ff8242f9915ca24a4a3924f814e9fbf371a03516aa7', 'Mozilla/5.0 (Windows NT 10.0; Win64; x64) AppleWebKit/537.36 (KHTML, like Gecko) Chrome/146.0.0.0 Safari/537.36', '::1', '2026-04-05 16:27:35', '2026-04-05 16:27:58', '2026-04-05 16:27:58'),
(40, 3, '4094e531da351edce7b25bcf08c29ea950ef4c510199d50be720c8f62b0480dd', 'Mozilla/5.0 (Windows NT 10.0; Win64; x64) AppleWebKit/537.36 (KHTML, like Gecko) Chrome/146.0.0.0 Safari/537.36', '::1', '2026-04-05 16:28:01', '2026-04-05 16:58:47', '2026-04-05 16:58:47'),
(41, 16, 'a3cf175358fae5a272e7ce028d65cb7f2f6fb8a309f424eba87119b61f170d4a', 'Mozilla/5.0 (Windows NT 10.0; Win64; x64) AppleWebKit/537.36 (KHTML, like Gecko) Chrome/146.0.0.0 Safari/537.36', '::1', '2026-04-05 16:58:51', '2026-04-05 20:56:34', '2026-04-05 20:56:34'),
(53, 3, '71dd58b0faba0f30fb4daebf1bb4fc9dea14313dbf592989d07ada2f4dd93e3a', 'Mozilla/5.0 (Windows NT 10.0; Win64; x64) AppleWebKit/537.36 (KHTML, like Gecko) Chrome/146.0.0.0 Safari/537.36', '::1', '2026-04-05 20:56:38', '2026-04-05 21:00:04', '2026-04-05 21:00:04'),
(55, 3, '07f2884d758ec262744e7929d00092358882f7fc6259d78f996e6babae84a167', 'Mozilla/5.0 (Windows NT 10.0; Win64; x64) AppleWebKit/537.36 (KHTML, like Gecko) Chrome/146.0.0.0 Safari/537.36', '::1', '2026-04-05 21:00:06', '2026-04-05 21:32:32', '2026-04-05 21:32:32'),
(57, 3, '873c10e31d2fd37de5172a8d90ce0b4b721857491f0c3f4d3bb05fef211d5c28', 'Mozilla/5.0 (Windows NT 10.0; Win64; x64) AppleWebKit/537.36 (KHTML, like Gecko) Chrome/146.0.0.0 Safari/537.36', '::1', '2026-04-05 21:32:34', '2026-04-05 21:36:28', '2026-04-05 21:36:28'),
(58, 3, '058f637b72c6f70173bf94177379020d643b89ede283a98efb84e23ac162a948', 'Mozilla/5.0 (Windows NT 10.0; Win64; x64) AppleWebKit/537.36 (KHTML, like Gecko) Chrome/146.0.0.0 Safari/537.36', '::1', '2026-04-05 21:36:30', '2026-04-05 23:06:27', NULL),
(60, 3, '851d4daac21b324ca9210fbf13786a6b0957d46fd45e9c87d3a990b91633ddcc', 'Mozilla/5.0 (Windows NT 10.0; Win64; x64) AppleWebKit/537.36 (KHTML, like Gecko) Chrome/146.0.0.0 Safari/537.36', '::1', '2026-04-06 09:06:32', '2026-04-06 14:48:12', '2026-04-06 14:48:12'),
(61, 3, '14d7da93f018be8d6c45d9275d81ff91b5f7599485b9c3270142b19afef4c01f', 'Mozilla/5.0 (Windows NT 10.0; Win64; x64) AppleWebKit/537.36 (KHTML, like Gecko) Chrome/146.0.0.0 Safari/537.36', '::1', '2026-04-06 14:55:06', '2026-04-06 15:08:20', '2026-04-06 15:08:20'),
(62, 3, '64b4e7d88d9da748ba2dad9dcd44d261bebfe22b8f357ee87ec6293539124e0f', 'Mozilla/5.0 (Windows NT 10.0; Win64; x64) AppleWebKit/537.36 (KHTML, like Gecko) Chrome/146.0.0.0 Safari/537.36', '::1', '2026-04-06 15:14:04', '2026-04-06 21:39:58', '2026-04-06 21:39:58'),
(63, 3, '3d12a5aa7745d4fd672bc8a953c21a6f5b4fc620de480561e0f021b16f3a8ebd', 'Mozilla/5.0 (Windows NT 10.0; Win64; x64) AppleWebKit/537.36 (KHTML, like Gecko) Chrome/146.0.0.0 Safari/537.36', '::1', '2026-04-06 21:40:58', '2026-04-06 22:26:43', '2026-04-06 22:26:44'),
(64, 17, '63574bc609b126fd2efc4c54723aaaaaef04ceae0d9b88e889e1f8e4d4710c4a', 'Mozilla/5.0 (Windows NT 10.0; Win64; x64) AppleWebKit/537.36 (KHTML, like Gecko) Chrome/146.0.0.0 Safari/537.36', '::1', '2026-04-06 22:26:48', '2026-04-06 22:27:10', '2026-04-06 22:27:10'),
(65, 17, '364e12c47db2cad12496ae4d4d29f1d544cd4597edba8fab6ac3c7d21ec1e52e', 'Mozilla/5.0 (Windows NT 10.0; Win64; x64) AppleWebKit/537.36 (KHTML, like Gecko) Chrome/146.0.0.0 Safari/537.36', '::1', '2026-04-06 22:27:32', '2026-04-06 22:28:31', '2026-04-06 22:28:31'),
(66, 17, 'acae095b2f58a00c368d6145d65a66f32b5dde32a6c5a0ee8936c4005e40bce2', 'Mozilla/5.0 (Windows NT 10.0; Win64; x64) AppleWebKit/537.36 (KHTML, like Gecko) Chrome/146.0.0.0 Safari/537.36', '::1', '2026-04-06 22:32:06', '2026-04-06 22:37:48', NULL),
(68, 17, '8d037086e70730fb4a0485d4fd1abd92dad409c35badb3a3d7b35b3730ca9fb7', 'Mozilla/5.0 (Windows NT 10.0; Win64; x64) AppleWebKit/537.36 (KHTML, like Gecko) Chrome/146.0.0.0 Safari/537.36', '::1', '2026-04-07 08:24:17', '2026-04-07 08:25:56', '2026-04-07 08:25:56'),
(70, 16, '1a8a437dc2564bac69349822bb4759e9332c7dea432ab4940050209e0fa90096', 'Mozilla/5.0 (Windows NT 10.0; Win64; x64) AppleWebKit/537.36 (KHTML, like Gecko) Chrome/146.0.0.0 Safari/537.36', '::1', '2026-04-07 08:26:02', '2026-04-07 08:26:38', '2026-04-07 08:26:38'),
(71, 17, '0441a3d2c760eeba1b983959eaaaf0bb33d127afe58c58ccfc739915ab2d4905', 'Mozilla/5.0 (Windows NT 10.0; Win64; x64) AppleWebKit/537.36 (KHTML, like Gecko) Chrome/146.0.0.0 Safari/537.36', '::1', '2026-04-07 08:26:51', '2026-04-07 11:27:42', '2026-04-07 11:27:43'),
(72, 17, '7142b49c6dc980a01b08eedd846b72991c57347edd75564a171a5dc12aeb4d16', 'Mozilla/5.0 (Windows NT 10.0; Win64; x64) AppleWebKit/537.36 (KHTML, like Gecko) Chrome/146.0.0.0 Safari/537.36', '::1', '2026-04-07 11:29:18', '2026-04-07 22:15:45', '2026-04-07 22:15:46'),
(73, 16, 'b2dc2b8191cb6576192716a912a094c7e40d58de913c0762ac9c036367af73a2', 'Mozilla/5.0 (Windows NT 10.0; Win64; x64) AppleWebKit/537.36 (KHTML, like Gecko) Chrome/146.0.0.0 Safari/537.36', '::1', '2026-04-07 22:15:51', '2026-04-07 22:18:36', '2026-04-07 22:18:36'),
(74, 13, '51b6c5d96ea2eae519414009347ad5e193f555e61dc2058a16814b467a303ee4', 'Mozilla/5.0 (Windows NT 10.0; Win64; x64) AppleWebKit/537.36 (KHTML, like Gecko) Chrome/146.0.0.0 Safari/537.36', '::1', '2026-04-07 22:18:39', '2026-04-07 22:18:49', '2026-04-07 22:18:49'),
(75, 16, 'cb69cba283df615430e5ca5063d2d3336b484f31a515683707caef117bc4474a', 'Mozilla/5.0 (Windows NT 10.0; Win64; x64) AppleWebKit/537.36 (KHTML, like Gecko) Chrome/146.0.0.0 Safari/537.36', '::1', '2026-04-07 22:18:55', '2026-04-07 22:21:47', '2026-04-07 22:21:47'),
(77, 16, '4e4451fc811b2fb3ee0382c0bb25173df9c9993eee224a615767e919e73b6e31', 'Mozilla/5.0 (Windows NT 10.0; Win64; x64) AppleWebKit/537.36 (KHTML, like Gecko) Chrome/146.0.0.0 Safari/537.36', '::1', '2026-04-07 22:21:49', '2026-04-07 22:33:45', '2026-04-07 22:33:45'),
(78, 16, '9c615765c3b8d6e6e1325869c0f64b8b66fa2d149c436b684102da229d4adf13', 'Mozilla/5.0 (Windows NT 10.0; Win64; x64) AppleWebKit/537.36 (KHTML, like Gecko) Chrome/146.0.0.0 Safari/537.36', '::1', '2026-04-07 22:33:50', '2026-04-07 22:33:54', '2026-04-07 22:33:54'),
(79, 17, 'ff1aa736042185ba0f8fc3e33578bc83a428980279483d4efad9be5dc480b834', 'Mozilla/5.0 (Windows NT 10.0; Win64; x64) AppleWebKit/537.36 (KHTML, like Gecko) Chrome/146.0.0.0 Safari/537.36', '::1', '2026-04-07 22:34:00', '2026-04-07 22:40:07', '2026-04-07 22:40:07'),
(80, 16, '256c99847af7544df082549886cb62c01d471e9ee37e005bae07f4c9548f2a25', 'Mozilla/5.0 (Windows NT 10.0; Win64; x64) AppleWebKit/537.36 (KHTML, like Gecko) Chrome/146.0.0.0 Safari/537.36', '::1', '2026-04-07 22:40:12', '2026-04-07 23:00:34', '2026-04-07 23:00:34'),
(82, 13, '6fd6047de2680633fb2435fae87afdfc4fa1874428819359ce1d650a558ccb06', 'Mozilla/5.0 (Windows NT 10.0; Win64; x64) AppleWebKit/537.36 (KHTML, like Gecko) Chrome/146.0.0.0 Safari/537.36', '::1', '2026-04-07 23:00:40', '2026-04-07 23:02:00', NULL),
(83, 13, '261d9ac867c0832888e145c7561e2f307ffb98765d3d0e1180dbf3381f32de83', 'Mozilla/5.0 (Windows NT 10.0; Win64; x64) AppleWebKit/537.36 (KHTML, like Gecko) Chrome/146.0.0.0 Safari/537.36', '::1', '2026-04-09 10:11:54', '2026-04-09 10:11:56', NULL),
(84, 13, '79a03ff3b3e56aa14d27ad8360056841c8c7697a8ab8efa0dd6a4a86579ff22e', 'Mozilla/5.0 (Windows NT 10.0; Win64; x64) AppleWebKit/537.36 (KHTML, like Gecko) Chrome/146.0.0.0 Safari/537.36', '::1', '2026-04-09 23:38:21', '2026-04-09 16:52:29', '2026-04-09 16:52:29'),
(85, 13, '3da8d96318951b4c3a35f76bd2de7f45a9a417a6cd57117ac02424aa7f76956e', 'Mozilla/5.0 (Windows NT 10.0; Win64; x64) AppleWebKit/537.36 (KHTML, like Gecko) Chrome/146.0.0.0 Safari/537.36', '::1', '2026-04-09 23:52:32', '2026-04-09 17:22:45', NULL),
(86, 13, 'd6ee32601d130b2f7ddd2a4e270e7045ab30aab6ba34c137836d1d37aa7d744c', 'Mozilla/5.0 (Windows NT 10.0; Win64; x64) AppleWebKit/537.36 (KHTML, like Gecko) Chrome/146.0.0.0 Safari/537.36', '::1', '2026-04-10 00:13:43', '2026-04-10 00:13:46', NULL),
(87, 13, '23e5ad3925a1b6a2cc27c3d5c3e35c2b8846b624bc340a9035d42f114fc33d6e', 'Mozilla/5.0 (Windows NT 10.0; Win64; x64) AppleWebKit/537.36 (KHTML, like Gecko) Chrome/146.0.0.0 Safari/537.36', '::1', '2026-04-10 10:39:00', '2026-04-10 12:07:14', '2026-04-10 12:07:15'),
(88, 13, 'b0d9149025979ab3e5f185d8ac97284f6486bfe35bf0a816670917cd02c3baa0', 'Mozilla/5.0 (Windows NT 10.0; Win64; x64) AppleWebKit/537.36 (KHTML, like Gecko) Chrome/146.0.0.0 Safari/537.36', '::1', '2026-04-10 10:39:19', '2026-04-10 06:00:37', NULL),
(89, 14, '3a383a831f45c7ad22d39ee0a41918962a90c7718cee6452e91d1bee4870bcc9', 'Mozilla/5.0 (Windows NT 10.0; Win64; x64) AppleWebKit/537.36 (KHTML, like Gecko) Chrome/146.0.0.0 Safari/537.36', '::1', '2026-04-10 12:07:20', '2026-04-10 12:07:36', '2026-04-10 12:07:36'),
(90, 16, 'eb59c4f60b7a3cb38f1eec90025117699e82c8b71b9b622b009d4eb689f08e57', 'Mozilla/5.0 (Windows NT 10.0; Win64; x64) AppleWebKit/537.36 (KHTML, like Gecko) Chrome/146.0.0.0 Safari/537.36', '::1', '2026-04-10 12:07:42', '2026-04-10 12:07:47', '2026-04-10 12:07:47'),
(91, 17, '4723ab6b9160599f41f2697834ac6959cf2fa2699402be473e5b54bde56568e6', 'Mozilla/5.0 (Windows NT 10.0; Win64; x64) AppleWebKit/537.36 (KHTML, like Gecko) Chrome/146.0.0.0 Safari/537.36', '::1', '2026-04-10 12:07:54', '2026-04-10 12:29:03', NULL),
(92, 17, '1e00a75fb56936a501d223f4b151656c53692851b40d319f0fdc819162359d5a', 'Mozilla/5.0 (Windows NT 10.0; Win64; x64) AppleWebKit/537.36 (KHTML, like Gecko) Code/1.115.0 Chrome/142.0.7444.265 Electron/39.8.5 Safari/537.36', '::1', '2026-04-10 12:08:01', '2026-04-10 05:32:40', '2026-04-10 05:32:40'),
(93, 17, 'a988f61f65cbd9d68c23a84db9b4b5e068d2889b04b9484ab2a131d7d27c584d', 'Mozilla/5.0 (Windows NT 10.0; Win64; x64) AppleWebKit/537.36 (KHTML, like Gecko) Chrome/146.0.0.0 Safari/537.36', '::1', '2026-04-13 23:30:35', '2026-04-13 23:35:58', NULL),
(94, 17, '56a2fac72ba8be7c3f20becc0da5a234dcaa88da7d70f5e9a6088009b01ebbd9', 'Mozilla/5.0 (Windows NT 10.0; Win64; x64) AppleWebKit/537.36 (KHTML, like Gecko) Chrome/146.0.0.0 Safari/537.36', '::1', '2026-04-13 23:30:54', '2026-04-13 17:05:34', NULL),
(95, 17, 'e413baaa5fe0bcbc853e5408db2a07c2f786ba280c18ab2317a7f234dbdc0f94', 'Mozilla/5.0 (Windows NT 10.0; Win64; x64) AppleWebKit/537.36 (KHTML, like Gecko) Chrome/147.0.0.0 Safari/537.36', '::1', '2026-04-20 12:44:15', '2026-04-20 06:39:14', NULL),
(96, 17, '0dfb84d88836b4a67bf8fda5de5e05cdcecdc015c85a549b77274f162bf00e16', 'Mozilla/5.0 (Windows NT 10.0; Win64; x64) AppleWebKit/537.36 (KHTML, like Gecko) Chrome/147.0.0.0 Safari/537.36', '::1', '2026-04-20 13:27:00', '2026-04-20 06:27:01', NULL),
(97, 17, '9a8d1f074f3d69835a40899344f10f807254ab08cec4cdeaadea64eb53a4e3df', 'Mozilla/5.0 (Windows NT 10.0; Win64; x64) AppleWebKit/537.36 (KHTML, like Gecko) Chrome/147.0.0.0 Safari/537.36', '::1', '2026-04-20 15:41:08', '2026-04-20 09:19:15', NULL),
(98, 17, '37fc41ea9197c84fc8924f0d6287cf17d4cf13e35b90cddfc21dcab3441aaf52', 'Mozilla/5.0 (Windows NT 10.0; Win64; x64) AppleWebKit/537.36 (KHTML, like Gecko) Chrome/147.0.0.0 Safari/537.36', '::1', '2026-04-20 20:44:10', '2026-04-20 13:51:39', '2026-04-20 13:51:39'),
(99, 17, '4499c8918967a1f2b08895f6f9d76761ced37f36a758f29b9749edb5962f3689', 'Mozilla/5.0 (Windows NT 10.0; Win64; x64) AppleWebKit/537.36 (KHTML, like Gecko) Chrome/147.0.0.0 Safari/537.36', '::1', '2026-04-20 20:51:45', '2026-04-20 13:51:47', NULL),
(100, 17, '08176ed7383f20aae22f3d2d918e4ade5fd40fbea4ea6babe24da5c1195f0c0e', 'Mozilla/5.0 (Windows NT 10.0; Win64; x64) AppleWebKit/537.36 (KHTML, like Gecko) Chrome/147.0.0.0 Safari/537.36', '::1', '2026-04-20 20:52:01', '2026-04-20 14:09:08', '2026-04-20 14:09:08'),
(101, 17, 'ac34ec4d6d06aba7fae5df69274e655d6ed380692ff4f87611145fcf6546ba1c', 'Mozilla/5.0 (Windows NT 10.0; Win64; x64) AppleWebKit/537.36 (KHTML, like Gecko) Chrome/147.0.0.0 Safari/537.36', '::1', '2026-04-20 21:09:13', '2026-04-20 15:19:29', '2026-04-20 15:19:37'),
(102, 17, '402d0efc348a322c23bdfb1e8f1f11d96e2f342219f11abe509f0693534908a0', 'Mozilla/5.0 (Windows NT 10.0; Win64; x64) AppleWebKit/537.36 (KHTML, like Gecko) Chrome/147.0.0.0 Safari/537.36', '::1', '2026-04-20 22:19:41', '2026-04-20 15:44:51', NULL),
(103, 17, '2543024d5472f479504392cfec456e804175f37232d1044cc8f39b00232aa85a', 'Mozilla/5.0 (Windows NT 10.0; Win64; x64) AppleWebKit/537.36 (KHTML, like Gecko) Chrome/147.0.0.0 Safari/537.36', '::1', '2026-04-21 09:35:27', '2026-04-21 09:36:51', '2026-04-21 09:36:51'),
(105, 17, 'a3e8be810ebf51a76efd5cf77b6f354be032e18623a6e56705fa741d50216b4b', 'Mozilla/5.0 (Windows NT 10.0; Win64; x64) AppleWebKit/537.36 (KHTML, like Gecko) Chrome/147.0.0.0 Safari/537.36', '::1', '2026-04-21 09:37:17', '2026-04-21 09:41:16', '2026-04-21 09:41:16'),
(106, 17, '1521c80905472574ff11bd48d69a0d70bfea64c733e5296d87be840f1c9d9ba1', 'Mozilla/5.0 (Windows NT 10.0; Win64; x64) AppleWebKit/537.36 (KHTML, like Gecko) Chrome/147.0.0.0 Safari/537.36', '::1', '2026-04-21 09:42:09', '2026-04-21 20:47:57', '2026-04-21 20:47:57'),
(109, 17, '0dc5d74294860ebf2efb2d2626938e0e0850b20bc251f42a87f6ac7454428722', 'Mozilla/5.0 (Windows NT 10.0; Win64; x64) AppleWebKit/537.36 (KHTML, like Gecko) Chrome/147.0.0.0 Safari/537.36', '::1', '2026-04-21 20:48:13', '2026-04-21 20:53:13', '2026-04-21 20:53:14'),
(110, 17, '9c7707687a4ccaca7a206da6b55cc26762ad548d153391d5020d5ea6cc1eda37', 'Mozilla/5.0 (Windows NT 10.0; Win64; x64) AppleWebKit/537.36 (KHTML, like Gecko) Chrome/147.0.0.0 Safari/537.36', '::1', '2026-04-21 20:54:58', '2026-04-22 02:00:58', NULL),
(112, 17, 'c2bca0f43680e896c03ad701225be9e3e9ab3e8af2cd23a2f9cfabfeaa0eefbd', 'Mozilla/5.0 (Windows NT 10.0; Win64; x64) AppleWebKit/537.36 (KHTML, like Gecko) Chrome/147.0.0.0 Safari/537.36', '::1', '2026-04-21 21:27:39', '2026-04-21 14:47:13', NULL),
(113, 17, '9ec0f285346592c630056a8d028634825d5e31581374768f8e08da9ea9cbe66b', 'Mozilla/5.0 (Windows NT 10.0; Win64; x64) AppleWebKit/537.36 (KHTML, like Gecko) Chrome/147.0.0.0 Safari/537.36', '::1', '2026-04-22 10:00:24', '2026-04-22 10:08:12', '2026-04-22 10:08:12'),
(114, 16, '4ec19755bb6187858dfd9e33e6d990771de13da4ea6cf14ed0e6dd9e2438b3a3', 'Mozilla/5.0 (Windows NT 10.0; Win64; x64) AppleWebKit/537.36 (KHTML, like Gecko) Chrome/147.0.0.0 Safari/537.36', '::1', '2026-04-22 10:08:19', '2026-04-22 10:11:58', '2026-04-22 10:11:58'),
(115, 16, '5b3b31ad5c7a93869c336e06f14e1cac51a56ae46698a943c7e6aac199597084', 'Mozilla/5.0 (Windows NT 10.0; Win64; x64) AppleWebKit/537.36 (KHTML, like Gecko) Chrome/147.0.0.0 Safari/537.36', '::1', '2026-04-22 10:16:11', '2026-04-22 10:16:23', '2026-04-22 10:16:23'),
(116, 17, '00312bd7770aa5f3b9690d2fe1c85aaa2529ba82135382bc8522ac4aaff0a5a9', 'Mozilla/5.0 (Windows NT 10.0; Win64; x64) AppleWebKit/537.36 (KHTML, like Gecko) Chrome/147.0.0.0 Safari/537.36', '::1', '2026-04-22 10:16:29', '2026-04-22 10:20:41', NULL),
(117, 17, 'e7346674c5b57dd48ed407c4a3aa7fa96857482a3925ad49affa3e9273a40c57', 'Mozilla/5.0 (Windows NT 10.0; Win64; x64) AppleWebKit/537.36 (KHTML, like Gecko) Chrome/147.0.0.0 Safari/537.36', '::1', '2026-04-22 13:21:05', '2026-04-22 13:27:15', '2026-04-22 13:27:15'),
(118, 17, 'e6a291189f388f3ce45b88e72c2f0cf121af96d9f47acf8bffb9468407c4c0fa', 'Mozilla/5.0 (Windows NT 10.0; Win64; x64) AppleWebKit/537.36 (KHTML, like Gecko) Chrome/147.0.0.0 Safari/537.36', '::1', '2026-04-22 13:31:09', '2026-04-22 13:31:27', '2026-04-22 13:31:27'),
(119, 17, 'c4ffed6ecc0fb8ef9e8afea7387322cb052f38dae3d19c8ea26ad6e2b1974860', 'Mozilla/5.0 (Windows NT 10.0; Win64; x64) AppleWebKit/537.36 (KHTML, like Gecko) Chrome/147.0.0.0 Safari/537.36', '::1', '2026-04-22 13:32:00', '2026-04-22 13:43:15', NULL),
(120, 17, '507fdba898cde9d9ddf081d2c3764064c3376ad2c163acdba2e0eec33e09418f', 'Mozilla/5.0 (Windows NT 10.0; Win64; x64) AppleWebKit/537.36 (KHTML, like Gecko) Chrome/147.0.0.0 Safari/537.36', '::1', '2026-04-27 21:25:13', '2026-04-27 23:57:08', '2026-04-27 23:57:08'),
(121, 19, '13e65dcacf19554beedcce9fb137f0a00504a241bea93e4dcd35ee48404af1ef', 'Mozilla/5.0 (Windows NT; Windows NT 10.0; en-US) WindowsPowerShell/5.1.19041.6456', '::1', '2026-04-27 21:55:13', '2026-04-27 21:55:13', NULL),
(122, 19, '5321ea6b7295f0432662c69e0d403df4720d395c9036640a678043aec9d3fd58', 'Mozilla/5.0 (Windows NT; Windows NT 10.0; en-US) WindowsPowerShell/5.1.19041.6456', '::1', '2026-04-27 21:56:12', '2026-04-27 21:56:12', NULL),
(123, 20, '0cf52cc45e4e380b03d2a3c749c08bb7788fecf53aac54a8f0ce4fc1bda09b40', 'Mozilla/5.0 (Windows NT; Windows NT 10.0; en-US) WindowsPowerShell/5.1.19041.6456', '::1', '2026-04-27 22:05:50', '2026-04-27 22:05:50', NULL),
(124, 21, '08499f8313f18e426d5b728871434cdd6ebb44a741f723c8a9564b8c7a9f800a', 'Mozilla/5.0 (Windows NT; Windows NT 10.0; en-US) WindowsPowerShell/5.1.19041.6456', '::1', '2026-04-27 22:14:46', '2026-04-27 22:14:47', NULL),
(125, 22, '58c4c03074025284690e8a3048b361d2cdbd8f1e045a4a917a0da0f4d15a09aa', 'Mozilla/5.0 (Windows NT; Windows NT 10.0; en-US) WindowsPowerShell/5.1.19041.6456', '::1', '2026-04-27 22:29:55', '2026-04-27 22:29:55', NULL),
(126, 23, '65be93b0b9aef38da6c10286d685cbeeeca75f56cf4d678a41412f70c35c5a3e', 'Mozilla/5.0 (Windows NT; Windows NT 10.0; en-US) WindowsPowerShell/5.1.19041.6456', '127.0.0.1', '2026-04-27 23:13:10', '2026-04-27 23:13:10', NULL),
(127, 24, '042ec91e5924294193b57ac45ee8aa4cb6e12da5ea89da90acff669c2a8fe882', 'Mozilla/5.0 (Windows NT; Windows NT 10.0; en-US) WindowsPowerShell/5.1.19041.6456', '127.0.0.1', '2026-04-27 23:26:05', '2026-04-27 23:26:05', NULL),
(128, 27, '83349b64d5dd325a5929cdf68b89cf8e8e979a18539844d2763dfb49c5077f5e', 'Mozilla/5.0 (Windows NT; Windows NT 10.0; en-US) WindowsPowerShell/5.1.19041.6456', '127.0.0.1', '2026-04-27 23:55:02', '2026-04-27 23:55:03', NULL),
(129, 17, 'b412a5378af0764ced043191634147919b37b4b3c1c0dc583b8345e8b2e6c50c', 'Mozilla/5.0 (Windows NT 10.0; Win64; x64) AppleWebKit/537.36 (KHTML, like Gecko) Chrome/147.0.0.0 Safari/537.36', '::1', '2026-04-27 23:57:14', '2026-04-28 00:36:37', '2026-04-28 00:36:37'),
(130, 28, '8d8bac38b4021fed60fb32f53f7611848ccd7ac7e993def8faa405d1ccb19ebc', 'Mozilla/5.0 (Windows NT; Windows NT 10.0; en-US) WindowsPowerShell/5.1.19041.6456', '127.0.0.1', '2026-04-28 00:19:06', '2026-04-28 00:36:24', '2026-04-28 00:36:24'),
(131, 17, 'a2ab96dc5dbd940a9d11d2174be77619decce7b75273e0260bae9050cea84f2a', 'Mozilla/5.0 (Windows NT 10.0; Win64; x64) AppleWebKit/537.36 (KHTML, like Gecko) Chrome/147.0.0.0 Safari/537.36', '::1', '2026-04-28 00:36:40', '2026-04-28 00:36:48', NULL),
(132, 29, '200b72ccaa07f1b800c9e7a781c92b63db824967de59861f9111c5d7e5de4020', 'Mozilla/5.0 (Windows NT; Windows NT 10.0; en-US) WindowsPowerShell/5.1.19041.6456', '127.0.0.1', '2026-04-28 08:32:33', '2026-04-28 09:07:29', '2026-04-28 09:07:30'),
(133, 30, '5b73e8366f6b5341bad099a13784c40e7dd61aa396a7ef6327769de1ed8b2d1b', 'Mozilla/5.0 (Windows NT; Windows NT 10.0; en-US) WindowsPowerShell/5.1.19041.6456', '127.0.0.1', '2026-04-28 08:38:07', '2026-04-29 00:23:22', NULL),
(134, 31, 'be183cbb643c55ccf30ebd6aa4d9320b9d66a0ba182f200030b18e5bb7b9ccf0', 'Mozilla/5.0 (Windows NT; Windows NT 10.0; en-US) WindowsPowerShell/5.1.19041.6456', '127.0.0.1', '2026-04-28 08:39:05', '2026-04-28 08:39:05', NULL),
(135, 32, 'e2a6b3ffbc5aec468cbfac379db73322223d41ea63dc7f9bb205b9f87bb849b0', 'Mozilla/5.0 (Windows NT; Windows NT 10.0; en-US) WindowsPowerShell/5.1.19041.6456', '127.0.0.1', '2026-04-28 08:39:22', '2026-04-28 08:39:22', NULL),
(136, 33, '1662e3f27bba474c320b3dc18894131d995f402745b7e9951ce2ec4a5997f9e7', 'Mozilla/5.0 (Windows NT; Windows NT 10.0; en-US) WindowsPowerShell/5.1.19041.6456', '127.0.0.1', '2026-04-28 08:41:19', '2026-04-28 08:41:19', NULL),
(137, 34, '153c210f20f26a440fc06efa4a4bff980fb19a2050c1a49e8c614cd5c3269baa', 'Mozilla/5.0 (Windows NT; Windows NT 10.0; en-US) WindowsPowerShell/5.1.19041.6456', '127.0.0.1', '2026-04-28 08:44:35', '2026-04-28 08:44:35', NULL),
(138, 35, '7939186290d5b8b2ea0babbd573db9a683d5b0fa065d72519aa882346a4073a4', 'Mozilla/5.0 (Windows NT; Windows NT 10.0; en-US) WindowsPowerShell/5.1.19041.6456', '127.0.0.1', '2026-04-28 08:44:52', '2026-04-28 08:44:52', NULL),
(139, 17, '2f78613ba8f0ecadf0912dec7b394fd774634ed4a1adaee7e0fd6f9a23bc15b4', 'Mozilla/5.0 (Windows NT 10.0; Win64; x64) AppleWebKit/537.36 (KHTML, like Gecko) Chrome/147.0.0.0 Safari/537.36', '127.0.0.1', '2026-04-28 09:09:31', '2026-04-29 00:24:22', NULL),
(144, 17, '404fe55306846d965da2bfcc03021acc3c84044c3d6927d3e8ec69d4c5ad1b9c', 'Mozilla/5.0 (Windows NT 10.0; Win64; x64) AppleWebKit/537.36 (KHTML, like Gecko) Chrome/147.0.0.0 Safari/537.36', '::1', '2026-04-29 09:03:37', '2026-04-29 10:58:21', NULL),
(145, 17, 'c2c85fe23153ff4768d87dbfe194137e697ba0b941f345b55808697793992d6b', 'Mozilla/5.0 (Windows NT 10.0; Win64; x64) AppleWebKit/537.36 (KHTML, like Gecko) Chrome/147.0.0.0 Safari/537.36', '::1', '2026-05-02 00:40:12', '2026-05-01 17:44:29', NULL),
(146, 17, '033f452ef43bf5f206e5a233eed5b3a4eb8e40e9a5a5c32deab5192b00486215', 'Mozilla/5.0 (Windows NT 10.0; Win64; x64) AppleWebKit/537.36 (KHTML, like Gecko) Chrome/147.0.0.0 Safari/537.36', '::1', '2026-05-02 21:14:25', '2026-05-02 15:19:20', NULL),
(147, 17, '8448fbf76a7bdde55681771c7473fd19dae10239e6ec70723257eb9d28259288', 'Mozilla/5.0 (Windows NT 10.0; Win64; x64) AppleWebKit/537.36 (KHTML, like Gecko) Chrome/147.0.0.0 Safari/537.36', '::1', '2026-05-03 19:39:39', '2026-05-03 13:57:49', '2026-05-03 13:57:49'),
(148, 17, '1190c2eb043813878023a7444d63e89a9a5ca61dede97c83dc8a8f85cc63de31', 'Mozilla/5.0 (Windows NT 10.0; Win64; x64) AppleWebKit/537.36 (KHTML, like Gecko) Chrome/147.0.0.0 Safari/537.36', '::1', '2026-05-03 19:54:04', '2026-05-03 21:59:34', NULL),
(149, 17, '83da279f7bdcc1e8db6b52db29beca383aaafb958c56c5de889bb213463de232', 'Mozilla/5.0 (Windows NT 10.0; Win64; x64) AppleWebKit/537.36 (KHTML, like Gecko) Chrome/147.0.0.0 Safari/537.36', '::1', '2026-05-03 20:57:54', '2026-05-03 15:24:14', '2026-05-03 15:24:14'),
(150, 17, '900a0ae8bd63b0d6bf18da4fab5b2728e28869e4f82dfeb73496e5ab86d4266d', 'Mozilla/5.0 (Windows NT 10.0; Win64; x64) AppleWebKit/537.36 (KHTML, like Gecko) Chrome/147.0.0.0 Safari/537.36', '::1', '2026-05-03 22:24:18', '2026-05-03 16:54:49', '2026-05-03 16:54:55'),
(151, 16, '257d13f872d208d1854bcab667b40ff17d0ce88faa421f087d3dbfeeff6cf6d4', 'Mozilla/5.0 (Windows NT 10.0; Win64; x64) AppleWebKit/537.36 (KHTML, like Gecko) Chrome/147.0.0.0 Safari/537.36', '::1', '2026-05-03 23:55:01', '2026-05-03 17:20:27', NULL),
(152, 16, '87326d48a028af540a660429c60b1204b504ffa20bee45b09b0548d68dcfa8c4', 'Mozilla/5.0 (Windows NT 10.0; Win64; x64) AppleWebKit/537.36 (KHTML, like Gecko) Chrome/147.0.0.0 Safari/537.36', '::1', '2026-05-04 13:47:48', '2026-05-04 07:03:33', NULL),
(153, 17, '15c81107dd2722513d60270353cf8f507b19d9dbd4ef3e8bf18482b7d81ad6cb', 'Mozilla/5.0 (Windows NT 10.0; Win64; x64) AppleWebKit/537.36 (KHTML, like Gecko) Chrome/147.0.0.0 Safari/537.36', '::1', '2026-05-05 21:32:12', '2026-05-05 14:47:08', '2026-05-05 14:47:09'),
(154, 17, 'b75414ffc1af739f041c3ee919ccd7bf73e02592c4c6545ed729800b6705619e', 'Mozilla/5.0 (Windows NT 10.0; Win64; x64) AppleWebKit/537.36 (KHTML, like Gecko) Chrome/147.0.0.0 Safari/537.36', '::1', '2026-05-05 21:47:22', '2026-05-05 18:52:44', NULL),
(155, 17, '7a64ae661737cd1ec1a116e2dc0bdff17bdf8b13496ea4c0aaca9c475d6b67bc', 'Mozilla/5.0 (Windows NT 10.0; Win64; x64) AppleWebKit/537.36 (KHTML, like Gecko) Code/1.118.1 Chrome/142.0.7444.265 Electron/39.8.8 Safari/537.36', '::1', '2026-05-05 22:22:06', '2026-05-05 15:54:09', NULL),
(156, 17, 'ef6972be7d89ec0eb65791ed832fdc909e1a635fd0a04b5c58365e99bf306dd3', 'Mozilla/5.0 (Windows NT 10.0; Win64; x64) AppleWebKit/537.36 (KHTML, like Gecko) Code/1.118.1 Chrome/142.0.7444.265 Electron/39.8.8 Safari/537.36', '::1', '2026-05-06 00:41:48', '2026-05-05 18:40:52', NULL),
(157, 17, '2b777c97f43ef8fc85047ae400c9c1502b985c30a0a422c23b531d1e31132fdb', 'Mozilla/5.0 (Windows NT 10.0; Win64; x64) AppleWebKit/537.36 (KHTML, like Gecko) Chrome/147.0.0.0 Safari/537.36', '::1', '2026-05-06 10:28:29', '2026-05-06 07:44:04', NULL),
(158, 17, 'eb859a6b8b1dfb461233453454020e58c6398125b68dcbe30c657f0f9442fb6a', 'Mozilla/5.0 (Windows NT 10.0; Win64; x64) AppleWebKit/537.36 (KHTML, like Gecko) Code/1.118.1 Chrome/142.0.7444.265 Electron/39.8.8 Safari/537.36', '::1', '2026-05-06 10:57:06', '2026-05-06 03:57:08', NULL),
(159, 17, '5b009d1d0dadc2a01ab31568aaf624271b20c8753415f98002c3a5145925e3b7', 'Mozilla/5.0 (Windows NT 10.0; Win64; x64) AppleWebKit/537.36 (KHTML, like Gecko) Chrome/147.0.0.0 Safari/537.36', '::1', '2026-05-06 20:46:13', '2026-05-06 16:25:37', '2026-05-06 16:25:37'),
(160, 17, '9b5ee7b6498f5314b93052a0a905cb24bccf1bca443be34a6dd4b9de2f7a4e97', 'Mozilla/5.0 (Windows NT 10.0; Win64; x64) AppleWebKit/537.36 (KHTML, like Gecko) Chrome/147.0.0.0 Safari/537.36', '::1', '2026-05-06 22:25:49', '2026-05-06 22:31:05', '2026-05-06 22:31:05'),
(161, 17, '5bf03e524928f46af3d93544a62050ad8be4fe1f8de6d4410d0cbcfc6e859dd2', 'Mozilla/5.0 (Windows NT 10.0; Win64; x64) AppleWebKit/537.36 (KHTML, like Gecko) Chrome/147.0.0.0 Safari/537.36', '::1', '2026-05-06 22:31:07', '2026-05-06 23:53:28', NULL),
(162, 17, '0c24ad290252208297ea240f7a7c9e288135bca3485c9c6dd69d2d8c51713061', 'Mozilla/5.0 (Windows NT 10.0; Win64; x64) AppleWebKit/537.36 (KHTML, like Gecko) Chrome/147.0.0.0 Safari/537.36', '::1', '2026-05-06 23:26:00', '2026-05-06 17:14:22', '2026-05-06 17:15:21'),
(163, 17, '3c4cc05109af1c30c3e84ac92116e7555bd14089be0c9c4566f791eb31951e80', 'Mozilla/5.0 (Windows NT 10.0; Win64; x64) AppleWebKit/537.36 (KHTML, like Gecko) Chrome/147.0.0.0 Safari/537.36', '::1', '2026-05-07 00:16:44', '2026-05-06 17:27:43', NULL),
(164, 17, 'a1ee552d230f897142a01c5d1e51a44457d02ac7b300bef2a68d3e214241c1f5', 'Mozilla/5.0 (Windows NT 10.0; Win64; x64) AppleWebKit/537.36 (KHTML, like Gecko) Chrome/147.0.0.0 Safari/537.36', '::1', '2026-05-07 20:28:30', '2026-05-07 13:58:17', '2026-05-07 13:58:24'),
(165, 17, '3903a59e246a76338950f16263b92ba5862c07e13bb30469b9118b8b8a90c1ec', 'Mozilla/5.0 (Windows NT 10.0; Win64; x64) AppleWebKit/537.36 (KHTML, like Gecko) Chrome/147.0.0.0 Safari/537.36', '::1', '2026-05-07 20:58:28', '2026-05-07 13:58:29', '2026-05-07 13:58:35'),
(166, 17, '9fa72d254d052117fc5f375e85066e596ae546bb0dde2bebdaac2b6cc6d609c3', 'Mozilla/5.0 (Windows NT 10.0; Win64; x64) AppleWebKit/537.36 (KHTML, like Gecko) Chrome/147.0.0.0 Safari/537.36', '::1', '2026-05-07 20:58:45', '2026-05-07 13:58:46', '2026-05-07 13:58:53'),
(167, 17, 'fc5077c934e019c78e4c6bbfb71279264afdc276c6978dc2e574931cd5d8a425', 'Mozilla/5.0 (Windows NT 10.0; Win64; x64) AppleWebKit/537.36 (KHTML, like Gecko) Chrome/147.0.0.0 Safari/537.36', '::1', '2026-05-07 21:09:26', '2026-05-07 15:48:26', '2026-05-07 15:48:26'),
(168, 17, '0f812f5c6eacff0f92ed9ad7d436f8ee0fdf769ecbb3f75773183f1e7d34ca01', 'Mozilla/5.0 (Windows NT 10.0; Win64; x64) AppleWebKit/537.36 (KHTML, like Gecko) Chrome/147.0.0.0 Safari/537.36', '::1', '2026-05-07 23:03:34', '2026-05-07 16:04:57', '2026-05-07 16:04:57'),
(169, 17, '4776ee6ca75bd4f109eac3b2306632cae391c04aa2bd2a27368f8e7d62bf7515', 'Mozilla/5.0 (Windows NT 10.0; Win64; x64) AppleWebKit/537.36 (KHTML, like Gecko) Chrome/147.0.0.0 Safari/537.36', '::1', '2026-05-07 23:06:36', '2026-05-07 16:28:51', NULL),
(170, 17, 'c7faefd11f7ef3052869cd99692930bf6164797946221fa3d5dcdfcba9694b8a', 'Mozilla/5.0 (Windows NT 10.0; Win64; x64) AppleWebKit/537.36 (KHTML, like Gecko) Chrome/147.0.0.0 Safari/537.36', '::1', '2026-05-08 09:34:25', '2026-05-08 02:44:48', NULL),
(171, 17, '00397cf1e74b2cb5309ba92e4bf99f9cb421e61a2f4e41605baaa6ed4f68dc31', 'Mozilla/5.0 (Windows NT 10.0; Win64; x64) AppleWebKit/537.36 (KHTML, like Gecko) Chrome/148.0.0.0 Safari/537.36', '::1', '2026-05-09 13:35:39', '2026-05-09 07:31:15', '2026-05-09 07:31:16'),
(172, 16, '6e157ef18b67e49aac768cc51d94a4ad01d01fc1c2a35faf5d5fb7512e653456', 'Mozilla/5.0 (Windows NT 10.0; Win64; x64) AppleWebKit/537.36 (KHTML, like Gecko) Chrome/148.0.0.0 Safari/537.36', '::1', '2026-05-09 14:31:21', '2026-05-09 07:31:23', NULL),
(173, 17, '95a8db340d60c4821bdfd493c12c7f2979fbebcede4343c6aa1da588a7bba919', 'Mozilla/5.0 (Windows NT 10.0; Win64; x64) AppleWebKit/537.36 (KHTML, like Gecko) Chrome/148.0.0.0 Safari/537.36', '::1', '2026-05-09 22:51:11', '2026-05-09 16:07:57', NULL),
(174, 17, '8ae96aae4f2de5d7047fea246d6c65733a77dd3e04e765f9a487510a7d0ad546', 'Mozilla/5.0 (Windows NT 10.0; Win64; x64) AppleWebKit/537.36 (KHTML, like Gecko) Chrome/148.0.0.0 Safari/537.36', '::1', '2026-05-10 07:38:04', '2026-05-10 00:38:06', NULL),
(175, 17, '578d19884d795b20e55b2980e0ddd9791149003acd3c0bff105e71d94c42324d', 'Mozilla/5.0 (Windows NT 10.0; Win64; x64) AppleWebKit/537.36 (KHTML, like Gecko) Chrome/148.0.0.0 Safari/537.36', '::1', '2026-05-10 11:13:00', '2026-05-10 04:13:00', NULL),
(176, 17, '1fde28d8b04c6159b616637965711e99d907eeb9f75707785a23f22b07b91c31', 'Mozilla/5.0 (Windows NT 10.0; Win64; x64) AppleWebKit/537.36 (KHTML, like Gecko) Chrome/148.0.0.0 Safari/537.36', '::1', '2026-05-10 11:13:00', '2026-05-10 04:30:03', '2026-05-10 04:30:03'),
(177, 17, '9207048a9ccbef3b3b005c07d9fa509efa6258b04ea37db0fc798350ff6f0578', 'Mozilla/5.0 (Windows NT 10.0; Win64; x64) AppleWebKit/537.36 (KHTML, like Gecko) Chrome/148.0.0.0 Safari/537.36', '::1', '2026-05-10 11:31:17', '2026-05-10 04:50:21', NULL),
(178, 17, 'c62079db4bb82bd467377f3dcec28e3945a797d7dc87e15e2d4880226f6b7a30', 'Mozilla/5.0 (Windows NT 10.0; Win64; x64) AppleWebKit/537.36 (KHTML, like Gecko) Chrome/149.0.0.0 Safari/537.36', '::1', '2026-06-13 13:19:25', '2026-06-13 06:22:50', '2026-06-13 06:23:48'),
(179, 17, 'a48558e929051ad4c202282d44ee6a87b6093973da5f2193352591992bafef66', 'Mozilla/5.0 (Windows NT 10.0; Win64; x64) AppleWebKit/537.36 (KHTML, like Gecko) Code/1.119.0 Chrome/142.0.7444.265 Electron/39.8.8 Safari/537.36', '::1', '2026-06-13 13:24:49', '2026-06-13 06:34:06', NULL),
(180, 17, '934d6bd671d0c9ac826101ae79c74e593d428fedc671a455ddb96b42d425fcfb', 'Mozilla/5.0 (Windows NT 10.0; Win64; x64) AppleWebKit/537.36 (KHTML, like Gecko) Code/1.119.0 Chrome/142.0.7444.265 Electron/39.8.8 Safari/537.36', '::1', '2026-06-14 11:34:23', '2026-06-14 04:34:26', NULL),
(181, 17, '3418c8c3698f836289780e30fe0c1b6ffdd53781a3e07847238d639c620b6306', 'Mozilla/5.0 (Windows NT 10.0; Win64; x64) AppleWebKit/537.36 (KHTML, like Gecko) Code/1.119.0 Chrome/142.0.7444.265 Electron/39.8.8 Safari/537.36', '::1', '2026-06-14 11:34:33', '2026-06-14 04:40:04', NULL),
(182, 17, '6bd0fffab3fed7b87b6a04d8b3f136e8cc1543158cefb7b1c66a00e2c16de8d0', 'Mozilla/5.0 (Windows NT 10.0; Win64; x64) AppleWebKit/537.36 (KHTML, like Gecko) Chrome/149.0.0.0 Safari/537.36', '::1', '2026-06-14 22:10:16', '2026-06-14 16:02:49', NULL),
(183, 17, 'bc3178e2ff0225582e1eb32f4f571dc9fc827ef5cb6466c7d72978b728540a70', 'Mozilla/5.0 (Windows NT 10.0; Win64; x64) AppleWebKit/537.36 (KHTML, like Gecko) Code/1.119.0 Chrome/142.0.7444.265 Electron/39.8.8 Safari/537.36', '::1', '2026-06-14 22:23:34', '2026-06-14 15:28:19', NULL),
(184, 17, 'fc494d70216293c8c84bc401e9096f98ac5fb3a277ff281752220c5582db7103', 'Mozilla/5.0 (Windows NT 10.0; Win64; x64) AppleWebKit/537.36 (KHTML, like Gecko) Code/1.119.0 Chrome/142.0.7444.265 Electron/39.8.8 Safari/537.36', '::1', '2026-06-14 23:11:50', '2026-06-14 16:17:52', NULL),
(185, 17, 'd935b00b54d7407668ab7f5c9e9580635937e32e7421bbfe239084ca26a751af', 'Mozilla/5.0 (Windows NT 10.0; Win64; x64) AppleWebKit/537.36 (KHTML, like Gecko) Chrome/149.0.0.0 Safari/537.36', '::1', '2026-06-22 08:56:33', '2026-06-22 03:52:03', NULL),
(186, 17, '41f7377473eb41a917966ff095653e4f819903c1ccc20c2af9c9f132b18e6be0', 'Mozilla/5.0 (Windows NT 10.0; Win64; x64) AppleWebKit/537.36 (KHTML, like Gecko) Code/1.124.2 Chrome/148.0.7778.97 Electron/42.2.0 Safari/537.36', '::1', '2026-06-22 09:16:34', '2026-06-22 04:33:09', NULL);

-- --------------------------------------------------------

--
-- Cấu trúc bảng cho bảng `taikhoan`
--

CREATE TABLE `taikhoan` (
  `MaTK` int(11) NOT NULL,
  `TenDangNhap` varchar(50) NOT NULL,
  `MatKhau` varchar(255) NOT NULL,
  `MaNV` varchar(10) DEFAULT NULL,
  `MaNVRef` int(11) DEFAULT NULL,
  `TrangThai` enum('Hoạt động','Khóa') DEFAULT 'Hoạt động',
  `BuocDoiMatKhau` tinyint(1) NOT NULL DEFAULT 0,
  `NgayCapMatKhauTam` datetime DEFAULT NULL,
  `NgayTao` datetime DEFAULT current_timestamp()
) ENGINE=InnoDB DEFAULT CHARSET=utf8mb4 COLLATE=utf8mb4_general_ci;

--
-- Đang đổ dữ liệu cho bảng `taikhoan`
--

INSERT INTO `taikhoan` (`MaTK`, `TenDangNhap`, `MatKhau`, `MaNV`, `MaNVRef`, `TrangThai`, `BuocDoiMatKhau`, `NgayCapMatKhauTam`, `NgayTao`) VALUES
(3, 'binh192k5@gmail.com', '$2y$10$rdfUKkvztu.c3Badt1qne.3hIGvx7w9yvwYa0hdn8v1.3iU.UWsb6', 'l001', 1, 'Hoạt động', 1, '2026-05-07 13:31:53', '2026-03-21 22:20:51'),
(12, 'Nguyenvana', '$2y$10$0bWkw9UwxojyJ4vGL1oeH.8mUmid7Tke71HoJ1ilCJlmxzNQjnxyG', '1', 1, 'Hoạt động', 1, '2026-05-07 13:57:21', '2026-04-05 16:04:38'),
(13, 'nb001', '$2y$10$0c8RipjE3sM0lPLHKwuiR.Fm3omGfhMRk1vd.1cZYQbG2nj2Pd1ui', '2', 2, 'Hoạt động', 0, NULL, '2026-04-05 16:10:04'),
(14, 'hn001', '$2y$10$BSmAEpYlHd2Z42cSxmhZbOs.fDZETQk7VeXeTqy3wGsirljbj1SXm', '3', 3, 'Hoạt động', 0, NULL, '2026-04-05 16:11:41'),
(16, 'hha11', '$2y$10$4F/tyIpz9EZ9kLFfrGlW2.jYvzNDguV/j497/ta5yFlDkuYpR0tta', '4', 4, 'Hoạt động', 0, NULL, '2026-04-05 16:27:27'),
(17, 'binhnguyen', '$2y$10$idH3N.1wQ2ByekYegkdLsu/mVCB3fLklZ2GdVp5FRqUH2pCOwjwaW', '23', 23, 'Hoạt động', 0, NULL, '2026-04-06 22:25:30'),
(36, 'nn001', '$2y$10$qqhL.6Oojl1jcUE4BpJUAOgBlUXbCOWXoPE3yiYqhza0MT8vG5jWy', '29', 29, 'Hoạt động', 0, NULL, '2026-05-06 14:41:01'),
(38, 'admin', '$2y$10$vl62Tp1ItKW/FOHhex4ux.0rSxm3nAJ7EpQVUjHJbSujWRfI8cX4m', '15', 15, 'Hoạt động', 0, NULL, '2026-05-07 20:37:36');

-- --------------------------------------------------------

--
-- Cấu trúc bảng cho bảng `taikhoanvaitro`
--

CREATE TABLE `taikhoanvaitro` (
  `MaTK` int(11) NOT NULL,
  `MaVaiTro` int(11) NOT NULL
) ENGINE=InnoDB DEFAULT CHARSET=utf8mb4 COLLATE=utf8mb4_general_ci;

--
-- Đang đổ dữ liệu cho bảng `taikhoanvaitro`
--

INSERT INTO `taikhoanvaitro` (`MaTK`, `MaVaiTro`) VALUES
(3, 1),
(12, 2),
(13, 2),
(14, 3),
(16, 4),
(17, 1);

-- --------------------------------------------------------

--
-- Cấu trúc bảng cho bảng `thamgiadaotao`
--

CREATE TABLE `thamgiadaotao` (
  `MaTGDT` int(11) NOT NULL,
  `MaNV` int(11) NOT NULL,
  `MaKDT` int(11) NOT NULL,
  `KetQua` enum('Đạt','Không đạt','Chưa đánh giá') DEFAULT 'Chưa đánh giá',
  `DiemDanhGia` decimal(4,2) DEFAULT NULL,
  `GhiChu` text DEFAULT NULL
) ENGINE=InnoDB DEFAULT CHARSET=utf8mb4 COLLATE=utf8mb4_general_ci;

--
-- Đang đổ dữ liệu cho bảng `thamgiadaotao`
--

INSERT INTO `thamgiadaotao` (`MaTGDT`, `MaNV`, `MaKDT`, `KetQua`, `DiemDanhGia`, `GhiChu`) VALUES
(4, 37, 50, 'Chưa đánh giá', NULL, NULL),
(5, 10, 50, 'Chưa đánh giá', NULL, NULL);

-- --------------------------------------------------------

--
-- Cấu trúc bảng cho bảng `thongbao_daxem`
--

CREATE TABLE `thongbao_daxem` (
  `MaTK` int(11) NOT NULL,
  `DaXemNghiPhep` int(11) NOT NULL DEFAULT 0,
  `DaXemHopDong` int(11) NOT NULL DEFAULT 0,
  `DaXemUngVien` int(11) NOT NULL DEFAULT 0,
  `UpdatedAt` datetime NOT NULL DEFAULT current_timestamp() ON UPDATE current_timestamp()
) ENGINE=InnoDB DEFAULT CHARSET=utf8mb4 COLLATE=utf8mb4_general_ci;

--
-- Đang đổ dữ liệu cho bảng `thongbao_daxem`
--

INSERT INTO `thongbao_daxem` (`MaTK`, `DaXemNghiPhep`, `DaXemHopDong`, `DaXemUngVien`, `UpdatedAt`) VALUES
(3, 0, 36, 18, '2026-04-03 23:44:07'),
(3, 0, 36, 0, '2026-04-05 21:00:15'),
(17, 0, 36, 0, '2026-04-06 22:32:18'),
(16, 0, 36, 0, '2026-04-07 22:19:33');

-- --------------------------------------------------------

--
-- Cấu trúc bảng cho bảng `ungvien`
--

CREATE TABLE `ungvien` (
  `MaUV` int(11) NOT NULL,
  `HoTen` varchar(100) NOT NULL,
  `NgaySinh` date DEFAULT NULL,
  `GioiTinh` enum('Nam','Nữ') DEFAULT NULL,
  `Email` varchar(100) DEFAULT NULL,
  `DienThoai` varchar(20) DEFAULT NULL,
  `TrinhDo` varchar(100) DEFAULT NULL,
  `KinhNghiem` text DEFAULT NULL,
  `FileCV` varchar(255) DEFAULT NULL,
  `DiemCV` int(11) DEFAULT 0
) ENGINE=InnoDB DEFAULT CHARSET=utf8mb4 COLLATE=utf8mb4_general_ci;

--
-- Đang đổ dữ liệu cho bảng `ungvien`
--

INSERT INTO `ungvien` (`MaUV`, `HoTen`, `NgaySinh`, `GioiTinh`, `Email`, `DienThoai`, `TrinhDo`, `KinhNghiem`, `FileCV`, `DiemCV`) VALUES
(1, 'quốc', '2001-01-01', 'Nam', 'bhukjka@gmail.com', '022178882', 'kĩ sư', '2 năm', '1772852154_Document.pdf', 0),
(2, 'bình nguyễn', '1997-02-01', 'Nam', 'minhanh05@gmail.com', '0988677481', 'kĩ sư', '4 năm', '1772982351_Binh-Nguyen-TopCV.vn-080326.220531.pdf', 7),
(3, 'Nguyễn Hoàng Nam', '1995-05-12', 'Nam', 'nam.nh95@gmail.com', '0912345678', 'Thạc sĩ', '5 năm kinh nghiệm Java', 'cv_nam_nh.pdf', 9),
(4, 'Trần Thị Mai', '1998-03-20', 'Nữ', 'maitran.98@gmail.com', '0987654321', 'Đại học', '3 năm làm Marketing', 'cv_maitran.pdf', 8),
(5, 'Lê Văn Dũng', '2000-11-05', 'Nam', 'dunglv.it@gmail.com', '0334455667', 'Kỹ sư', 'Fresher PHP', 'dung_cv_2024.pdf', 7),
(6, 'Phạm Quỳnh Anh', '1999-08-14', 'Nữ', 'anh.pq@gmail.com', '0944123888', 'Đại học', '2 năm kế toán tổng hợp', 'quynhanh_acc.pdf', 6),
(7, 'Hoàng Minh Tuấn', '1996-01-25', 'Nam', 'tuanhm.dev@gmail.com', '0901223344', 'Kỹ sư', '4 năm lập trình hệ thống', 'tuan_dev_cv.pdf', 8),
(8, 'Đỗ Thùy Linh', '2001-07-10', 'Nữ', 'linh.do@gmail.com', '0977889900', 'Cử nhân', 'Thực tập sinh HR', 'linh_hr_cv.pdf', 7),
(9, 'Ngô Tất Thắng', '1994-12-30', 'Nam', 'thang.ngo@gmail.com', '0355667788', 'Đại học', '7 năm quản lý dự án', 'thang_pm.pdf', 10),
(10, 'Bùi Tuyết Nhung', '1997-04-18', 'Nữ', 'nhungbui.bt@gmail.com', '0866112233', 'Thạc sĩ', '3 năm nghiên cứu thị trường', 'nhung_research.pdf', 8),
(11, 'Vũ Đức Anh', '2002-09-02', 'Nam', 'anhvu.std@gmail.com', '0922334455', 'Đại học', 'Mới tốt nghiệp loại giỏi', 'anhvu_fresh.pdf', 9),
(12, 'Lý Thu Thảo', '1999-02-14', 'Nữ', 'thaoly.99@gmail.com', '0911002233', 'Cao đẳng', '2 năm tư vấn bán hàng', 'thao_sale.pdf', 5),
(13, 'Trịnh Công Sơn', '1993-06-21', 'Nam', 'son.trinh@gmail.com', '0388997766', 'Kỹ sư', '8 năm vận hành nhà máy', 'son_eng_cv.pdf', 9),
(14, 'Phan Minh Hằng', '2000-10-10', 'Nữ', 'hangphan.it@gmail.com', '0944556677', 'Kỹ sư', '1 năm UI/UX Design', 'hang_design.pdf', 8),
(15, 'Đặng Quốc Huy', '1998-05-05', 'Nam', 'huy.dang@gmail.com', '0900112233', 'Đại học', '3 năm lái xe tải', 'huy_driver.pdf', 6),
(16, 'Nguyễn Bảo Ngọc', '2001-12-25', 'Nữ', 'ngocnb.hr@gmail.com', '0977445566', 'Đại học', 'Mới ra trường', 'ngoc_cv.pdf', 7),
(17, 'Trần Thế Vinh', '1996-08-08', 'Nam', 'vinhtran.tech@gmail.com', '0333222111', 'Kỹ sư', '5 năm Embedded Systems', 'vinh_tech.pdf', 9),
(18, 'Lê Thị Kim Oanh', '1995-11-11', 'Nữ', 'oanhle.95@gmail.com', '0988009911', 'Thạc sĩ', '6 năm giảng dạy', 'oanh_edu.pdf', 8),
(19, 'Phạm Minh Khôi', '2003-01-01', 'Nam', 'khoipm@gmail.com', '0911223344', 'Đại học', 'Sinh viên năm cuối thực tập', 'khoi_intern.pdf', 7),
(20, 'Võ Hoàng Yến', '1997-03-15', 'Nữ', 'yenvo.media@gmail.com', '0922883377', 'Đại học', '4 năm biên tập viên', 'yen_media.pdf', 8),
(21, 'Đỗ Xuân Mạnh', '1994-07-20', 'Nam', 'manhdx.log@gmail.com', '0900445566', 'Đại học', '7 năm Logistics', 'manh_logistics.pdf', 10),
(22, 'Nguyễn Hải Yến', '2000-04-30', 'Nữ', 'yen.nguyen@gmail.com', '0366778899', 'Cao đẳng', '2 năm thu ngân', 'yen_cashier.pdf', 6),
(23, 'Trần Văn Bằng', '1992-09-15', 'Nam', 'bangtv@gmail.com', '0988112233', 'Đại học', '10 năm kinh doanh tự do', 'bang_business.pdf', 7),
(24, 'Lê Hồng Hạnh', '1999-06-06', 'Nữ', 'hanhlh.law@gmail.com', '0944998877', 'Đại học', '2 năm pháp chế', 'hanh_law.pdf', 9),
(25, 'Phạm Quốc Cường', '1996-02-28', 'Nam', 'cuongpq@gmail.com', '0911556677', 'Kỹ sư', '5 năm xây dựng', 'cuong_civil.pdf', 8),
(26, 'Hoàng Thanh Thủy', '2001-05-20', 'Nữ', 'thuyht.99@gmail.com', '0977112233', 'Đại học', '1 năm viết nội dung', 'thuy_content.pdf', 7),
(27, 'Đặng Minh Long', '1998-10-12', 'Nam', 'longdm.it@gmail.com', '0333884455', 'Đại học', '3 năm Dev ReactJS', 'long_react.pdf', 8),
(28, 'Bùi Diệu Linh', '1997-01-05', 'Nữ', 'linhbd.acc@gmail.com', '0900778899', 'Đại học', '4 năm kiểm toán', 'linh_audit.pdf', 9),
(29, 'Vũ Gia Bảo', '2002-12-12', 'Nam', 'baovg@gmail.com', '0911001122', 'Kỹ sư', 'Fresher Automation', 'bao_auto.pdf', 8),
(30, 'Nguyễn Phương Thảo', '2000-03-25', 'Nữ', 'thaonp.bank@gmail.com', '0988554433', 'Đại học', '1 năm ngân hàng', 'thao_bank.pdf', 7),
(31, 'Trần Trung Kiên', '1995-02-02', 'Nam', 'kientt.sale@gmail.com', '0366110099', 'Đại học', '6 năm chuyên viên Sale', 'kien_sale.pdf', 8),
(32, 'Lê Thu Trang', '1996-11-20', 'Nữ', 'tranglt.96@gmail.com', '0944002211', 'Thạc sĩ', '5 năm quản lý nhân sự', 'trang_hr_manager.pdf', 10),
(33, 'Phạm Hùng Dũng', '1993-04-12', 'Nam', 'dungph@gmail.com', '0911334455', 'Đại học', '9 năm kỹ thuật điện', 'dung_elec.pdf', 8),
(34, 'Hoàng Ngọc Mai', '2001-08-08', 'Nữ', 'maihn.it@gmail.com', '0977223344', 'Đại học', '1 năm Tester', 'mai_tester.pdf', 7),
(35, 'Đặng Tiến Đạt', '1999-09-09', 'Nam', 'datdt.it@gmail.com', '0333556677', 'Đại học', '2 năm Mobile Dev', 'dat_mobile.pdf', 8),
(36, 'Nguyễn Kim Chi', '1998-07-07', 'Nữ', 'chink.98@gmail.com', '0900998877', 'Đại học', '3 năm lễ tân khách sạn', 'chi_hotel.pdf', 6),
(37, 'Trần Anh Tú', '1994-05-30', 'Nam', 'tuan.dev@gmail.com', '0988665544', 'Kỹ sư', '7 năm chuyên gia AI', 'tu_ai_expert.pdf', 10),
(38, 'Lê Minh Tâm', '2000-01-15', 'Nữ', 'tamlm.design@gmail.com', '0944112200', 'Đại học', '2 năm thiết kế đồ họa', 'tam_graphic.pdf', 9),
(39, 'Phạm Văn Nam', '1997-12-12', 'Nam', 'nampv.acc@gmail.com', '0911887766', 'Đại học', '4 năm kế toán thuế', 'nam_tax.pdf', 8),
(40, 'Hoàng Thùy Dương', '2001-02-28', 'Nữ', 'duonght@gmail.com', '0977001122', 'Cao đẳng', '1 năm chăm sóc khách hàng', 'duong_cskh.pdf', 7),
(41, 'Đỗ Thành Vinh', '1996-03-10', 'Nam', 'vinhdt.it@gmail.com', '0333001122', 'Đại học', '5 năm DBA SQL Server', 'vinh_dba.pdf', 9),
(42, 'Nguyễn Khánh Ly', '1999-11-11', 'Nữ', 'lynk.it@gmail.com', '0900223344', 'Kỹ sư', '2 năm Backend Dev', 'ly_backend.pdf', 8),
(43, 'Trần Huy Hoàng', '1995-09-09', 'Nam', 'hoangth.dev@gmail.com', '0988334455', 'Đại học', '6 năm Frontend Dev', 'hoang_front.pdf', 9),
(44, 'Lê Thị Tuyết', '1992-06-20', 'Nữ', 'tuyetlt@gmail.com', '0944554433', 'Thạc sĩ', '10 năm quản lý tài chính', 'tuyet_finance.pdf', 10),
(45, 'Phạm Quang Minh', '2000-05-05', 'Nam', 'minhpq.it@gmail.com', '0911990011', 'Kỹ sư', '1 năm Network Engineer', 'minh_network.pdf', 8),
(46, 'Hoàng Diệu Anh', '2001-01-20', 'Nữ', 'anhhd.99@gmail.com', '0977443322', 'Đại học', 'Fresher Business Analyst', 'anh_ba.pdf', 9),
(47, 'Đặng Văn Tùng', '1998-04-15', 'Nam', 'tungdv.it@gmail.com', '0333221100', 'Kỹ sư', '3 năm Game Dev', 'tung_game.pdf', 8),
(48, 'Nguyễn Minh Châu', '1997-10-10', 'Nữ', 'chaunm@gmail.com', '0900110022', 'Đại học', '4 năm phiên dịch viên', 'chau_trans.pdf', 8),
(49, 'Trần Văn Khoa', '1994-08-25', 'Nam', 'khoatv.tech@gmail.com', '0988001100', 'Thạc sĩ', '7 năm R&D Engineer', 'khoa_rd.pdf', 9),
(50, 'Lê Thu Hà', '2002-02-02', 'Nữ', 'halt.std@gmail.com', '0944778899', 'Đại học', 'Sinh viên mới tốt nghiệp', 'ha_fresh.pdf', 7),
(51, 'Phạm Đức Toàn', '1996-07-07', 'Nam', 'toanpd@gmail.com', '0911221133', 'Đại học', '5 năm quản lý kho', 'toan_wh.pdf', 8),
(52, 'Nguyễn Thị Lan', '1999-03-03', 'Nữ', 'lannt.acc@gmail.com', '0977556677', 'Đại học', '2 năm kiểm soát nội bộ', 'lan_control.pdf', 8);

-- --------------------------------------------------------

--
-- Cấu trúc bảng cho bảng `users`
--

CREATE TABLE `users` (
  `id` bigint(20) UNSIGNED NOT NULL,
  `name` varchar(255) NOT NULL,
  `email` varchar(255) NOT NULL,
  `email_verified_at` timestamp NULL DEFAULT NULL,
  `password` varchar(255) NOT NULL,
  `remember_token` varchar(100) DEFAULT NULL,
  `created_at` timestamp NULL DEFAULT NULL,
  `updated_at` timestamp NULL DEFAULT NULL
) ENGINE=InnoDB DEFAULT CHARSET=utf8mb4 COLLATE=utf8mb4_unicode_ci;

-- --------------------------------------------------------

--
-- Cấu trúc bảng cho bảng `vaitro`
--

CREATE TABLE `vaitro` (
  `MaVaiTro` int(11) NOT NULL,
  `TenVaiTro` varchar(100) NOT NULL,
  `MoTa` text DEFAULT NULL
) ENGINE=InnoDB DEFAULT CHARSET=utf8mb4 COLLATE=utf8mb4_general_ci;

--
-- Đang đổ dữ liệu cho bảng `vaitro`
--

INSERT INTO `vaitro` (`MaVaiTro`, `TenVaiTro`, `MoTa`) VALUES
(1, 'Admin', NULL),
(2, 'HR', NULL),
(3, 'KeToan', NULL),
(4, 'NhanVien', NULL),
(5, 'QuanLy', NULL);

-- --------------------------------------------------------

--
-- Cấu trúc đóng vai cho view `v_tonghopcong`
-- (See below for the actual view)
--
CREATE TABLE `v_tonghopcong` (
`MaNV` int(11)
,`HoTen` varchar(100)
,`MaPB` int(11)
,`TenPB` varchar(100)
,`Thang` int(2)
,`Nam` int(4)
,`SoNgayCong` decimal(22,0)
,`SoNgayNghiPhep` decimal(22,0)
,`TongGioLam` decimal(45,2)
,`GioOT` decimal(46,2)
);

-- --------------------------------------------------------

--
-- Cấu trúc cho view `v_tonghopcong`
--
DROP TABLE IF EXISTS `v_tonghopcong`;

CREATE ALGORITHM=UNDEFINED DEFINER=`root`@`localhost` SQL SECURITY DEFINER VIEW `v_tonghopcong`  AS SELECT `nv`.`MaNV` AS `MaNV`, `nv`.`HoTen` AS `HoTen`, `pb`.`MaPB` AS `MaPB`, `pb`.`TenPB` AS `TenPB`, month(`cc`.`Ngay`) AS `Thang`, year(`cc`.`Ngay`) AS `Nam`, sum(case when `cc`.`TrangThai` = 'Di lam' then 1 else 0 end) AS `SoNgayCong`, sum(case when `cc`.`TrangThai` in ('Nghi phep','P') then 1 else 0 end) AS `SoNgayNghiPhep`, round(sum(case when `cc`.`TrangThai` = 'Di lam' and `cc`.`GioVao` is not null and `cc`.`GioRa` is not null then timestampdiff(MINUTE,`cc`.`GioVao`,`cc`.`GioRa`) / 60 else 0 end),2) AS `TongGioLam`, round(sum(case when `cc`.`TrangThai` = 'Di lam' and `cc`.`GioVao` is not null and `cc`.`GioRa` is not null then greatest(timestampdiff(MINUTE,`cc`.`GioVao`,`cc`.`GioRa`) / 60 - 8,0) else 0 end),2) AS `GioOT` FROM (((`chamcong` `cc` join `nhanvien` `nv` on(`nv`.`MaNV` = `cc`.`MaNV`)) join `phancong` `pc` on(`pc`.`MaNV` = `nv`.`MaNV` and `cc`.`Ngay` >= `pc`.`NgayBatDau` and (`pc`.`NgayKetThuc` is null or `cc`.`Ngay` <= `pc`.`NgayKetThuc`))) join `phongban` `pb` on(`pb`.`MaPB` = `pc`.`MaPB`)) GROUP BY `nv`.`MaNV`, `pb`.`MaPB`, month(`cc`.`Ngay`), year(`cc`.`Ngay`) ;

--
-- Chỉ mục cho các bảng đã đổ
--

--
-- Chỉ mục cho bảng `bacluong`
--
ALTER TABLE `bacluong`
  ADD PRIMARY KEY (`MaBac`),
  ADD KEY `MaNgach` (`MaNgach`);

--
-- Chỉ mục cho bảng `bangluong`
--
ALTER TABLE `bangluong`
  ADD PRIMARY KEY (`MaBL`),
  ADD UNIQUE KEY `MaNV` (`MaNV`,`Thang`,`Nam`),
  ADD UNIQUE KEY `uniq_luong` (`MaNV`,`Thang`,`Nam`),
  ADD UNIQUE KEY `unique_luong` (`MaNV`,`Thang`,`Nam`),
  ADD KEY `idx_bangluong_manv_thang_nam` (`MaNV`,`Thang`,`Nam`),
  ADD KEY `idx_bangluong_thang_nam` (`Thang`,`Nam`);

--
-- Chỉ mục cho bảng `baocao`
--
ALTER TABLE `baocao`
  ADD PRIMARY KEY (`MaBC`),
  ADD KEY `idx_baocao_thoidiemtao` (`ThoiDiemTao`);

--
-- Chỉ mục cho bảng `baohiem`
--
ALTER TABLE `baohiem`
  ADD PRIMARY KEY (`MaBH`),
  ADD UNIQUE KEY `SoBHXH` (`SoBHXH`),
  ADD KEY `idx_baohiem_manv_ngaythamgia` (`MaNV`,`NgayThamGia`);

--
-- Chỉ mục cho bảng `cauhinh_chamcong`
--
ALTER TABLE `cauhinh_chamcong`
  ADD PRIMARY KEY (`ID`);

--
-- Chỉ mục cho bảng `chamcong`
--
ALTER TABLE `chamcong`
  ADD PRIMARY KEY (`MaCC`),
  ADD UNIQUE KEY `MaNV` (`MaNV`,`Ngay`),
  ADD UNIQUE KEY `unique_nv_ngay` (`MaNV`,`Ngay`),
  ADD UNIQUE KEY `uniq_nv_ngay` (`MaNV`,`Ngay`),
  ADD KEY `idx_chamcong_manv_ngay` (`MaNV`,`Ngay`),
  ADD KEY `idx_chamcong_trangthai` (`TrangThai`);

--
-- Chỉ mục cho bảng `chatbot_action_drafts`
--
ALTER TABLE `chatbot_action_drafts`
  ADD PRIMARY KEY (`id`),
  ADD UNIQUE KEY `token` (`token`),
  ADD KEY `fk_chatbot_action_drafts_session` (`session_id`),
  ADD KEY `idx_chatbot_action_drafts_status` (`status_name`),
  ADD KEY `idx_chatbot_action_drafts_created_by` (`created_by`);

--
-- Chỉ mục cho bảng `chatbot_messages`
--
ALTER TABLE `chatbot_messages`
  ADD PRIMARY KEY (`id`),
  ADD KEY `fk_chatbot_messages_session` (`session_id`),
  ADD KEY `idx_chatbot_messages_created_at` (`created_at`),
  ADD KEY `idx_chatbot_messages_role` (`role_name`),
  ADD KEY `idx_chatbot_messages_action_token` (`action_draft_token`),
  ADD KEY `idx_chatbot_messages_created` (`created_at`);

--
-- Chỉ mục cho bảng `chatbot_sessions`
--
ALTER TABLE `chatbot_sessions`
  ADD PRIMARY KEY (`id`),
  ADD UNIQUE KEY `session_key` (`session_key`),
  ADD KEY `idx_chatbot_sessions_matk` (`ma_tk`),
  ADD KEY `idx_chatbot_sessions_last_interaction` (`last_interaction_at`);

--
-- Chỉ mục cho bảng `chucnang`
--
ALTER TABLE `chucnang`
  ADD PRIMARY KEY (`MaCN`);

--
-- Chỉ mục cho bảng `chucvu`
--
ALTER TABLE `chucvu`
  ADD PRIMARY KEY (`MaCV`);

--
-- Chỉ mục cho bảng `danhgiaphongvan`
--
ALTER TABLE `danhgiaphongvan`
  ADD PRIMARY KEY (`MaDG`),
  ADD KEY `MaHS` (`MaHS`);

--
-- Chỉ mục cho bảng `dottuyendung`
--
ALTER TABLE `dottuyendung`
  ADD PRIMARY KEY (`MaDTD`),
  ADD KEY `idx_dottuyendung_trangthai_tungay` (`TrangThai`,`TuNgay`);

--
-- Chỉ mục cho bảng `failed_jobs`
--
ALTER TABLE `failed_jobs`
  ADD PRIMARY KEY (`id`),
  ADD UNIQUE KEY `failed_jobs_uuid_unique` (`uuid`);

--
-- Chỉ mục cho bảng `hopdong`
--
ALTER TABLE `hopdong`
  ADD PRIMARY KEY (`MaHopDong`),
  ADD UNIQUE KEY `SoHopDong` (`SoHopDong`),
  ADD KEY `MaBac` (`MaBac`),
  ADD KEY `idx_hopdong_manv_ngaybd` (`MaNV`,`NgayBatDau`),
  ADD KEY `idx_hopdong_trangthai_ngaykt` (`TrangThai`,`NgayKetThuc`);

--
-- Chỉ mục cho bảng `hosonhanvien`
--
ALTER TABLE `hosonhanvien`
  ADD PRIMARY KEY (`MaHoSo`),
  ADD UNIQUE KEY `MaNV` (`MaNV`),
  ADD KEY `MaPB` (`MaPB`),
  ADD KEY `MaCV` (`MaCV`),
  ADD KEY `idx_hosonhanvien_manv` (`MaNV`);

--
-- Chỉ mục cho bảng `hosoungtuyen`
--
ALTER TABLE `hosoungtuyen`
  ADD PRIMARY KEY (`MaHS`),
  ADD UNIQUE KEY `MaUV` (`MaUV`,`MaDTD`),
  ADD KEY `idx_hosoungtuyen_madtd_mauv` (`MaDTD`,`MaUV`);

--
-- Chỉ mục cho bảng `hoso_update_requests`
--
ALTER TABLE `hoso_update_requests`
  ADD PRIMARY KEY (`id`),
  ADD KEY `idx_hoso_update_requests_status` (`status_name`),
  ADD KEY `idx_hoso_update_requests_manv` (`MaNV`),
  ADD KEY `idx_hoso_update_requests_requested_by` (`requested_by`);

--
-- Chỉ mục cho bảng `jobs`
--
ALTER TABLE `jobs`
  ADD PRIMARY KEY (`id`),
  ADD KEY `jobs_queue_index` (`queue`);

--
-- Chỉ mục cho bảng `job_batches`
--
ALTER TABLE `job_batches`
  ADD PRIMARY KEY (`id`);

--
-- Chỉ mục cho bảng `khenthuongkyluat`
--
ALTER TABLE `khenthuongkyluat`
  ADD PRIMARY KEY (`MaKTKL`),
  ADD KEY `MaNV` (`MaNV`),
  ADD KEY `MaLoai` (`MaLoai`);

--
-- Chỉ mục cho bảng `khoadaotao`
--
ALTER TABLE `khoadaotao`
  ADD PRIMARY KEY (`MaKDT`),
  ADD KEY `idx_khoadaotao_trangthai_tungay` (`TrangThai`,`TuNgay`);

--
-- Chỉ mục cho bảng `leave_balances`
--
ALTER TABLE `leave_balances`
  ADD PRIMARY KEY (`id`),
  ADD UNIQUE KEY `uq_leave_balances_employee_year` (`MaNV`,`Nam`),
  ADD KEY `idx_leave_balances_year_employee` (`Nam`,`MaNV`);

--
-- Chỉ mục cho bảng `leave_request_approval_actions`
--
ALTER TABLE `leave_request_approval_actions`
  ADD PRIMARY KEY (`id`),
  ADD UNIQUE KEY `uq_leave_approval_actor_action` (`MaNP`,`MaTK`,`ActionName`),
  ADD KEY `idx_leave_approval_mapn_action` (`MaNP`,`ActionName`),
  ADD KEY `idx_leave_approval_mapn_created` (`MaNP`,`created_at`);

--
-- Chỉ mục cho bảng `lichphongvan`
--
ALTER TABLE `lichphongvan`
  ADD PRIMARY KEY (`MaPV`),
  ADD KEY `MaHS` (`MaHS`);

--
-- Chỉ mục cho bảng `lichsu_luong`
--
ALTER TABLE `lichsu_luong`
  ADD PRIMARY KEY (`MaLichSu`),
  ADD KEY `MaHopDong` (`MaHopDong`);

--
-- Chỉ mục cho bảng `lichsu_luong_hopdong`
--
ALTER TABLE `lichsu_luong_hopdong`
  ADD PRIMARY KEY (`MaLS`),
  ADD KEY `MaHopDong` (`MaHopDong`);

--
-- Chỉ mục cho bảng `loaikhenthuongkyluat`
--
ALTER TABLE `loaikhenthuongkyluat`
  ADD PRIMARY KEY (`MaLoai`);

--
-- Chỉ mục cho bảng `migrations`
--
ALTER TABLE `migrations`
  ADD PRIMARY KEY (`id`);

--
-- Chỉ mục cho bảng `ngachluong`
--
ALTER TABLE `ngachluong`
  ADD PRIMARY KEY (`MaNgach`);

--
-- Chỉ mục cho bảng `nghiphep`
--
ALTER TABLE `nghiphep`
  ADD PRIMARY KEY (`MaNP`),
  ADD KEY `idx_nghiphep_manv_tungay` (`MaNV`,`TuNgay`),
  ADD KEY `idx_nghiphep_trangthai_dengay` (`TrangThai`,`DenNgay`);

--
-- Chỉ mục cho bảng `nhanvien`
--
ALTER TABLE `nhanvien`
  ADD PRIMARY KEY (`MaNV`),
  ADD KEY `idx_nhanvien_trangthai_manv` (`TrangThai`,`MaNV`);

--
-- Chỉ mục cho bảng `password_resets`
--
ALTER TABLE `password_resets`
  ADD KEY `password_resets_email_index` (`email`);

--
-- Chỉ mục cho bảng `password_reset_tokens`
--
ALTER TABLE `password_reset_tokens`
  ADD PRIMARY KEY (`id`),
  ADD KEY `idx_matk` (`MaTK`),
  ADD KEY `idx_expires` (`expires_at`);

--
-- Chỉ mục cho bảng `personal_access_tokens`
--
ALTER TABLE `personal_access_tokens`
  ADD PRIMARY KEY (`id`),
  ADD UNIQUE KEY `personal_access_tokens_token_unique` (`token`),
  ADD KEY `personal_access_tokens_tokenable_type_tokenable_id_index` (`tokenable_type`,`tokenable_id`);

--
-- Chỉ mục cho bảng `phancong`
--
ALTER TABLE `phancong`
  ADD PRIMARY KEY (`MaQT`),
  ADD KEY `fk_pc_cv` (`MaCV`),
  ADD KEY `idx_phancong_manv_ngaybd` (`MaNV`,`NgayBatDau`),
  ADD KEY `idx_phancong_mapb_macv` (`MaPB`,`MaCV`);

--
-- Chỉ mục cho bảng `phanquyen`
--
ALTER TABLE `phanquyen`
  ADD PRIMARY KEY (`MaVaiTro`,`MaCN`),
  ADD KEY `MaCN` (`MaCN`);

--
-- Chỉ mục cho bảng `phongban`
--
ALTER TABLE `phongban`
  ADD PRIMARY KEY (`MaPB`);

--
-- Chỉ mục cho bảng `schema_migrations`
--
ALTER TABLE `schema_migrations`
  ADD PRIMARY KEY (`id`),
  ADD UNIQUE KEY `filename` (`filename`);

--
-- Chỉ mục cho bảng `session_audit`
--
ALTER TABLE `session_audit`
  ADD PRIMARY KEY (`id`),
  ADD UNIQUE KEY `uniq_user_marker` (`MaTK`,`session_marker`),
  ADD KEY `idx_user_activity` (`MaTK`,`last_activity`),
  ADD KEY `idx_revoked` (`revoked_at`),
  ADD KEY `idx_session_audit_matk_created` (`MaTK`,`created_at`),
  ADD KEY `idx_session_audit_last_activity` (`last_activity`),
  ADD KEY `idx_session_audit_marker` (`session_marker`);

--
-- Chỉ mục cho bảng `taikhoan`
--
ALTER TABLE `taikhoan`
  ADD PRIMARY KEY (`MaTK`),
  ADD UNIQUE KEY `TenDangNhap` (`TenDangNhap`),
  ADD UNIQUE KEY `MaNV` (`MaNV`);

--
-- Chỉ mục cho bảng `taikhoanvaitro`
--
ALTER TABLE `taikhoanvaitro`
  ADD PRIMARY KEY (`MaTK`,`MaVaiTro`),
  ADD KEY `MaVaiTro` (`MaVaiTro`);

--
-- Chỉ mục cho bảng `thamgiadaotao`
--
ALTER TABLE `thamgiadaotao`
  ADD PRIMARY KEY (`MaTGDT`),
  ADD UNIQUE KEY `MaNV` (`MaNV`,`MaKDT`),
  ADD KEY `idx_thamgiadaotao_makdt_manv` (`MaKDT`,`MaNV`);

--
-- Chỉ mục cho bảng `ungvien`
--
ALTER TABLE `ungvien`
  ADD PRIMARY KEY (`MaUV`);

--
-- Chỉ mục cho bảng `users`
--
ALTER TABLE `users`
  ADD PRIMARY KEY (`id`),
  ADD UNIQUE KEY `users_email_unique` (`email`);

--
-- Chỉ mục cho bảng `vaitro`
--
ALTER TABLE `vaitro`
  ADD PRIMARY KEY (`MaVaiTro`),
  ADD UNIQUE KEY `TenVaiTro` (`TenVaiTro`);

--
-- AUTO_INCREMENT cho các bảng đã đổ
--

--
-- AUTO_INCREMENT cho bảng `bacluong`
--
ALTER TABLE `bacluong`
  MODIFY `MaBac` int(11) NOT NULL AUTO_INCREMENT, AUTO_INCREMENT=27;

--
-- AUTO_INCREMENT cho bảng `bangluong`
--
ALTER TABLE `bangluong`
  MODIFY `MaBL` int(11) NOT NULL AUTO_INCREMENT, AUTO_INCREMENT=295;

--
-- AUTO_INCREMENT cho bảng `baocao`
--
ALTER TABLE `baocao`
  MODIFY `MaBC` int(11) NOT NULL AUTO_INCREMENT, AUTO_INCREMENT=2;

--
-- AUTO_INCREMENT cho bảng `baohiem`
--
ALTER TABLE `baohiem`
  MODIFY `MaBH` int(11) NOT NULL AUTO_INCREMENT, AUTO_INCREMENT=62;

--
-- AUTO_INCREMENT cho bảng `cauhinh_chamcong`
--
ALTER TABLE `cauhinh_chamcong`
  MODIFY `ID` int(11) NOT NULL AUTO_INCREMENT, AUTO_INCREMENT=3;

--
-- AUTO_INCREMENT cho bảng `chamcong`
--
ALTER TABLE `chamcong`
  MODIFY `MaCC` int(11) NOT NULL AUTO_INCREMENT, AUTO_INCREMENT=2191;

--
-- AUTO_INCREMENT cho bảng `chatbot_action_drafts`
--
ALTER TABLE `chatbot_action_drafts`
  MODIFY `id` int(11) NOT NULL AUTO_INCREMENT, AUTO_INCREMENT=7;

--
-- AUTO_INCREMENT cho bảng `chatbot_messages`
--
ALTER TABLE `chatbot_messages`
  MODIFY `id` int(11) NOT NULL AUTO_INCREMENT, AUTO_INCREMENT=141;

--
-- AUTO_INCREMENT cho bảng `chatbot_sessions`
--
ALTER TABLE `chatbot_sessions`
  MODIFY `id` int(11) NOT NULL AUTO_INCREMENT, AUTO_INCREMENT=16;

--
-- AUTO_INCREMENT cho bảng `chucnang`
--
ALTER TABLE `chucnang`
  MODIFY `MaCN` int(11) NOT NULL AUTO_INCREMENT, AUTO_INCREMENT=148;

--
-- AUTO_INCREMENT cho bảng `chucvu`
--
ALTER TABLE `chucvu`
  MODIFY `MaCV` int(11) NOT NULL AUTO_INCREMENT, AUTO_INCREMENT=11;

--
-- AUTO_INCREMENT cho bảng `danhgiaphongvan`
--
ALTER TABLE `danhgiaphongvan`
  MODIFY `MaDG` int(11) NOT NULL AUTO_INCREMENT;

--
-- AUTO_INCREMENT cho bảng `dottuyendung`
--
ALTER TABLE `dottuyendung`
  MODIFY `MaDTD` int(11) NOT NULL AUTO_INCREMENT, AUTO_INCREMENT=53;

--
-- AUTO_INCREMENT cho bảng `failed_jobs`
--
ALTER TABLE `failed_jobs`
  MODIFY `id` bigint(20) UNSIGNED NOT NULL AUTO_INCREMENT;

--
-- AUTO_INCREMENT cho bảng `hopdong`
--
ALTER TABLE `hopdong`
  MODIFY `MaHopDong` int(11) NOT NULL AUTO_INCREMENT, AUTO_INCREMENT=179;

--
-- AUTO_INCREMENT cho bảng `hosonhanvien`
--
ALTER TABLE `hosonhanvien`
  MODIFY `MaHoSo` int(11) NOT NULL AUTO_INCREMENT, AUTO_INCREMENT=115;

--
-- AUTO_INCREMENT cho bảng `hosoungtuyen`
--
ALTER TABLE `hosoungtuyen`
  MODIFY `MaHS` int(11) NOT NULL AUTO_INCREMENT, AUTO_INCREMENT=203;

--
-- AUTO_INCREMENT cho bảng `hoso_update_requests`
--
ALTER TABLE `hoso_update_requests`
  MODIFY `id` int(11) NOT NULL AUTO_INCREMENT;

--
-- AUTO_INCREMENT cho bảng `jobs`
--
ALTER TABLE `jobs`
  MODIFY `id` bigint(20) UNSIGNED NOT NULL AUTO_INCREMENT, AUTO_INCREMENT=11;

--
-- AUTO_INCREMENT cho bảng `khenthuongkyluat`
--
ALTER TABLE `khenthuongkyluat`
  MODIFY `MaKTKL` int(11) NOT NULL AUTO_INCREMENT, AUTO_INCREMENT=57;

--
-- AUTO_INCREMENT cho bảng `khoadaotao`
--
ALTER TABLE `khoadaotao`
  MODIFY `MaKDT` int(11) NOT NULL AUTO_INCREMENT, AUTO_INCREMENT=52;

--
-- AUTO_INCREMENT cho bảng `leave_balances`
--
ALTER TABLE `leave_balances`
  MODIFY `id` bigint(20) UNSIGNED NOT NULL AUTO_INCREMENT, AUTO_INCREMENT=58;

--
-- AUTO_INCREMENT cho bảng `leave_request_approval_actions`
--
ALTER TABLE `leave_request_approval_actions`
  MODIFY `id` bigint(20) UNSIGNED NOT NULL AUTO_INCREMENT;

--
-- AUTO_INCREMENT cho bảng `lichphongvan`
--
ALTER TABLE `lichphongvan`
  MODIFY `MaPV` int(11) NOT NULL AUTO_INCREMENT, AUTO_INCREMENT=3;

--
-- AUTO_INCREMENT cho bảng `lichsu_luong`
--
ALTER TABLE `lichsu_luong`
  MODIFY `MaLichSu` int(11) NOT NULL AUTO_INCREMENT, AUTO_INCREMENT=13;

--
-- AUTO_INCREMENT cho bảng `lichsu_luong_hopdong`
--
ALTER TABLE `lichsu_luong_hopdong`
  MODIFY `MaLS` int(11) NOT NULL AUTO_INCREMENT;

--
-- AUTO_INCREMENT cho bảng `loaikhenthuongkyluat`
--
ALTER TABLE `loaikhenthuongkyluat`
  MODIFY `MaLoai` int(11) NOT NULL AUTO_INCREMENT, AUTO_INCREMENT=11;

--
-- AUTO_INCREMENT cho bảng `migrations`
--
ALTER TABLE `migrations`
  MODIFY `id` int(10) UNSIGNED NOT NULL AUTO_INCREMENT, AUTO_INCREMENT=10;

--
-- AUTO_INCREMENT cho bảng `ngachluong`
--
ALTER TABLE `ngachluong`
  MODIFY `MaNgach` int(11) NOT NULL AUTO_INCREMENT, AUTO_INCREMENT=8;

--
-- AUTO_INCREMENT cho bảng `nghiphep`
--
ALTER TABLE `nghiphep`
  MODIFY `MaNP` int(11) NOT NULL AUTO_INCREMENT, AUTO_INCREMENT=15;

--
-- AUTO_INCREMENT cho bảng `nhanvien`
--
ALTER TABLE `nhanvien`
  MODIFY `MaNV` int(11) NOT NULL AUTO_INCREMENT, AUTO_INCREMENT=980035;

--
-- AUTO_INCREMENT cho bảng `password_reset_tokens`
--
ALTER TABLE `password_reset_tokens`
  MODIFY `id` int(11) NOT NULL AUTO_INCREMENT, AUTO_INCREMENT=6;

--
-- AUTO_INCREMENT cho bảng `personal_access_tokens`
--
ALTER TABLE `personal_access_tokens`
  MODIFY `id` bigint(20) UNSIGNED NOT NULL AUTO_INCREMENT;

--
-- AUTO_INCREMENT cho bảng `phancong`
--
ALTER TABLE `phancong`
  MODIFY `MaQT` int(11) NOT NULL AUTO_INCREMENT, AUTO_INCREMENT=60;

--
-- AUTO_INCREMENT cho bảng `phongban`
--
ALTER TABLE `phongban`
  MODIFY `MaPB` int(11) NOT NULL AUTO_INCREMENT, AUTO_INCREMENT=8;

--
-- AUTO_INCREMENT cho bảng `schema_migrations`
--
ALTER TABLE `schema_migrations`
  MODIFY `id` int(11) NOT NULL AUTO_INCREMENT, AUTO_INCREMENT=5;

--
-- AUTO_INCREMENT cho bảng `session_audit`
--
ALTER TABLE `session_audit`
  MODIFY `id` int(11) NOT NULL AUTO_INCREMENT, AUTO_INCREMENT=187;

--
-- AUTO_INCREMENT cho bảng `taikhoan`
--
ALTER TABLE `taikhoan`
  MODIFY `MaTK` int(11) NOT NULL AUTO_INCREMENT, AUTO_INCREMENT=39;

--
-- AUTO_INCREMENT cho bảng `thamgiadaotao`
--
ALTER TABLE `thamgiadaotao`
  MODIFY `MaTGDT` int(11) NOT NULL AUTO_INCREMENT, AUTO_INCREMENT=6;

--
-- AUTO_INCREMENT cho bảng `ungvien`
--
ALTER TABLE `ungvien`
  MODIFY `MaUV` int(11) NOT NULL AUTO_INCREMENT, AUTO_INCREMENT=53;

--
-- AUTO_INCREMENT cho bảng `users`
--
ALTER TABLE `users`
  MODIFY `id` bigint(20) UNSIGNED NOT NULL AUTO_INCREMENT;

--
-- AUTO_INCREMENT cho bảng `vaitro`
--
ALTER TABLE `vaitro`
  MODIFY `MaVaiTro` int(11) NOT NULL AUTO_INCREMENT, AUTO_INCREMENT=6;

--
-- Các ràng buộc cho các bảng đã đổ
--

--
-- Các ràng buộc cho bảng `bacluong`
--
ALTER TABLE `bacluong`
  ADD CONSTRAINT `bacluong_ibfk_1` FOREIGN KEY (`MaNgach`) REFERENCES `ngachluong` (`MaNgach`);

--
-- Các ràng buộc cho bảng `bangluong`
--
ALTER TABLE `bangluong`
  ADD CONSTRAINT `bangluong_ibfk_1` FOREIGN KEY (`MaNV`) REFERENCES `nhanvien` (`MaNV`);

--
-- Các ràng buộc cho bảng `baohiem`
--
ALTER TABLE `baohiem`
  ADD CONSTRAINT `baohiem_ibfk_1` FOREIGN KEY (`MaNV`) REFERENCES `nhanvien` (`MaNV`) ON DELETE CASCADE ON UPDATE CASCADE;

--
-- Các ràng buộc cho bảng `chamcong`
--
ALTER TABLE `chamcong`
  ADD CONSTRAINT `chamcong_ibfk_1` FOREIGN KEY (`MaNV`) REFERENCES `nhanvien` (`MaNV`);

--
-- Các ràng buộc cho bảng `chatbot_action_drafts`
--
ALTER TABLE `chatbot_action_drafts`
  ADD CONSTRAINT `fk_chatbot_action_drafts_session` FOREIGN KEY (`session_id`) REFERENCES `chatbot_sessions` (`id`) ON DELETE CASCADE;

--
-- Các ràng buộc cho bảng `chatbot_messages`
--
ALTER TABLE `chatbot_messages`
  ADD CONSTRAINT `fk_chatbot_messages_session` FOREIGN KEY (`session_id`) REFERENCES `chatbot_sessions` (`id`) ON DELETE CASCADE;

--
-- Các ràng buộc cho bảng `danhgiaphongvan`
--
ALTER TABLE `danhgiaphongvan`
  ADD CONSTRAINT `danhgiaphongvan_ibfk_1` FOREIGN KEY (`MaHS`) REFERENCES `hosoungtuyen` (`MaHS`);

--
-- Các ràng buộc cho bảng `hopdong`
--
ALTER TABLE `hopdong`
  ADD CONSTRAINT `hopdong_ibfk_1` FOREIGN KEY (`MaNV`) REFERENCES `nhanvien` (`MaNV`),
  ADD CONSTRAINT `hopdong_ibfk_2` FOREIGN KEY (`MaBac`) REFERENCES `bacluong` (`MaBac`);

--
-- Các ràng buộc cho bảng `hosonhanvien`
--
ALTER TABLE `hosonhanvien`
  ADD CONSTRAINT `hosonhanvien_ibfk_1` FOREIGN KEY (`MaNV`) REFERENCES `nhanvien` (`MaNV`),
  ADD CONSTRAINT `hosonhanvien_ibfk_2` FOREIGN KEY (`MaPB`) REFERENCES `phongban` (`MaPB`),
  ADD CONSTRAINT `hosonhanvien_ibfk_3` FOREIGN KEY (`MaCV`) REFERENCES `chucvu` (`MaCV`);

--
-- Các ràng buộc cho bảng `hosoungtuyen`
--
ALTER TABLE `hosoungtuyen`
  ADD CONSTRAINT `hosoungtuyen_ibfk_1` FOREIGN KEY (`MaUV`) REFERENCES `ungvien` (`MaUV`),
  ADD CONSTRAINT `hosoungtuyen_ibfk_2` FOREIGN KEY (`MaDTD`) REFERENCES `dottuyendung` (`MaDTD`);

--
-- Các ràng buộc cho bảng `khenthuongkyluat`
--
ALTER TABLE `khenthuongkyluat`
  ADD CONSTRAINT `khenthuongkyluat_ibfk_1` FOREIGN KEY (`MaNV`) REFERENCES `nhanvien` (`MaNV`),
  ADD CONSTRAINT `khenthuongkyluat_ibfk_2` FOREIGN KEY (`MaLoai`) REFERENCES `loaikhenthuongkyluat` (`MaLoai`);

--
-- Các ràng buộc cho bảng `lichphongvan`
--
ALTER TABLE `lichphongvan`
  ADD CONSTRAINT `lichphongvan_ibfk_1` FOREIGN KEY (`MaHS`) REFERENCES `hosoungtuyen` (`MaHS`);

--
-- Các ràng buộc cho bảng `lichsu_luong`
--
ALTER TABLE `lichsu_luong`
  ADD CONSTRAINT `lichsu_luong_ibfk_1` FOREIGN KEY (`MaHopDong`) REFERENCES `hopdong` (`MaHopDong`) ON DELETE CASCADE;

--
-- Các ràng buộc cho bảng `lichsu_luong_hopdong`
--
ALTER TABLE `lichsu_luong_hopdong`
  ADD CONSTRAINT `lichsu_luong_hopdong_ibfk_1` FOREIGN KEY (`MaHopDong`) REFERENCES `hopdong` (`MaHopDong`);

--
-- Các ràng buộc cho bảng `nghiphep`
--
ALTER TABLE `nghiphep`
  ADD CONSTRAINT `nghiphep_ibfk_1` FOREIGN KEY (`MaNV`) REFERENCES `nhanvien` (`MaNV`);

--
-- Các ràng buộc cho bảng `phancong`
--
ALTER TABLE `phancong`
  ADD CONSTRAINT `fk_pc_cv` FOREIGN KEY (`MaCV`) REFERENCES `chucvu` (`MaCV`),
  ADD CONSTRAINT `fk_pc_nv` FOREIGN KEY (`MaNV`) REFERENCES `nhanvien` (`MaNV`),
  ADD CONSTRAINT `fk_pc_pb` FOREIGN KEY (`MaPB`) REFERENCES `phongban` (`MaPB`);

--
-- Các ràng buộc cho bảng `phanquyen`
--
ALTER TABLE `phanquyen`
  ADD CONSTRAINT `phanquyen_ibfk_1` FOREIGN KEY (`MaVaiTro`) REFERENCES `vaitro` (`MaVaiTro`),
  ADD CONSTRAINT `phanquyen_ibfk_2` FOREIGN KEY (`MaCN`) REFERENCES `chucnang` (`MaCN`);

--
-- Các ràng buộc cho bảng `taikhoanvaitro`
--
ALTER TABLE `taikhoanvaitro`
  ADD CONSTRAINT `taikhoanvaitro_ibfk_1` FOREIGN KEY (`MaTK`) REFERENCES `taikhoan` (`MaTK`),
  ADD CONSTRAINT `taikhoanvaitro_ibfk_2` FOREIGN KEY (`MaVaiTro`) REFERENCES `vaitro` (`MaVaiTro`);

--
-- Các ràng buộc cho bảng `thamgiadaotao`
--
ALTER TABLE `thamgiadaotao`
  ADD CONSTRAINT `thamgiadaotao_ibfk_1` FOREIGN KEY (`MaNV`) REFERENCES `nhanvien` (`MaNV`),
  ADD CONSTRAINT `thamgiadaotao_ibfk_2` FOREIGN KEY (`MaKDT`) REFERENCES `khoadaotao` (`MaKDT`);
COMMIT;

/*!40101 SET CHARACTER_SET_CLIENT=@OLD_CHARACTER_SET_CLIENT */;
/*!40101 SET CHARACTER_SET_RESULTS=@OLD_CHARACTER_SET_RESULTS */;
/*!40101 SET COLLATION_CONNECTION=@OLD_COLLATION_CONNECTION */;
